date,open,high,low,close,volume,hold,settle,contract,variety
2024-05-20,1777.5,1815.0,1769.0,1810.0,17,11,1796.5,JM2505,JM
2024-05-21,1811.5,1811.5,1790.0,1790.0,5,15,1796.5,JM2505,JM
2024-05-22,1825.5,1863.5,1821.0,1847.0,21,18,1841.5,JM2505,JM
2024-05-23,1873.5,1878.0,1835.5,1853.5,13,22,1860.0,JM2505,JM
2024-05-24,1878.0,1878.0,1846.5,1867.0,30,36,1866.0,JM2505,JM
2024-05-27,1849.0,1856.0,1821.0,1855.0,11,38,1835.0,JM2505,JM
2024-05-28,1858.5,1876.0,1811.0,1811.0,35,57,1846.0,JM2505,JM
2024-05-29,1860.0,1860.0,1790.0,1820.0,67,83,1805.0,JM2505,JM
2024-05-30,1823.5,1830.0,1780.5,1790.0,18,90,1809.5,JM2505,JM
2024-05-31,1780.0,1795.5,1779.5,1785.0,21,94,1783.5,JM2505,JM
2024-06-03,1778.0,1793.0,1761.0,1780.5,14,95,1781.0,JM2505,JM
2024-06-04,1771.0,1771.0,1751.5,1765.5,40,118,1763.0,JM2505,JM
2024-06-05,1757.5,1774.0,1751.0,1751.0,14,115,1759.0,JM2505,JM
2024-06-06,1731.5,1745.0,1724.5,1732.0,18,128,1732.5,JM2505,JM
2024-06-07,1767.5,1771.0,1738.0,1738.0,26,137,1751.0,JM2505,JM
2024-06-11,1728.0,1728.0,1700.0,1709.0,24,145,1709.0,JM2505,JM
2024-06-12,1719.5,1731.5,1719.0,1731.5,6,146,1721.5,JM2505,JM
2024-06-13,1727.0,1743.5,1708.5,1732.0,30,160,1725.5,JM2505,JM
2024-06-14,1745.0,1781.5,1740.5,1777.5,35,175,1763.5,JM2505,JM
2024-06-17,1762.5,1764.0,1736.0,1743.5,39,179,1746.0,JM2505,JM
2024-06-18,1755.0,1770.0,1720.5,1720.5,16,180,1749.0,JM2505,JM
2024-06-19,1740.0,1767.5,1740.0,1744.0,157,284,1756.5,JM2505,JM
2024-06-20,1743.0,1750.0,1718.5,1733.5,124,391,1736.5,JM2505,JM
2024-06-21,1733.5,1734.0,1713.0,1714.5,42,424,1727.5,JM2505,JM
2024-06-24,1718.0,1724.5,1693.5,1704.0,194,542,1712.0,JM2505,JM
2024-06-25,1694.5,1694.5,1678.5,1691.0,104,593,1688.0,JM2505,JM
2024-06-26,1691.0,1724.0,1691.0,1724.0,50,607,1707.5,JM2505,JM
2024-06-27,1717.5,1750.0,1714.0,1725.0,157,592,1733.0,JM2505,JM
2024-06-28,1730.0,1737.0,1720.0,1729.0,24,597,1730.0,JM2505,JM
2024-07-01,1728.5,1770.0,1728.5,1770.0,51,616,1756.0,JM2505,JM
2024-07-02,1771.5,1790.0,1771.5,1786.0,75,636,1782.0,JM2505,JM
2024-07-03,1775.0,1800.0,1771.0,1797.0,35,638,1792.5,JM2505,JM
2024-07-04,1792.0,1795.0,1783.5,1783.5,12,638,1788.0,JM2505,JM
2024-07-05,1780.5,1780.5,1732.0,1732.0,47,647,1753.5,JM2505,JM
2024-07-08,1732.0,1755.0,1725.0,1725.0,59,641,1732.5,JM2505,JM
2024-07-09,1725.0,1746.0,1723.0,1736.5,79,683,1738.5,JM2505,JM
2024-07-10,1734.0,1740.0,1693.0,1697.0,290,740,1723.0,JM2505,JM
2024-07-11,1715.5,1740.0,1708.0,1728.0,49,751,1726.0,JM2505,JM
2024-07-12,1728.0,1745.0,1728.0,1731.5,13,757,1734.5,JM2505,JM
2024-07-15,1739.0,1765.0,1720.0,1739.0,46,759,1745.0,JM2505,JM
2024-07-16,1735.5,1745.0,1721.0,1735.0,28,747,1731.0,JM2505,JM
2024-07-17,1736.0,1740.0,1712.5,1712.5,88,795,1731.0,JM2505,JM
2024-07-18,1704.0,1707.0,1678.0,1705.0,454,934,1688.5,JM2505,JM
2024-07-19,1649.5,1707.0,1649.5,1681.0,139,980,1687.0,JM2505,JM
2024-07-22,1675.0,1677.0,1626.5,1626.5,136,1024,1643.5,JM2505,JM
2024-07-23,1629.0,1636.5,1600.0,1600.0,210,1148,1619.5,JM2505,JM
2024-07-24,1600.0,1620.0,1600.0,1605.0,185,1285,1610.5,JM2505,JM
2024-07-25,1606.5,1606.5,1570.0,1570.0,285,1389,1585.0,JM2505,JM
2024-07-26,1570.0,1599.5,1569.5,1580.5,93,1435,1580.5,JM2505,JM
2024-07-29,1577.0,1583.0,1557.0,1563.0,192,1533,1572.5,JM2505,JM
2024-07-30,1563.0,1564.0,1522.0,1525.0,128,1491,1554.5,JM2505,JM
2024-07-31,1522.0,1558.0,1518.5,1548.0,118,1500,1541.0,JM2505,JM
2024-08-01,1542.5,1561.0,1529.5,1533.0,130,1506,1547.0,JM2505,JM
2024-08-02,1547.0,1547.0,1509.0,1536.0,266,1600,1527.0,JM2505,JM
2024-08-05,1536.0,1536.5,1505.5,1534.5,402,1669,1525.0,JM2505,JM
2024-08-06,1519.0,1533.5,1503.5,1509.0,221,1761,1515.0,JM2505,JM
2024-08-07,1494.5,1535.0,1487.0,1488.0,112,1791,1495.0,JM2505,JM
2024-08-08,1492.0,1496.5,1450.0,1455.0,279,1916,1484.0,JM2505,JM
2024-08-09,1455.0,1480.5,1440.5,1444.0,433,2056,1458.5,JM2505,JM
2024-08-12,1451.0,1460.0,1403.5,1407.0,167,2096,1427.0,JM2505,JM
2024-08-13,1404.0,1419.0,1367.0,1377.5,340,2234,1398.0,JM2505,JM
2024-08-14,1364.5,1370.5,1333.5,1340.0,262,2313,1355.0,JM2505,JM
2024-08-15,1345.0,1352.5,1317.0,1350.5,1201,3250,1332.5,JM2505,JM
2024-08-16,1354.0,1391.0,1320.5,1325.0,1687,4057,1352.0,JM2505,JM
2024-08-19,1325.0,1339.0,1293.5,1336.0,1470,4798,1320.0,JM2505,JM
2024-08-20,1338.0,1344.5,1300.0,1310.5,1844,6058,1313.0,JM2505,JM
2024-08-21,1317.5,1360.0,1311.0,1360.0,2142,7019,1341.0,JM2505,JM
2024-08-22,1360.0,1365.0,1320.5,1334.5,1558,7302,1346.0,JM2505,JM
2024-08-23,1326.5,1335.0,1308.5,1314.5,2344,8610,1321.5,JM2505,JM
2024-08-26,1311.5,1364.0,1292.0,1361.5,2989,9660,1323.5,JM2505,JM
2024-08-27,1358.5,1377.0,1330.5,1368.0,4049,9816,1348.5,JM2505,JM
2024-08-28,1365.0,1390.0,1361.0,1377.5,2521,10054,1376.0,JM2505,JM
2024-08-29,1377.0,1394.0,1366.0,1372.0,2130,9954,1379.0,JM2505,JM
2024-08-30,1367.5,1382.0,1351.0,1366.5,2012,10548,1366.5,JM2505,JM
2024-09-02,1363.0,1370.0,1339.5,1339.5,4241,12239,1356.0,JM2505,JM
2024-09-03,1342.0,1351.0,1322.5,1328.5,1971,12664,1336.0,JM2505,JM
2024-09-04,1327.0,1331.0,1276.5,1278.0,4596,14208,1300.5,JM2505,JM
2024-09-05,1275.0,1295.5,1255.5,1263.5,3764,15513,1276.0,JM2505,JM
2024-09-06,1265.0,1285.5,1240.5,1257.5,4068,17034,1265.5,JM2505,JM
2024-09-09,1265.5,1265.5,1215.5,1241.0,4015,17325,1235.5,JM2505,JM
2024-09-10,1241.0,1256.5,1235.0,1240.5,2007,17024,1245.5,JM2505,JM
2024-09-11,1235.0,1280.5,1200.5,1280.5,5314,17956,1236.0,JM2505,JM
2024-09-12,1283.0,1293.5,1266.0,1292.0,2452,17831,1278.5,JM2505,JM
2024-09-13,1289.0,1305.0,1259.5,1260.0,5328,17065,1277.5,JM2505,JM
2024-09-18,1277.5,1285.5,1245.5,1262.0,3308,17112,1260.0,JM2505,JM
2024-09-19,1259.0,1297.0,1250.5,1287.0,3653,17329,1274.0,JM2505,JM
2024-09-20,1289.5,1295.0,1261.5,1276.0,2808,17389,1280.0,JM2505,JM
2024-09-23,1278.0,1285.0,1242.5,1242.5,4962,19280,1266.5,JM2505,JM
2024-09-24,1242.5,1313.0,1239.0,1309.5,6028,19826,1281.0,JM2505,JM
2024-09-25,1306.5,1358.0,1306.5,1330.5,6765,19540,0.0,JM2505,JM
2024-09-26,1320.5,1382.0,1316.0,1379.5,5922,20524,1350.0,JM2505,JM
2024-09-27,1387.5,1458.0,1386.0,1447.5,12389,23730,1435.0,JM2505,JM
2024-09-30,1447.5,1592.5,1445.0,1592.5,12823,24514,1541.0,JM2505,JM
2024-10-08,1655.0,1660.0,1484.5,1512.5,12387,24512,1559.0,JM2505,JM
2024-10-09,1503.5,1539.0,1488.0,1496.0,6674,24543,1512.0,JM2505,JM
2024-10-10,1493.0,1506.0,1450.0,1469.0,8224,24973,1476.0,JM2505,JM
2024-10-11,1477.5,1533.0,1474.0,1526.5,6947,25780,1510.0,JM2505,JM
2024-10-14,1523.0,1555.5,1498.0,1535.5,7734,27095,1533.5,JM2505,JM
2024-10-15,1526.5,1558.0,1520.0,1531.5,8651,27248,1535.0,JM2505,JM
2024-10-16,1531.0,1546.5,1483.0,1484.0,8248,28378,1516.5,JM2505,JM
2024-10-17,1489.0,1520.0,1395.5,1395.5,11389,28367,1463.0,JM2505,JM
2024-10-18,1398.0,1436.0,1377.0,1413.5,9236,29031,1403.5,JM2505,JM
2024-10-21,1415.0,1428.5,1402.0,1417.0,6992,29502,1415.0,JM2505,JM
2024-10-22,1413.0,1433.0,1377.5,1389.0,7691,30413,1401.5,JM2505,JM
2024-10-23,1390.0,1414.0,1382.0,1394.0,7793,30616,1396.5,JM2505,JM
2024-10-24,1396.5,1407.5,1375.0,1398.0,6608,30646,1389.0,JM2505,JM
2024-10-25,1396.0,1430.0,1396.0,1419.5,5967,31118,1417.0,JM2505,JM
2024-10-28,1423.5,1482.0,1418.5,1476.0,10981,31854,1456.0,JM2505,JM
2024-10-29,1470.0,1493.0,1428.5,1441.5,8140,31466,1459.0,JM2505,JM
2024-10-30,1450.0,1473.5,1433.5,1452.5,6652,31365,1457.0,JM2505,JM
2024-10-31,1456.0,1456.5,1406.0,1440.5,6600,31913,1434.0,JM2505,JM
2024-11-01,1441.0,1447.5,1411.5,1417.5,6659,32421,1424.5,JM2505,JM
2024-11-04,1420.5,1451.5,1392.5,1450.0,9711,33529,1420.0,JM2505,JM
2024-11-05,1451.0,1461.5,1434.0,1440.0,7078,33786,1447.0,JM2505,JM
2024-11-06,1443.0,1449.0,1380.0,1405.0,11479,35431,1416.0,JM2505,JM
2024-11-07,1405.5,1427.5,1390.5,1422.0,7519,34636,1413.0,JM2505,JM
2024-11-08,1427.0,1446.5,1401.5,1406.0,11831,36347,1423.0,JM2505,JM
2024-11-11,1390.0,1413.0,1350.5,1366.5,19161,39980,1377.5,JM2505,JM
2024-11-12,1370.0,1370.0,1320.0,1337.0,17285,42615,1339.5,JM2505,JM
2024-11-13,1339.5,1362.5,1333.5,1338.0,11603,43437,1345.5,JM2505,JM
2024-11-14,1340.0,1352.0,1320.0,1329.5,9223,44987,1336.5,JM2505,JM
2024-11-15,1335.0,1342.0,1320.0,1325.0,12896,45523,1331.0,JM2505,JM
2024-11-18,1325.5,1348.0,1314.0,1330.5,13570,46762,1331.0,JM2505,JM
2024-11-19,1330.5,1352.0,1326.0,1345.5,12834,46825,1338.0,JM2505,JM
2024-11-20,1348.0,1348.0,1321.0,1334.0,13796,48926,1332.0,JM2505,JM
2024-11-21,1330.0,1350.5,1321.0,1350.5,18236,50407,1332.5,JM2505,JM
2024-11-22,1351.5,1367.0,1322.0,1324.0,24455,51365,1344.0,JM2505,JM
2024-11-25,1326.5,1345.0,1308.0,1318.0,20801,53964,1326.5,JM2505,JM
2024-11-26,1320.0,1325.0,1308.0,1312.0,19477,59847,1315.5,JM2505,JM
2024-11-27,1310.5,1314.0,1280.5,1297.5,35482,71435,1293.5,JM2505,JM
2024-11-28,1297.0,1299.5,1277.5,1281.0,21872,73252,1286.0,JM2505,JM
2024-11-29,1280.0,1299.0,1279.5,1288.5,23841,75470,1289.0,JM2505,JM
2024-12-02,1287.0,1305.5,1283.0,1291.0,28628,78584,1292.5,JM2505,JM
2024-12-03,1295.0,1307.5,1288.0,1299.5,31812,79863,1298.0,JM2505,JM
2024-12-04,1300.0,1302.5,1246.0,1262.0,57307,95093,1270.5,JM2505,JM
2024-12-05,1267.5,1275.0,1233.5,1239.5,44922,99587,1255.5,JM2505,JM
2024-12-06,1226.0,1252.5,1226.0,1234.5,40587,102886,1241.0,JM2505,JM
2024-12-09,1230.0,1238.5,1208.0,1220.0,52086,110025,1223.0,JM2505,JM
2024-12-10,1248.0,1291.0,1235.0,1242.0,117861,116507,1262.0,JM2505,JM
2024-12-11,1240.0,1263.5,1240.0,1262.0,48535,115861,1251.0,JM2505,JM
2024-12-12,1260.0,1287.0,1251.5,1277.0,69091,122137,1267.5,JM2505,JM
2024-12-13,1265.0,1270.0,1237.0,1242.5,74911,133721,1252.0,JM2505,JM
2024-12-16,1246.5,1246.5,1213.0,1222.0,80758,146859,1226.0,JM2505,JM
2024-12-17,1212.0,1222.0,1203.5,1209.0,92644,172307,1213.5,JM2505,JM
2024-12-18,1209.0,1212.0,1166.5,1174.0,153432,222178,1191.0,JM2505,JM
2024-12-19,1166.0,1177.0,1134.5,1147.5,191993,239266,1153.5,JM2505,JM
2024-12-20,1146.5,1172.0,1142.5,1160.5,163643,228743,1157.5,JM2505,JM
2024-12-23,1157.0,1166.5,1150.0,1155.5,144684,240576,1159.0,JM2505,JM
2024-12-24,1152.5,1156.0,1130.0,1153.0,176437,252587,1142.0,JM2505,JM
2024-12-25,1150.0,1165.5,1145.0,1153.0,151183,253390,1153.5,JM2505,JM
2024-12-26,1153.0,1163.0,1138.0,1141.0,155958,260055,1151.5,JM2505,JM
2024-12-27,1136.0,1145.5,1133.0,1140.0,145023,268139,1139.5,JM2505,JM
2024-12-30,1136.0,1162.0,1116.0,1157.5,191377,265353,1150.0,JM2505,JM
2024-12-31,1156.5,1168.0,1142.0,1160.5,204321,264493,1157.0,JM2505,JM
2025-01-02,1162.5,1187.5,1154.0,1174.0,174740,259254,1174.0,JM2505,JM
2025-01-03,1174.5,1176.5,1140.0,1148.5,212419,268507,1152.5,JM2505,JM
2025-01-06,1144.5,1170.0,1131.5,1156.0,206940,263786,1153.5,JM2505,JM
2025-01-07,1162.0,1169.5,1123.0,1128.0,210354,283622,1143.5,JM2505,JM
2025-01-08,1132.0,1135.0,1100.0,1103.0,227315,306145,1113.5,JM2505,JM
2025-01-09,1103.0,1106.0,1086.0,1097.0,205515,313115,1096.5,JM2505,JM
2025-01-10,1096.0,1101.5,1081.5,1083.5,166844,318354,1091.0,JM2505,JM
2025-01-13,1090.0,1120.5,1082.0,1119.5,269632,321245,1107.0,JM2505,JM
2025-01-14,1119.0,1131.5,1110.5,1129.5,176569,303727,1121.0,JM2505,JM
2025-01-15,1127.0,1129.5,1113.0,1127.0,132833,305418,1121.5,JM2505,JM
2025-01-16,1127.0,1167.0,1125.5,1164.5,327022,309078,1148.0,JM2505,JM
2025-01-17,1160.0,1178.0,1160.0,1175.5,237866,285029,1169.0,JM2505,JM
2025-01-20,1170.0,1173.0,1132.0,1139.0,246664,307311,1150.5,JM2505,JM
2025-01-21,1143.5,1164.0,1140.5,1153.5,180364,289382,1153.0,JM2505,JM
2025-01-22,1153.0,1155.0,1133.5,1143.5,153478,294035,1141.5,JM2505,JM
2025-01-23,1143.5,1163.0,1124.5,1132.5,237070,305505,1147.0,JM2505,JM
2025-01-24,1130.0,1137.0,1118.5,1131.0,176823,292095,1126.0,JM2505,JM
2025-01-27,1131.0,1144.0,1125.5,1135.0,115204,270501,1134.5,JM2505,JM
2025-02-05,1147.0,1147.0,1096.5,1098.5,149808,302896,1112.0,JM2505,JM
2025-02-06,1102.0,1134.0,1102.0,1126.5,189239,298142,1122.5,JM2505,JM
2025-02-07,1132.0,1169.0,1114.5,1153.5,266967,313874,1145.5,JM2505,JM
2025-02-10,1152.0,1152.5,1133.0,1147.0,183276,311579,1143.0,JM2505,JM
2025-02-11,1144.0,1151.5,1111.0,1122.0,206453,324810,1130.0,JM2505,JM
2025-02-12,1121.0,1128.5,1113.0,1127.5,139479,313757,1120.5,JM2505,JM
2025-02-13,1122.0,1125.5,1092.0,1098.5,216120,356899,1109.5,JM2505,JM
2025-02-14,1094.0,1103.5,1075.5,1085.0,254891,348357,1088.5,JM2505,JM
2025-02-17,1088.0,1091.5,1068.0,1089.0,241957,358345,1080.0,JM2505,JM
2025-02-18,1089.0,1096.0,1075.5,1094.5,206082,363940,1086.5,JM2505,JM
2025-02-19,1090.0,1097.5,1082.5,1086.0,170718,370177,1089.5,JM2505,JM
2025-02-20,1086.0,1124.5,1083.0,1121.0,348026,347835,1106.5,JM2505,JM
2025-02-21,1124.0,1138.0,1120.0,1130.0,298076,345138,1130.5,JM2505,JM
2025-02-24,1125.0,1131.5,1100.5,1108.0,297699,361381,1112.5,JM2505,JM
2025-02-25,1108.0,1111.0,1082.0,1085.0,277364,379405,1094.0,JM2505,JM
2025-02-26,1085.5,1097.0,1078.0,1088.0,276260,389710,1088.0,JM2505,JM
2025-02-27,1086.5,1104.0,1076.0,1097.5,303208,385949,1088.5,JM2505,JM
2025-02-28,1098.0,1105.5,1082.5,1093.0,260627,388841,1093.5,JM2505,JM
2025-03-03,1100.0,1123.0,1095.0,1104.0,407510,372565,1110.0,JM2505,JM
2025-03-04,1111.0,1112.0,1087.0,1091.0,237961,384105,1098.0,JM2505,JM
2025-03-05,1089.0,1091.5,1061.0,1061.5,336350,420602,1074.5,JM2505,JM
2025-03-06,1061.5,1074.0,1051.0,1070.0,262896,417077,1064.0,JM2505,JM
2025-03-07,1075.5,1088.0,1067.5,1083.0,287210,385029,1078.0,JM2505,JM
2025-03-10,1080.0,1094.0,1062.0,1063.5,298492,375648,1079.0,JM2505,JM
2025-03-11,1066.5,1069.5,1056.5,1061.0,173358,379713,1064.5,JM2505,JM
2025-03-12,1065.5,1076.0,1056.0,1073.0,241726,374527,1066.0,JM2505,JM
2025-03-13,1070.5,1093.0,1065.5,1092.0,350059,365311,1080.5,JM2505,JM
2025-03-14,1090.0,1092.0,1073.5,1088.0,257826,361147,1081.5,JM2505,JM
2025-03-17,1086.5,1086.5,1056.0,1061.5,275805,389128,1068.0,JM2505,JM
2025-03-18,1058.0,1066.0,1047.0,1048.5,197192,401731,1057.5,JM2505,JM
2025-03-19,1050.0,1051.0,1023.5,1026.0,282838,401466,1032.5,JM2505,JM
2025-03-20,1028.0,1036.0,1017.5,1031.0,227825,388432,1028.5,JM2505,JM
2025-03-21,1030.0,1035.0,1006.5,1010.0,249572,395875,1018.5,JM2505,JM
2025-03-24,1016.0,1033.0,1000.0,1030.0,298464,370880,1018.5,JM2505,JM
2025-03-25,1035.0,1035.0,1018.5,1027.0,189924,368891,1026.0,JM2505,JM
2025-03-26,1027.0,1034.0,1021.5,1025.5,188560,363848,1027.0,JM2505,JM
2025-03-27,1030.0,1041.0,1028.0,1035.0,214266,344346,1035.0,JM2505,JM
2025-03-28,1035.0,1035.0,1016.5,1024.0,191697,345011,1023.5,JM2505,JM
2025-03-31,1020.0,1021.5,985.0,988.5,343821,368225,1001.5,JM2505,JM
2025-04-01,988.0,1020.5,982.5,1008.0,363906,335798,1000.5,JM2505,JM
2025-04-02,1010.0,1011.0,989.5,1001.5,200893,329809,1003.0,JM2505,JM
2025-04-03,1000.0,1004.5,986.5,1001.0,181838,317455,997.5,JM2505,JM
2025-04-07,961.0,984.5,940.5,977.0,250576,282206,971.5,JM2505,JM
2025-04-08,977.0,988.5,922.5,926.0,326900,264443,955.5,JM2505,JM
2025-04-09,930.0,940.0,884.0,917.0,365090,223298,916.5,JM2505,JM
2025-04-10,915.0,940.0,906.5,913.0,267596,213456,917.5,JM2505,JM
2025-04-11,910.0,913.0,888.5,892.5,242646,210466,898.0,JM2505,JM
2025-04-14,896.0,908.5,892.5,905.5,192155,187084,901.5,JM2505,JM
2025-04-15,909.5,917.0,898.5,908.0,155708,167802,906.0,JM2505,JM
2025-04-16,910.0,917.0,896.0,899.0,109429,142417,906.0,JM2505,JM
2025-04-17,899.0,899.0,866.0,866.5,88546,133108,885.0,JM2505,JM
2025-04-18,870.5,879.5,849.0,872.0,103511,104335,865.5,JM2505,JM
2025-04-21,880.0,880.0,861.0,867.0,59143,93684,871.0,JM2505,JM
2025-04-22,868.0,869.5,840.0,850.0,48364,84825,852.5,JM2505,JM
2025-04-23,857.0,885.0,854.5,884.0,59991,72894,870.0,JM2505,JM
2025-04-24,888.0,899.5,877.0,892.5,57167,65991,889.0,JM2505,JM
2025-04-25,893.0,906.0,885.0,889.0,45464,55640,896.0,JM2505,JM
2025-04-28,890.0,902.0,877.5,880.5,31657,49033,887.5,JM2505,JM
2025-04-29,887.5,894.0,880.0,887.5,29290,36719,887.0,JM2505,JM
2025-04-30,895.0,934.0,884.5,888.0,54074,9006,912.0,JM2505,JM
2025-05-06,885.0,894.5,878.0,880.0,2454,5834,885.0,JM2505,JM
2025-05-07,880.0,892.0,880.0,888.5,431,4513,886.5,JM2505,JM
2025-05-08,888.0,889.0,868.0,869.0,318,3600,881.0,JM2505,JM
2025-05-09,870.0,875.0,859.5,860.0,1974,3513,866.0,JM2505,JM
2025-05-12,868.5,868.5,860.0,860.0,49,3264,860.5,JM2505,JM
2025-05-13,875.5,879.0,817.0,850.0,113,2374,849.0,JM2505,JM
2025-05-14,850.0,850.5,850.0,850.5,18,1756,850.0,JM2505,JM
2025-05-16,845.5,845.5,796.0,843.0,218,1356,841.5,JM2505,JM
2025-05-19,846.0,848.0,780.0,780.0,324,0,874.0,JM2505,JM
2024-06-19,1774.5,1774.5,1774.5,1774.5,1,1,1774.5,JM2506,JM
2024-06-25,1704.0,1704.0,1704.0,1704.0,1,2,1704.0,JM2506,JM
2024-07-05,1760.0,1760.0,1760.0,1760.0,1,2,1760.0,JM2506,JM
2024-07-10,1726.5,1726.5,1726.5,1726.5,1,1,1726.5,JM2506,JM
2024-08-29,1404.5,1434.0,1378.0,1378.0,6,2,1399.0,JM2506,JM
2024-08-30,1389.0,1389.0,1389.0,1389.0,1,2,1389.0,JM2506,JM
2024-09-04,1296.0,1296.0,1296.0,1296.0,1,2,1296.0,JM2506,JM
2024-09-05,1252.5,1252.5,1252.5,1252.5,2,3,1252.5,JM2506,JM
2024-09-10,1252.5,1253.0,1252.5,1253.0,2,4,1252.5,JM2506,JM
2024-09-11,1258.0,1258.0,1258.0,1258.0,1,3,1258.0,JM2506,JM
2024-09-12,1258.0,1299.5,1258.0,1299.0,28,28,1262.0,JM2506,JM
2024-09-13,1262.5,1296.5,1262.5,1296.5,26,52,1263.5,JM2506,JM
2024-09-18,1263.5,1271.0,1263.5,1271.0,26,78,1263.5,JM2506,JM
2024-09-20,1300.0,1300.0,1285.0,1285.0,2,78,1292.5,JM2506,JM
2024-09-24,1304.5,1304.5,1304.5,1304.5,1,77,1304.5,JM2506,JM
2024-09-25,1351.5,1351.5,1342.0,1342.0,2,77,0.0,JM2506,JM
2024-09-26,1396.5,1401.5,1376.0,1376.0,8,78,1390.5,JM2506,JM
2024-09-27,1390.5,1390.5,1390.5,1390.5,51,28,1391.0,JM2506,JM
2024-09-30,1392.5,1535.5,1392.5,1535.5,26,3,1398.0,JM2506,JM
2024-10-09,1514.5,1517.0,1514.5,1517.0,2,5,1515.5,JM2506,JM
2024-10-10,1464.5,1487.5,1464.5,1466.5,3,5,1472.5,JM2506,JM
2024-10-16,1506.0,1506.0,1506.0,1506.0,1,6,1506.0,JM2506,JM
2024-10-17,1487.0,1487.0,1487.0,1487.0,2,5,1487.0,JM2506,JM
2024-10-18,1487.0,1487.0,1487.0,1487.0,2,6,1427.0,JM2506,JM
2024-10-21,1426.0,1426.0,1426.0,1426.0,2,5,1426.0,JM2506,JM
2024-10-25,1412.5,1413.0,1412.5,1413.0,3,6,1412.5,JM2506,JM
2024-10-28,1461.5,1461.5,1449.0,1449.0,3,7,1453.5,JM2506,JM
2024-10-29,1453.5,1453.5,1453.5,1453.5,11,16,1453.5,JM2506,JM
2024-10-31,1453.5,1453.5,1453.5,1453.5,1,15,1453.5,JM2506,JM
2024-11-04,1431.5,1431.5,1431.5,1431.5,1,14,1431.5,JM2506,JM
2024-11-11,1372.5,1372.5,1372.5,1372.5,1,14,1372.5,JM2506,JM
2024-11-12,1356.0,1356.0,1356.0,1356.0,1,13,1356.0,JM2506,JM
2024-11-13,1366.5,1366.5,1366.5,1366.5,1,14,1366.5,JM2506,JM
2024-11-15,1332.5,1332.5,1332.5,1332.5,1,13,1332.5,JM2506,JM
2024-11-18,1327.0,1327.0,1327.0,1327.0,1,13,1327.0,JM2506,JM
2024-11-21,1338.0,1338.0,1338.0,1338.0,2,13,1338.0,JM2506,JM
2024-11-25,1337.0,1347.5,1330.5,1330.5,4,14,1338.0,JM2506,JM
2024-11-27,1307.5,1312.5,1307.5,1312.5,2,13,1310.0,JM2506,JM
2024-12-02,1301.0,1301.0,1301.0,1301.0,1,13,1301.0,JM2506,JM
2024-12-03,1313.5,1313.5,1298.0,1298.0,3,15,1303.0,JM2506,JM
2024-12-04,1281.5,1281.5,1266.0,1266.0,3,16,1273.0,JM2506,JM
2024-12-05,1290.5,1293.0,1282.0,1283.0,10,21,1284.0,JM2506,JM
2024-12-10,1299.5,1299.5,1287.5,1287.5,6,17,1293.5,JM2506,JM
2024-12-12,1272.0,1278.5,1265.0,1265.0,5,17,1271.5,JM2506,JM
2024-12-17,1230.0,1231.0,1230.0,1231.0,2,18,1230.5,JM2506,JM
2024-12-18,1213.5,1213.5,1213.5,1213.5,2,20,1213.5,JM2506,JM
2024-12-19,1190.0,1190.0,1162.5,1181.5,20,30,1176.0,JM2506,JM
2024-12-20,1166.0,1186.0,1166.0,1182.5,6,30,1176.0,JM2506,JM
2024-12-23,1179.0,1179.0,1174.0,1175.0,4,29,1176.5,JM2506,JM
2024-12-24,1164.0,1177.0,1160.5,1177.0,7,29,1169.0,JM2506,JM
2024-12-25,1186.0,1186.0,1180.0,1180.0,4,30,1183.5,JM2506,JM
2024-12-31,1182.5,1192.5,1182.0,1188.0,8,34,1185.5,JM2506,JM
2025-01-02,1192.5,1218.5,1192.5,1207.5,354,264,1211.0,JM2506,JM
2025-01-03,1206.5,1206.5,1181.0,1181.0,68,302,1186.0,JM2506,JM
2025-01-06,1176.0,1199.0,1175.0,1191.5,91,373,1187.5,JM2506,JM
2025-01-07,1198.5,1198.5,1161.0,1163.5,149,493,1175.5,JM2506,JM
2025-01-08,1168.0,1168.0,1136.0,1136.0,280,643,1146.0,JM2506,JM
2025-01-09,1141.0,1141.0,1111.0,1119.0,787,1086,1121.0,JM2506,JM
2025-01-10,1115.5,1121.0,1101.0,1101.0,363,1240,1109.5,JM2506,JM
2025-01-13,1101.5,1139.5,1101.5,1138.0,531,1420,1121.5,JM2506,JM
2025-01-14,1134.0,1148.5,1130.5,1143.0,238,1475,1140.0,JM2506,JM
2025-01-15,1138.5,1144.5,1130.5,1144.5,103,1493,1137.5,JM2506,JM
2025-01-16,1143.0,1182.5,1143.0,1182.5,260,1551,1166.0,JM2506,JM
2025-01-17,1183.5,1195.5,1182.5,1193.0,144,1562,1189.0,JM2506,JM
2025-01-20,1184.0,1187.5,1156.5,1161.0,118,1577,1171.5,JM2506,JM
2025-01-21,1162.0,1182.0,1162.0,1173.5,164,1603,1176.0,JM2506,JM
2025-01-22,1171.5,1171.5,1160.0,1166.5,127,1637,1164.5,JM2506,JM
2025-01-23,1167.5,1178.5,1151.0,1155.0,104,1634,1164.0,JM2506,JM
2025-01-24,1145.0,1153.5,1140.0,1150.5,91,1641,1145.0,JM2506,JM
2025-01-27,1150.5,1160.5,1146.5,1153.0,47,1637,1155.5,JM2506,JM
2025-02-05,1131.5,1143.5,1114.5,1118.5,416,1809,1121.5,JM2506,JM
2025-02-06,1122.0,1152.0,1122.0,1148.0,182,1898,1138.5,JM2506,JM
2025-02-07,1145.5,1187.5,1140.0,1177.0,737,2263,1165.0,JM2506,JM
2025-02-10,1174.5,1174.5,1154.5,1166.5,241,2358,1166.5,JM2506,JM
2025-02-11,1160.5,1170.5,1136.5,1144.0,144,2421,1151.0,JM2506,JM
2025-02-12,1143.5,1149.0,1138.0,1146.5,172,2550,1145.0,JM2506,JM
2025-02-13,1146.5,1148.0,1118.5,1124.0,404,2854,1134.0,JM2506,JM
2025-02-14,1118.0,1127.5,1102.0,1110.5,382,3009,1114.5,JM2506,JM
2025-02-17,1114.0,1114.0,1095.0,1108.5,437,3215,1103.0,JM2506,JM
2025-02-18,1105.0,1113.5,1095.5,1112.5,239,3283,1106.0,JM2506,JM
2025-02-19,1110.0,1114.5,1102.0,1106.5,269,3385,1109.0,JM2506,JM
2025-02-20,1112.5,1140.0,1112.5,1137.5,430,3517,1125.0,JM2506,JM
2025-02-21,1137.5,1152.0,1136.5,1144.0,343,3577,1144.0,JM2506,JM
2025-02-24,1144.0,1144.0,1112.5,1121.0,602,3887,1130.0,JM2506,JM
2025-02-25,1120.0,1120.0,1100.0,1103.5,398,3979,1106.5,JM2506,JM
2025-02-26,1103.0,1111.0,1096.0,1101.5,282,4061,1104.5,JM2506,JM
2025-02-27,1103.5,1110.5,1090.0,1106.0,949,4457,1099.5,JM2506,JM
2025-02-28,1108.5,1112.0,1094.0,1099.5,753,4656,1102.5,JM2506,JM
2025-03-03,1108.0,1126.5,1104.5,1111.0,1636,5247,1115.5,JM2506,JM
2025-03-04,1105.5,1115.5,1096.5,1100.5,786,5478,1104.5,JM2506,JM
2025-03-05,1097.5,1099.0,1068.0,1068.0,1342,5967,1082.0,JM2506,JM
2025-03-06,1062.5,1081.5,1062.0,1075.0,1937,6724,1072.5,JM2506,JM
2025-03-07,1078.5,1092.5,1074.5,1086.0,1576,7159,1084.0,JM2506,JM
2025-03-10,1083.0,1096.0,1067.0,1070.0,1460,7506,1083.5,JM2506,JM
2025-03-11,1071.0,1074.5,1063.0,1066.5,569,7562,1069.5,JM2506,JM
2025-03-12,1071.0,1080.5,1063.0,1079.0,706,7803,1071.0,JM2506,JM
2025-03-13,1080.5,1093.0,1071.0,1089.0,1860,8579,1084.0,JM2506,JM
2025-03-14,1086.0,1091.0,1077.0,1090.0,1043,8566,1081.5,JM2506,JM
2025-03-17,1093.0,1093.0,1066.0,1072.0,1120,8617,1073.5,JM2506,JM
2025-03-18,1067.0,1073.5,1058.0,1059.0,792,8723,1067.5,JM2506,JM
2025-03-19,1044.5,1062.0,1038.5,1039.5,1117,9065,1046.0,JM2506,JM
2025-03-20,1035.0,1048.0,1034.5,1041.0,718,9267,1040.5,JM2506,JM
2025-03-21,1041.5,1044.0,1024.0,1024.0,1296,9592,1032.5,JM2506,JM
2025-03-24,1019.0,1040.5,1019.0,1039.0,1796,9942,1033.5,JM2506,JM
2025-03-25,1040.0,1041.5,1030.0,1035.5,1377,10072,1036.5,JM2506,JM
2025-03-26,1040.5,1042.5,1032.0,1036.5,796,10008,1036.5,JM2506,JM
2025-03-27,1030.0,1048.0,1030.0,1044.0,1088,9839,1043.5,JM2506,JM
2025-03-28,1041.5,1041.5,1028.5,1033.5,572,9846,1033.5,JM2506,JM
2025-03-31,1029.0,1030.0,1000.0,1001.5,2186,10029,1013.0,JM2506,JM
2025-04-01,997.0,1027.5,996.5,1019.5,3548,10200,1011.5,JM2506,JM
2025-04-02,1019.0,1022.0,1007.0,1015.5,1217,10213,1016.0,JM2506,JM
2025-04-03,1016.0,1019.5,1006.5,1012.0,1532,10393,1012.0,JM2506,JM
2025-04-07,971.5,1011.0,950.0,991.0,2933,9827,994.0,JM2506,JM
2025-04-08,995.0,999.0,955.5,962.5,3898,9628,978.0,JM2506,JM
2025-04-09,962.5,968.5,912.0,948.0,5847,9601,942.5,JM2506,JM
2025-04-10,952.5,976.0,928.5,948.0,5784,10601,951.0,JM2506,JM
2025-04-11,942.5,946.0,930.0,931.0,3945,10789,936.0,JM2506,JM
2025-04-14,931.0,941.5,928.0,934.5,3258,11022,934.5,JM2506,JM
2025-04-15,935.0,941.5,930.5,932.0,2911,11305,935.5,JM2506,JM
2025-04-16,930.0,934.5,908.0,908.5,4448,11686,923.0,JM2506,JM
2025-04-17,895.0,911.5,891.0,891.0,3593,11697,902.0,JM2506,JM
2025-04-18,883.0,902.0,870.0,889.0,5259,11601,885.0,JM2506,JM
2025-04-21,893.0,897.0,885.0,885.0,4264,11825,891.0,JM2506,JM
2025-04-22,893.0,893.0,870.0,874.0,3513,11806,878.0,JM2506,JM
2025-04-23,879.0,900.5,875.0,900.0,4247,11725,890.5,JM2506,JM
2025-04-24,901.0,909.5,885.0,897.5,4584,11680,898.0,JM2506,JM
2025-04-25,895.0,916.0,890.0,899.5,6867,11397,905.5,JM2506,JM
2025-04-28,891.0,909.0,880.5,883.5,5294,11369,893.0,JM2506,JM
2025-04-29,880.0,890.0,872.0,883.5,7801,9712,881.0,JM2506,JM
2025-04-30,889.0,895.0,876.5,892.0,13011,7973,887.0,JM2506,JM
2025-05-06,903.0,912.0,881.0,890.5,6235,6870,894.5,JM2506,JM
2025-05-07,890.5,898.0,883.0,897.5,5501,6308,890.0,JM2506,JM
2025-05-08,893.0,896.5,874.0,877.0,2888,6030,881.5,JM2506,JM
2025-05-09,878.0,878.0,859.5,860.5,934,5976,867.0,JM2506,JM
2025-05-12,857.5,876.5,851.5,875.0,2129,5097,866.0,JM2506,JM
2025-05-13,880.0,888.5,859.0,861.0,1289,4893,869.5,JM2506,JM
2025-05-14,861.5,869.5,850.0,863.5,1960,4504,860.5,JM2506,JM
2025-05-15,863.5,871.5,860.0,862.5,1322,4240,866.5,JM2506,JM
2025-05-16,857.0,857.0,838.0,838.0,1183,4403,846.0,JM2506,JM
2025-05-19,845.0,845.0,815.5,816.5,1015,4182,825.5,JM2506,JM
2025-05-20,814.5,822.0,796.5,799.0,858,4055,810.0,JM2506,JM
2025-05-21,799.5,802.5,786.0,789.0,1379,3451,795.5,JM2506,JM
2025-05-22,791.5,791.5,763.0,763.5,1219,2899,774.5,JM2506,JM
2025-05-23,763.0,764.5,740.5,754.0,1460,2382,751.5,JM2506,JM
2025-05-26,755.0,763.0,746.0,755.0,461,2132,754.5,JM2506,JM
2025-05-27,758.5,760.0,749.5,750.0,338,1915,753.5,JM2506,JM
2025-05-28,754.5,754.5,701.0,717.0,698,1556,731.5,JM2506,JM
2025-05-29,717.0,718.5,695.5,696.5,890,917,704.0,JM2506,JM
2025-05-30,695.0,700.0,648.0,648.0,1107,231,668.0,JM2506,JM
2025-06-03,627.5,647.5,626.0,628.0,11,224,631.0,JM2506,JM
2025-06-04,630.5,657.0,630.0,657.0,4,122,643.5,JM2506,JM
2025-06-10,700.0,700.0,598.0,598.0,4,22,652.0,JM2506,JM
2025-06-11,675.0,675.0,606.0,607.0,4,20,640.5,JM2506,JM
2025-06-12,680.0,680.0,680.0,680.0,20,0,680.0,JM2506,JM
2024-07-22,1701.5,1701.5,1701.5,1701.5,1,1,1701.5,JM2507,JM
2024-07-23,1680.0,1680.0,1680.0,1680.0,1,2,1680.0,JM2507,JM
2024-07-25,1659.0,1659.0,1659.0,1659.0,1,3,1659.0,JM2507,JM
2024-07-30,1606.0,1606.0,1606.0,1606.0,3,5,1606.0,JM2507,JM
2024-08-02,1571.0,1571.0,1539.5,1539.5,3,6,1550.0,JM2507,JM
2024-08-05,1575.0,1575.0,1542.0,1558.0,5,7,1559.5,JM2507,JM
2024-08-06,1591.0,1591.0,1591.0,1591.0,1,7,1591.0,JM2507,JM
2024-08-07,1541.5,1541.5,1541.5,1541.5,1,6,1541.5,JM2507,JM
2024-08-13,1454.5,1490.5,1391.5,1469.0,11,14,1466.5,JM2507,JM
2024-08-14,1425.5,1425.5,1425.0,1425.0,2,12,1425.0,JM2507,JM
2024-08-15,1380.5,1387.0,1377.5,1387.0,4,13,1381.0,JM2507,JM
2024-08-16,1400.0,1409.5,1378.5,1378.5,5,15,1393.0,JM2507,JM
2024-08-19,1336.0,1360.5,1336.0,1360.5,3,16,1344.0,JM2507,JM
2024-08-22,1360.0,1403.5,1360.0,1381.0,4,17,1385.0,JM2507,JM
2024-08-26,1335.5,1335.5,1335.5,1335.5,1,17,1335.5,JM2507,JM
2024-08-27,1384.5,1386.0,1370.0,1386.0,4,17,1381.5,JM2507,JM
2024-08-30,1376.5,1376.5,1376.5,1376.5,1,17,1376.5,JM2507,JM
2024-09-02,1392.5,1392.5,1366.5,1389.0,5,15,1380.5,JM2507,JM
2024-09-04,1316.5,1316.5,1306.0,1306.0,9,15,1313.0,JM2507,JM
2024-09-05,1269.5,1292.5,1242.5,1249.0,11,13,1266.5,JM2507,JM
2024-09-06,1278.0,1278.0,1278.0,1278.0,2,11,1278.5,JM2507,JM
2024-09-10,1278.5,1278.5,1278.5,1278.5,1,11,1278.5,JM2507,JM
2024-09-12,1284.0,1284.0,1284.0,1284.0,25,36,1284.0,JM2507,JM
2024-09-13,1284.0,1284.0,1284.0,1284.0,26,61,1284.0,JM2507,JM
2024-09-18,1284.0,1284.0,1284.0,1284.0,25,86,1284.0,JM2507,JM
2024-09-27,1363.5,1363.5,1363.5,1363.5,50,36,1363.5,JM2507,JM
2024-09-30,1366.5,1481.5,1366.5,1469.5,28,12,1378.0,JM2507,JM
2024-10-08,1570.5,1570.5,1570.0,1570.0,2,12,1570.0,JM2507,JM
2024-10-09,1505.0,1505.0,1505.0,1505.0,1,11,1505.0,JM2507,JM
2024-10-10,1480.0,1480.0,1480.0,1480.0,1,10,1480.0,JM2507,JM
2024-10-16,1503.0,1503.0,1503.0,1503.0,1,11,1503.0,JM2507,JM
2024-10-18,1503.0,1503.0,1484.5,1484.5,2,12,1424.5,JM2507,JM
2024-10-21,1420.5,1420.5,1420.5,1420.5,1,12,1420.5,JM2507,JM
2024-10-25,1420.5,1420.5,1420.5,1420.5,3,14,1420.5,JM2507,JM
2024-10-28,1457.0,1467.5,1457.0,1467.5,4,12,1461.5,JM2507,JM
2024-10-29,1461.5,1488.5,1458.5,1463.0,13,22,1463.0,JM2507,JM
2024-10-30,1437.5,1437.5,1434.0,1434.0,2,22,1435.5,JM2507,JM
2024-10-31,1437.5,1437.5,1437.5,1437.5,2,20,1445.5,JM2507,JM
2024-11-01,1440.0,1440.0,1440.0,1440.0,1,20,1440.0,JM2507,JM
2024-11-12,1365.5,1366.0,1365.5,1366.0,4,19,1365.5,JM2507,JM
2024-11-13,1358.0,1358.0,1358.0,1358.0,1,19,1358.0,JM2507,JM
2024-11-15,1344.0,1344.0,1344.0,1344.0,1,20,1344.0,JM2507,JM
2024-11-18,1338.0,1358.0,1338.0,1358.0,3,19,1351.0,JM2507,JM
2024-11-20,1348.5,1348.5,1348.5,1348.5,1,19,1348.5,JM2507,JM
2024-12-02,1317.5,1317.5,1317.5,1317.5,2,20,1317.5,JM2507,JM
2024-12-04,1321.0,1321.0,1298.0,1298.0,7,23,1307.5,JM2507,JM
2024-12-05,1300.5,1300.5,1280.0,1280.0,3,23,1289.5,JM2507,JM
2024-12-18,1225.0,1227.0,1224.0,1224.0,16,35,1225.0,JM2507,JM
2024-12-19,1211.5,1211.5,1187.5,1187.5,6,41,1202.5,JM2507,JM
2024-12-23,1208.0,1208.0,1192.5,1194.0,4,41,1200.0,JM2507,JM
2024-12-24,1187.5,1201.0,1180.5,1201.0,7,46,1188.0,JM2507,JM
2024-12-25,1217.5,1217.5,1212.0,1212.0,2,48,1214.5,JM2507,JM
2024-12-26,1206.5,1212.0,1206.5,1212.0,13,48,1210.5,JM2507,JM
2024-12-27,1197.0,1197.0,1190.5,1193.0,7,52,1193.0,JM2507,JM
2024-12-30,1180.0,1214.5,1180.0,1212.0,6,55,1207.0,JM2507,JM
2024-12-31,1211.0,1226.0,1211.0,1226.0,10,59,1219.5,JM2507,JM
2025-01-02,1231.5,1236.5,1231.0,1236.5,8,61,1232.5,JM2507,JM
2025-01-03,1227.5,1227.5,1227.5,1227.5,1,60,1227.5,JM2507,JM
2025-01-07,1224.5,1224.5,1187.5,1190.0,7,65,1207.5,JM2507,JM
2025-01-08,1169.0,1169.0,1169.0,1169.0,4,67,1169.0,JM2507,JM
2025-01-09,1160.0,1161.5,1140.0,1140.0,36,79,1145.0,JM2507,JM
2025-01-10,1138.0,1138.0,1128.0,1136.5,5,77,1134.5,JM2507,JM
2025-01-13,1157.5,1169.0,1145.0,1145.0,34,96,1153.0,JM2507,JM
2025-01-14,1148.5,1156.5,1140.0,1155.0,42,100,1146.5,JM2507,JM
2025-01-15,1153.5,1153.5,1145.5,1145.5,2,98,1149.5,JM2507,JM
2025-01-16,1169.0,1195.0,1160.0,1186.5,26,82,1176.0,JM2507,JM
2025-01-17,1196.5,1200.5,1191.0,1200.5,7,84,1196.5,JM2507,JM
2025-01-20,1196.0,1197.5,1172.0,1175.0,13,85,1182.5,JM2507,JM
2025-01-21,1182.5,1191.5,1182.5,1191.5,6,85,1187.0,JM2507,JM
2025-01-22,1174.0,1182.5,1169.5,1172.0,11,85,1174.0,JM2507,JM
2025-01-23,1186.0,1188.5,1168.0,1173.0,8,84,1178.0,JM2507,JM
2025-01-24,1162.0,1169.5,1159.5,1168.0,4,82,1164.5,JM2507,JM
2025-01-27,1170.0,1170.0,1170.0,1170.0,2,82,1170.0,JM2507,JM
2025-02-05,1151.5,1158.0,1133.5,1140.5,370,273,1139.5,JM2507,JM
2025-02-06,1153.5,1180.0,1153.5,1168.5,964,704,1167.5,JM2507,JM
2025-02-07,1168.5,1208.0,1161.5,1195.0,706,967,1181.0,JM2507,JM
2025-02-10,1191.0,1194.5,1178.5,1182.5,280,1153,1184.5,JM2507,JM
2025-02-11,1187.0,1187.5,1159.0,1171.5,256,1276,1171.5,JM2507,JM
2025-02-12,1162.0,1167.5,1159.5,1165.0,207,1379,1163.0,JM2507,JM
2025-02-13,1162.5,1165.0,1136.0,1140.0,181,1487,1148.5,JM2507,JM
2025-02-14,1136.0,1138.5,1123.0,1127.0,191,1568,1130.5,JM2507,JM
2025-02-17,1128.0,1128.0,1108.0,1120.0,493,1811,1116.0,JM2507,JM
2025-02-18,1116.0,1126.0,1108.0,1123.0,275,1892,1116.5,JM2507,JM
2025-02-19,1123.0,1128.0,1118.5,1122.0,376,2026,1123.5,JM2507,JM
2025-02-20,1122.0,1156.5,1120.5,1153.5,515,2198,1140.5,JM2507,JM
2025-02-21,1155.0,1170.0,1155.0,1160.5,600,2404,1162.5,JM2507,JM
2025-02-24,1160.5,1162.0,1135.5,1142.0,704,2645,1146.5,JM2507,JM
2025-02-25,1141.5,1143.0,1120.0,1123.0,501,2802,1129.0,JM2507,JM
2025-02-26,1124.0,1130.5,1116.5,1121.0,718,2988,1124.0,JM2507,JM
2025-02-27,1117.5,1125.5,1107.0,1123.5,710,3279,1116.0,JM2507,JM
2025-02-28,1124.5,1129.0,1110.0,1114.0,673,3624,1116.0,JM2507,JM
2025-03-03,1117.0,1142.0,1117.0,1122.0,1211,4085,1129.5,JM2507,JM
2025-03-04,1125.5,1127.5,1109.5,1112.5,671,4449,1116.0,JM2507,JM
2025-03-05,1110.5,1111.5,1080.0,1080.0,1125,4794,1092.5,JM2507,JM
2025-03-06,1077.0,1093.5,1074.5,1089.5,1223,5137,1083.5,JM2507,JM
2025-03-07,1095.0,1098.5,1088.5,1094.5,790,5393,1093.5,JM2507,JM
2025-03-10,1094.0,1098.5,1077.5,1081.5,759,5642,1089.0,JM2507,JM
2025-03-11,1084.0,1087.5,1076.0,1076.5,390,5795,1080.5,JM2507,JM
2025-03-12,1081.0,1089.0,1073.0,1086.0,313,5863,1080.0,JM2507,JM
2025-03-13,1088.0,1105.5,1080.5,1103.0,878,5910,1094.5,JM2507,JM
2025-03-14,1094.0,1103.5,1087.5,1101.5,440,5894,1094.5,JM2507,JM
2025-03-17,1099.0,1099.5,1077.0,1081.5,817,6008,1083.5,JM2507,JM
2025-03-18,1081.5,1082.0,1070.0,1070.0,415,6145,1078.0,JM2507,JM
2025-03-19,1070.0,1071.5,1051.5,1053.5,928,6355,1060.5,JM2507,JM
2025-03-20,1053.0,1059.5,1045.0,1054.0,558,6445,1051.0,JM2507,JM
2025-03-21,1054.0,1058.0,1038.5,1039.5,473,6480,1046.5,JM2507,JM
2025-03-24,1041.0,1050.5,1032.0,1048.5,760,6582,1042.0,JM2507,JM
2025-03-25,1047.0,1050.5,1042.5,1047.0,433,6625,1047.0,JM2507,JM
2025-03-26,1050.0,1052.5,1043.0,1046.0,401,6617,1047.5,JM2507,JM
2025-03-27,1052.0,1060.5,1052.0,1056.0,563,6613,1056.5,JM2507,JM
2025-03-28,1054.0,1054.0,1045.5,1048.5,369,6589,1048.5,JM2507,JM
2025-03-31,1046.5,1047.0,1021.0,1022.0,974,6787,1034.0,JM2507,JM
2025-04-01,1024.5,1039.0,1015.5,1032.0,3126,6965,1030.0,JM2507,JM
2025-04-02,1032.0,1041.0,1026.0,1034.0,3636,6962,1035.0,JM2507,JM
2025-04-03,1035.5,1038.5,1026.0,1031.0,1680,6933,1032.0,JM2507,JM
2025-04-07,1000.0,1033.0,974.0,1011.0,2673,6921,1014.5,JM2507,JM
2025-04-08,1015.0,1018.0,981.0,985.0,1862,6897,1000.5,JM2507,JM
2025-04-09,985.0,991.5,936.0,975.0,2777,6986,966.5,JM2507,JM
2025-04-10,970.0,1002.0,966.5,970.0,2697,7255,977.0,JM2507,JM
2025-04-11,969.0,971.5,959.0,961.0,4326,7436,964.5,JM2507,JM
2025-04-14,961.5,966.5,953.0,963.5,1200,7586,960.5,JM2507,JM
2025-04-15,960.5,968.5,954.5,956.0,1466,7733,958.0,JM2507,JM
2025-04-16,955.5,956.5,930.0,931.0,1637,7833,943.5,JM2507,JM
2025-04-17,933.0,933.0,910.5,912.0,1792,7932,922.5,JM2507,JM
2025-04-18,910.0,917.5,890.0,910.0,2645,7764,902.5,JM2507,JM
2025-04-21,920.5,920.5,902.5,907.5,1490,7853,908.5,JM2507,JM
2025-04-22,907.5,909.0,889.5,893.0,1875,7685,899.0,JM2507,JM
2025-04-23,894.5,926.5,894.5,926.5,1530,7754,912.5,JM2507,JM
2025-04-24,912.5,932.0,911.5,923.0,2346,8252,922.5,JM2507,JM
2025-04-25,931.5,939.5,918.0,922.5,2264,8238,930.0,JM2507,JM
2025-04-28,923.0,933.0,909.5,911.0,2028,8440,920.0,JM2507,JM
2025-04-29,918.0,918.0,897.5,905.0,2288,8356,904.5,JM2507,JM
2025-04-30,910.5,910.5,895.0,904.0,2863,8524,902.0,JM2507,JM
2025-05-06,911.5,914.5,893.0,897.5,1685,8871,899.0,JM2507,JM
2025-05-07,901.5,911.0,893.0,902.0,1257,9291,900.0,JM2507,JM
2025-05-08,896.0,899.0,882.0,887.5,1211,9496,888.0,JM2507,JM
2025-05-09,888.0,888.5,874.0,874.5,701,9674,878.5,JM2507,JM
2025-05-12,874.5,883.5,863.5,883.5,2124,9626,875.0,JM2507,JM
2025-05-13,888.0,896.5,869.5,870.5,1448,9879,877.5,JM2507,JM
2025-05-14,868.5,883.5,858.0,875.0,4029,10000,871.5,JM2507,JM
2025-05-15,872.0,878.5,865.5,869.0,1864,10023,872.0,JM2507,JM
2025-05-16,868.0,868.0,846.5,846.5,1233,10058,854.5,JM2507,JM
2025-05-19,844.5,853.0,830.0,831.0,2507,10140,838.5,JM2507,JM
2025-05-20,826.5,832.5,818.5,818.5,1091,10157,827.0,JM2507,JM
2025-05-21,816.0,821.0,806.5,808.5,2129,10277,814.0,JM2507,JM
2025-05-22,812.5,812.5,785.5,786.5,2826,10521,795.0,JM2507,JM
2025-05-23,787.5,787.5,761.0,762.5,3384,11122,771.5,JM2507,JM
2025-05-26,769.0,781.0,762.5,772.0,3740,10476,770.5,JM2507,JM
2025-05-27,772.0,776.0,766.0,771.0,1777,10352,771.0,JM2507,JM
2025-05-28,772.5,779.0,748.5,751.5,3282,10176,764.0,JM2507,JM
2025-05-29,748.0,752.0,725.5,729.5,3637,10492,737.0,JM2507,JM
2025-05-30,726.0,731.0,706.0,707.5,5624,10107,718.0,JM2507,JM
2025-06-03,704.0,736.0,677.5,724.0,8049,10695,709.5,JM2507,JM
2025-06-04,725.0,759.0,725.0,756.0,9567,10414,739.5,JM2507,JM
2025-06-05,750.0,752.0,726.0,742.0,8895,9052,736.5,JM2507,JM
2025-06-06,744.5,778.0,742.0,764.0,8306,6955,762.0,JM2507,JM
2025-06-09,766.0,776.0,758.0,766.5,4150,6112,765.5,JM2507,JM
2025-06-10,765.5,777.5,748.0,771.0,4686,5272,763.0,JM2507,JM
2025-06-11,765.0,770.5,749.0,756.0,6105,5115,757.5,JM2507,JM
2025-06-12,754.5,754.5,742.5,742.5,2595,5060,748.0,JM2507,JM
2025-06-13,748.0,765.0,744.0,752.0,4123,4600,753.5,JM2507,JM
2025-06-16,754.5,774.0,747.0,773.0,2250,4336,761.0,JM2507,JM
2025-06-17,765.0,780.0,758.0,763.0,1209,4271,768.5,JM2507,JM
2025-06-18,758.5,766.0,756.5,765.5,988,4165,762.5,JM2507,JM
2025-06-19,765.0,770.0,759.0,768.0,513,3992,764.0,JM2507,JM
2025-06-20,774.0,780.0,764.5,769.5,590,3909,772.5,JM2507,JM
2025-06-23,769.5,778.5,764.5,777.0,1018,3849,772.5,JM2507,JM
2025-06-24,782.5,782.5,758.0,760.5,808,3645,765.0,JM2507,JM
2025-06-25,760.0,791.0,759.5,789.5,1084,3460,777.5,JM2507,JM
2025-06-26,792.5,805.5,789.0,801.5,1483,3164,800.0,JM2507,JM
2025-06-27,801.0,819.0,801.0,819.0,846,2953,810.5,JM2507,JM
2025-06-30,813.5,858.0,786.0,805.0,2308,2129,824.0,JM2507,JM
2025-07-01,818.0,829.5,804.0,823.5,123,2098,821.0,JM2507,JM
2025-07-02,811.0,811.0,811.0,811.0,18,2098,811.0,JM2507,JM
2025-07-04,813.0,877.0,813.0,830.0,55,2094,841.0,JM2507,JM
2025-07-07,800.0,800.0,800.0,800.0,48,1894,800.0,JM2507,JM
2025-07-08,822.0,835.0,822.0,835.0,14,1889,830.0,JM2507,JM
2025-07-09,836.0,858.0,836.0,847.0,13,1676,846.5,JM2507,JM
2025-07-10,848.0,876.0,848.0,876.0,26,1654,861.0,JM2507,JM
2025-07-11,868.0,906.0,868.0,906.0,233,1633,903.0,JM2507,JM
2025-07-14,905.0,974.0,905.0,974.0,335,0,879.5,JM2507,JM
2024-09-18,1298.0,1298.0,1249.5,1249.5,2,1,1273.5,JM2509,JM
2024-09-19,1264.5,1334.0,1264.0,1334.0,5,4,1284.5,JM2509,JM
2024-09-20,1330.0,1330.5,1309.5,1312.5,26,23,1328.0,JM2509,JM
2024-09-23,1280.0,1336.0,1280.0,1289.0,17,27,1308.0,JM2509,JM
2024-09-24,1285.5,1327.0,1274.5,1327.0,101,61,1285.0,JM2509,JM
2024-09-25,1349.5,1376.5,1347.0,1361.5,22,64,0.0,JM2509,JM
2024-09-26,1345.0,1401.0,1344.5,1401.0,16,68,1364.0,JM2509,JM
2024-09-27,1441.0,1468.0,1421.0,1452.0,11,75,1446.5,JM2509,JM
2024-09-30,1458.0,1605.5,1458.0,1605.5,56,91,1558.5,JM2509,JM
2024-10-08,1636.5,1656.0,1517.5,1544.5,42,101,1563.5,JM2509,JM
2024-10-09,1521.0,1566.0,1521.0,1521.0,24,104,1539.5,JM2509,JM
2024-10-10,1510.5,1510.5,1473.0,1488.0,56,119,1488.0,JM2509,JM
2024-10-11,1500.0,1531.5,1500.0,1522.0,22,123,1522.0,JM2509,JM
2024-10-14,1507.0,1559.0,1507.0,1547.0,30,125,1538.5,JM2509,JM
2024-10-15,1543.5,1548.5,1531.0,1548.5,24,132,1540.0,JM2509,JM
2024-10-16,1540.0,1550.5,1503.0,1503.0,86,173,1529.0,JM2509,JM
2024-10-17,1520.5,1530.0,1419.0,1419.0,158,238,1483.0,JM2509,JM
2024-10-18,1425.5,1446.0,1393.0,1425.0,258,360,1413.0,JM2509,JM
2024-10-21,1433.0,1441.5,1422.0,1436.5,48,359,1434.0,JM2509,JM
2024-10-22,1442.5,1448.0,1400.0,1403.5,83,380,1417.5,JM2509,JM
2024-10-23,1415.0,1423.0,1398.0,1413.0,126,467,1408.5,JM2509,JM
2024-10-24,1400.0,1414.0,1392.0,1414.0,71,493,1404.0,JM2509,JM
2024-10-25,1404.0,1447.0,1404.0,1439.0,136,518,1429.0,JM2509,JM
2024-10-28,1443.0,1496.5,1443.0,1495.0,198,625,1470.5,JM2509,JM
2024-10-29,1495.0,1513.0,1462.0,1473.5,137,621,1494.5,JM2509,JM
2024-10-30,1500.5,1501.0,1472.0,1472.0,26,615,1485.5,JM2509,JM
2024-10-31,1472.5,1472.5,1454.0,1457.0,38,612,1461.5,JM2509,JM
2024-11-01,1468.5,1468.5,1446.0,1450.0,32,613,1453.0,JM2509,JM
2024-11-04,1463.0,1481.5,1428.0,1481.5,70,618,1452.5,JM2509,JM
2024-11-05,1481.5,1492.5,1465.0,1483.0,136,702,1473.5,JM2509,JM
2024-11-06,1483.0,1483.0,1426.5,1435.0,150,733,1444.5,JM2509,JM
2024-11-07,1429.0,1462.0,1428.0,1456.0,147,837,1438.0,JM2509,JM
2024-11-08,1461.5,1476.0,1437.0,1437.0,103,894,1452.0,JM2509,JM
2024-11-11,1439.5,1442.5,1400.0,1412.5,109,932,1420.5,JM2509,JM
2024-11-12,1402.5,1407.0,1372.5,1385.5,91,965,1386.0,JM2509,JM
2024-11-13,1389.0,1395.0,1368.0,1369.5,159,1058,1380.0,JM2509,JM
2024-11-14,1377.5,1380.5,1363.0,1367.0,29,1061,1372.5,JM2509,JM
2024-11-15,1370.5,1387.5,1370.0,1379.0,113,1114,1378.5,JM2509,JM
2024-11-18,1368.5,1393.0,1363.0,1363.5,98,1151,1374.5,JM2509,JM
2024-11-19,1350.0,1391.0,1350.0,1384.5,61,1156,1375.0,JM2509,JM
2024-11-20,1380.0,1380.0,1368.0,1368.0,16,1158,1375.5,JM2509,JM
2024-11-21,1370.0,1391.5,1366.5,1388.0,67,1183,1377.5,JM2509,JM
2024-11-22,1396.0,1409.0,1369.0,1369.0,154,1208,1393.0,JM2509,JM
2024-11-25,1371.5,1387.0,1353.0,1359.0,121,1280,1363.5,JM2509,JM
2024-11-26,1363.5,1367.0,1355.5,1356.5,80,1267,1361.0,JM2509,JM
2024-11-27,1352.5,1354.5,1325.0,1340.5,168,1358,1336.0,JM2509,JM
2024-11-28,1335.5,1338.0,1325.5,1326.5,92,1402,1332.5,JM2509,JM
2024-11-29,1327.0,1344.5,1327.0,1332.0,56,1427,1336.5,JM2509,JM
2024-12-02,1337.5,1349.5,1331.5,1339.0,164,1465,1340.5,JM2509,JM
2024-12-03,1343.0,1354.0,1338.5,1348.0,100,1483,1346.0,JM2509,JM
2024-12-04,1354.0,1354.0,1308.0,1320.0,361,1681,1323.5,JM2509,JM
2024-12-05,1326.0,1332.5,1296.5,1300.0,302,1842,1319.0,JM2509,JM
2024-12-06,1300.0,1311.0,1288.5,1298.5,321,1904,1303.5,JM2509,JM
2024-12-09,1300.5,1300.5,1273.5,1283.0,196,1979,1284.0,JM2509,JM
2024-12-10,1297.5,1353.0,1297.5,1307.5,563,2049,1326.5,JM2509,JM
2024-12-11,1317.0,1325.0,1310.0,1325.0,206,2088,1317.0,JM2509,JM
2024-12-12,1325.0,1346.0,1316.0,1336.5,186,2113,1329.0,JM2509,JM
2024-12-13,1330.0,1330.0,1305.0,1312.0,147,2145,1316.5,JM2509,JM
2024-12-16,1306.5,1308.5,1281.5,1289.5,316,2241,1293.0,JM2509,JM
2024-12-17,1285.0,1290.0,1275.0,1279.0,407,2306,1282.0,JM2509,JM
2024-12-18,1276.0,1278.0,1235.5,1241.0,878,2779,1258.5,JM2509,JM
2024-12-19,1238.5,1244.5,1205.0,1214.0,874,3139,1223.0,JM2509,JM
2024-12-20,1219.0,1237.5,1212.5,1228.5,584,3207,1224.5,JM2509,JM
2024-12-23,1232.0,1234.5,1219.5,1221.5,1007,3547,1224.5,JM2509,JM
2024-12-24,1223.0,1223.5,1200.0,1222.5,887,3860,1209.0,JM2509,JM
2024-12-25,1226.0,1234.0,1215.5,1224.5,1083,3989,1224.5,JM2509,JM
2024-12-26,1229.0,1232.5,1213.0,1215.5,933,4247,1224.5,JM2509,JM
2024-12-27,1220.0,1220.0,1208.0,1214.0,1131,4675,1213.0,JM2509,JM
2024-12-30,1204.5,1233.5,1192.0,1229.5,1503,4820,1221.5,JM2509,JM
2024-12-31,1230.0,1241.5,1216.5,1234.5,1881,5249,1230.0,JM2509,JM
2025-01-02,1238.0,1255.0,1228.0,1244.0,1906,5185,1244.0,JM2509,JM
2025-01-03,1244.0,1245.5,1213.0,1222.0,2626,6102,1223.5,JM2509,JM
2025-01-06,1220.0,1242.5,1206.0,1231.5,3306,6325,1227.0,JM2509,JM
2025-01-07,1228.5,1243.5,1198.0,1203.5,2924,6587,1215.5,JM2509,JM
2025-01-08,1192.5,1208.0,1174.0,1177.0,4161,7604,1188.5,JM2509,JM
2025-01-09,1177.0,1181.0,1161.0,1174.0,3370,7679,1170.0,JM2509,JM
2025-01-10,1170.0,1177.0,1159.5,1165.0,3083,8098,1168.0,JM2509,JM
2025-01-13,1170.5,1192.5,1161.5,1191.0,3721,8091,1180.5,JM2509,JM
2025-01-14,1191.0,1207.0,1184.5,1204.5,2596,8021,1195.5,JM2509,JM
2025-01-15,1206.0,1206.0,1189.0,1203.0,2598,7900,1197.0,JM2509,JM
2025-01-16,1203.0,1231.5,1201.0,1225.5,5290,8747,1217.0,JM2509,JM
2025-01-17,1224.5,1244.5,1222.0,1244.5,4624,8794,1232.0,JM2509,JM
2025-01-20,1239.0,1242.5,1212.0,1216.0,4748,9078,1224.5,JM2509,JM
2025-01-21,1221.0,1241.5,1219.0,1223.5,3637,8801,1230.0,JM2509,JM
2025-01-22,1221.0,1227.0,1208.5,1213.5,2940,9091,1215.5,JM2509,JM
2025-01-23,1217.0,1239.0,1203.0,1211.5,4461,9752,1223.0,JM2509,JM
2025-01-24,1215.0,1215.5,1195.0,1207.0,3716,10107,1204.5,JM2509,JM
2025-01-27,1208.0,1223.5,1203.5,1214.0,2893,10056,1213.5,JM2509,JM
2025-02-05,1217.0,1226.0,1182.5,1182.5,5162,11794,1196.0,JM2509,JM
2025-02-06,1186.0,1216.0,1185.0,1208.5,4175,12068,1206.5,JM2509,JM
2025-02-07,1207.0,1246.5,1197.5,1234.5,6991,13494,1225.5,JM2509,JM
2025-02-10,1224.5,1235.5,1218.5,1230.0,6116,14365,1227.0,JM2509,JM
2025-02-11,1230.0,1237.0,1201.0,1208.0,6508,15130,1217.5,JM2509,JM
2025-02-12,1205.0,1219.0,1200.0,1218.5,5651,15802,1209.0,JM2509,JM
2025-02-13,1216.0,1219.0,1185.0,1189.0,8405,18101,1200.5,JM2509,JM
2025-02-14,1192.0,1192.0,1171.0,1171.5,13220,19344,1179.5,JM2509,JM
2025-02-17,1168.0,1178.5,1154.0,1169.0,19423,24886,1165.0,JM2509,JM
2025-02-18,1171.5,1177.0,1157.5,1174.5,14563,27097,1167.0,JM2509,JM
2025-02-19,1171.5,1182.0,1169.0,1174.5,9759,27535,1175.0,JM2509,JM
2025-02-20,1175.5,1205.5,1171.5,1203.5,17941,29146,1189.5,JM2509,JM
2025-02-21,1205.5,1220.5,1202.0,1209.5,15057,30370,1210.5,JM2509,JM
2025-02-24,1209.0,1211.0,1184.0,1190.0,15249,32477,1194.5,JM2509,JM
2025-02-25,1190.0,1192.5,1168.5,1171.0,18775,32794,1179.5,JM2509,JM
2025-02-26,1167.0,1180.0,1164.0,1167.0,21961,36386,1172.0,JM2509,JM
2025-02-27,1168.5,1170.0,1147.5,1164.0,33919,43652,1159.0,JM2509,JM
2025-02-28,1164.0,1168.5,1153.0,1166.0,24180,44874,1161.5,JM2509,JM
2025-03-03,1173.0,1200.0,1171.0,1178.5,37283,45622,1185.5,JM2509,JM
2025-03-04,1178.5,1182.5,1160.5,1165.0,23228,50889,1170.5,JM2509,JM
2025-03-05,1165.0,1165.0,1124.0,1124.0,46515,60683,1139.5,JM2509,JM
2025-03-06,1125.5,1137.5,1117.0,1128.0,34616,66281,1127.5,JM2509,JM
2025-03-07,1132.0,1139.0,1121.0,1131.0,35042,73351,1130.5,JM2509,JM
2025-03-10,1130.0,1133.0,1103.5,1105.0,48569,83111,1119.5,JM2509,JM
2025-03-11,1105.0,1115.5,1104.5,1109.5,23928,85741,1109.5,JM2509,JM
2025-03-12,1112.0,1125.5,1108.5,1119.0,32492,88914,1115.5,JM2509,JM
2025-03-13,1120.0,1152.0,1116.0,1150.0,68055,88804,1135.0,JM2509,JM
2025-03-14,1140.5,1153.0,1132.0,1148.5,44877,92647,1142.0,JM2509,JM
2025-03-17,1145.0,1146.0,1120.0,1127.5,46154,97793,1130.5,JM2509,JM
2025-03-18,1128.0,1128.0,1116.0,1116.0,30223,103626,1121.5,JM2509,JM
2025-03-19,1115.0,1117.5,1088.0,1091.0,57535,113651,1102.0,JM2509,JM
2025-03-20,1093.0,1098.0,1081.5,1087.0,49114,122468,1088.5,JM2509,JM
2025-03-21,1091.0,1093.0,1073.5,1077.0,47356,129131,1082.5,JM2509,JM
2025-03-24,1086.5,1094.0,1060.0,1088.5,77966,134184,1081.5,JM2509,JM
2025-03-25,1092.5,1093.0,1077.0,1083.5,45523,142690,1084.0,JM2509,JM
2025-03-26,1084.0,1089.0,1075.5,1079.0,55556,149729,1082.5,JM2509,JM
2025-03-27,1081.0,1092.0,1081.0,1087.5,61179,149167,1087.5,JM2509,JM
2025-03-28,1085.0,1086.0,1076.0,1080.5,53412,153945,1081.0,JM2509,JM
2025-03-31,1079.5,1080.5,1055.0,1059.0,83299,165749,1067.5,JM2509,JM
2025-04-01,1061.0,1082.0,1048.0,1072.5,95377,172647,1065.5,JM2509,JM
2025-04-02,1072.0,1081.0,1066.5,1075.0,64423,179172,1073.5,JM2509,JM
2025-04-03,1074.0,1078.5,1063.5,1073.5,56746,183127,1072.5,JM2509,JM
2025-04-07,1050.0,1067.5,1023.0,1047.5,113578,179200,1050.0,JM2509,JM
2025-04-08,1050.0,1058.5,1005.5,1012.5,161655,199352,1034.0,JM2509,JM
2025-04-09,1018.0,1020.5,957.0,1005.0,214801,199637,996.5,JM2509,JM
2025-04-10,1005.0,1030.5,993.5,1010.5,186958,205600,1010.5,JM2509,JM
2025-04-11,1007.0,1007.5,986.5,996.5,182121,225974,997.0,JM2509,JM
2025-04-14,999.0,1001.5,984.0,996.0,178235,254688,993.5,JM2509,JM
2025-04-15,1000.0,1006.0,982.0,985.5,191170,279860,991.0,JM2509,JM
2025-04-16,984.0,988.5,958.5,966.0,268952,319208,972.5,JM2509,JM
2025-04-17,968.5,971.0,948.5,950.5,335891,337008,959.0,JM2509,JM
2025-04-18,950.5,958.0,928.5,952.5,458184,337339,944.5,JM2509,JM
2025-04-21,953.0,962.0,942.0,956.5,325451,340379,951.5,JM2509,JM
2025-04-22,957.0,957.0,924.0,928.5,350052,360046,938.5,JM2509,JM
2025-04-23,930.0,964.5,929.0,962.5,436326,338471,948.0,JM2509,JM
2025-04-24,961.5,965.5,946.0,956.0,341458,338926,955.5,JM2509,JM
2025-04-25,961.5,976.0,950.0,956.0,450489,336617,963.0,JM2509,JM
2025-04-28,956.0,968.0,943.5,947.0,387146,339613,954.5,JM2509,JM
2025-04-29,945.0,947.5,926.0,932.0,301698,344462,936.0,JM2509,JM
2025-04-30,933.0,935.5,918.5,930.5,295627,317563,927.5,JM2509,JM
2025-05-06,935.0,939.0,906.0,911.5,219944,343406,915.0,JM2509,JM
2025-05-07,913.0,928.0,902.5,908.0,342798,360120,913.5,JM2509,JM
2025-05-08,907.5,908.0,886.5,894.0,390871,375019,893.5,JM2509,JM
2025-05-09,892.0,892.5,877.0,877.5,323286,403016,883.5,JM2509,JM
2025-05-12,877.0,891.5,864.5,889.5,511424,399857,878.0,JM2509,JM
2025-05-13,898.0,905.0,865.0,870.5,429310,427320,876.0,JM2509,JM
2025-05-14,870.0,896.5,852.0,894.5,615173,397285,880.0,JM2509,JM
2025-05-15,893.0,897.5,877.0,883.0,431105,404577,886.5,JM2509,JM
2025-05-16,880.0,881.0,852.0,852.5,488250,444587,864.0,JM2509,JM
2025-05-19,850.5,864.0,841.0,845.0,417286,459046,851.0,JM2509,JM
2025-05-20,845.0,853.5,837.0,838.5,337517,472192,845.0,JM2509,JM
2025-05-21,838.5,848.0,835.0,842.0,392102,467044,841.5,JM2509,JM
2025-05-22,842.0,845.0,825.0,827.5,398595,494386,835.0,JM2509,JM
2025-05-23,827.5,830.0,801.0,801.5,491253,521877,815.5,JM2509,JM
2025-05-26,803.0,810.5,791.0,799.5,592256,519485,800.5,JM2509,JM
2025-05-27,801.5,806.5,788.0,799.5,521082,521014,796.5,JM2509,JM
2025-05-28,800.0,804.0,775.5,779.0,537375,526866,790.5,JM2509,JM
2025-05-29,779.0,779.5,757.0,759.0,709680,540328,766.5,JM2509,JM
2025-05-30,757.0,759.5,726.0,726.0,875062,552525,741.5,JM2509,JM
2025-06-03,726.0,729.5,709.0,719.0,616565,570573,716.5,JM2509,JM
2025-06-04,721.0,772.5,721.0,768.0,1429492,560831,744.5,JM2509,JM
2025-06-05,760.0,765.0,742.0,757.0,1292936,579818,754.5,JM2509,JM
2025-06-06,764.5,796.0,757.5,778.5,1558449,556894,779.0,JM2509,JM
2025-06-09,779.0,790.0,772.0,780.0,1008128,557531,781.0,JM2509,JM
2025-06-10,780.0,794.0,756.5,785.0,1417228,567843,775.0,JM2509,JM
2025-06-11,790.0,801.0,778.5,783.5,1152104,557029,788.5,JM2509,JM
2025-06-12,782.0,784.5,765.5,766.5,880359,562882,774.0,JM2509,JM
2025-06-13,765.0,791.0,758.5,774.5,1216321,555128,773.5,JM2509,JM
2025-06-16,775.0,799.5,768.0,795.5,1028795,579001,784.0,JM2509,JM
2025-06-17,793.5,808.0,785.0,789.5,1019537,562767,795.0,JM2509,JM
2025-06-18,786.5,801.0,782.0,790.5,834209,549735,791.5,JM2509,JM
2025-06-19,788.0,795.0,778.0,790.5,780917,536104,786.5,JM2509,JM
2025-06-20,790.0,809.0,788.5,795.0,919919,519609,797.0,JM2509,JM
2025-06-23,793.0,810.0,788.0,807.0,776808,524014,799.5,JM2509,JM
2025-06-24,806.5,812.0,781.0,784.0,1052370,533550,798.5,JM2509,JM
2025-06-25,784.0,805.0,778.5,804.5,839404,524258,791.0,JM2509,JM
2025-06-26,804.0,820.0,801.0,819.5,870999,564662,808.0,JM2509,JM
2025-06-27,821.0,848.0,820.5,847.5,1179647,582668,834.0,JM2509,JM
2025-06-30,847.0,854.0,821.5,825.0,1215001,566228,842.5,JM2509,JM
2025-07-01,824.5,832.0,804.5,814.5,1071392,564422,817.5,JM2509,JM
2025-07-02,813.5,848.0,809.0,843.5,1189983,529227,825.0,JM2509,JM
2025-07-03,847.0,863.0,836.0,856.0,1094031,539289,848.5,JM2509,JM
2025-07-04,852.5,861.5,837.0,839.5,1075390,538743,850.0,JM2509,JM
2025-07-07,836.0,846.0,828.5,835.0,869329,549391,836.5,JM2509,JM
2025-07-08,832.0,849.5,829.0,843.5,723095,544987,839.5,JM2509,JM
2025-07-09,849.5,877.0,847.5,871.5,1245012,555558,860.5,JM2509,JM
2025-07-10,871.0,902.5,870.5,897.0,1135500,542637,883.5,JM2509,JM
2025-07-11,897.0,924.5,894.0,913.0,1456101,538000,909.5,JM2509,JM
2025-07-14,912.0,928.0,903.0,920.0,1162405,540266,915.0,JM2509,JM
2025-07-15,919.0,922.5,895.5,911.5,1051234,537766,910.5,JM2509,JM
2025-07-16,912.0,918.5,889.5,897.0,975316,562020,904.5,JM2509,JM
2025-07-17,895.0,919.0,890.0,918.5,992915,551465,903.0,JM2509,JM
2025-07-18,922.0,948.5,920.0,926.0,1316545,531903,932.5,JM2509,JM
2025-07-21,934.0,1007.0,932.0,1006.0,1610604,504871,971.0,JM2509,JM
2025-07-22,1006.0,1048.5,997.5,1048.5,1636160,442089,1023.0,JM2509,JM
2025-07-23,1068.0,1135.5,1062.0,1135.5,2527062,409942,1110.0,JM2509,JM
2025-07-24,1140.5,1198.5,1115.5,1198.5,2883448,463313,1166.0,JM2509,JM
2025-07-25,1207.0,1259.0,1205.5,1259.0,2189213,519305,1236.5,JM2509,JM
2025-07-28,1264.5,1288.5,1100.5,1100.5,3461352,393117,1200.0,JM2509,JM
2025-07-29,1090.0,1129.5,1050.0,1120.5,1590877,337690,1087.5,JM2509,JM
2025-07-30,1121.0,1172.0,1061.0,1117.0,1748394,307743,1136.0,JM2509,JM
2025-07-31,1100.5,1113.5,1045.5,1045.5,987871,284647,1081.0,JM2509,JM
2025-08-01,1045.0,1056.0,966.0,985.0,912284,248345,1017.0,JM2509,JM
2025-08-04,987.0,1007.5,953.5,1005.5,518478,218040,982.5,JM2509,JM
2025-08-05,1008.0,1054.0,980.5,1035.0,542302,178776,1013.0,JM2509,JM
2025-08-06,1035.0,1085.0,1022.0,1074.0,448376,149412,1050.0,JM2509,JM
2025-08-07,1080.0,1104.0,1053.0,1087.0,421865,137863,1085.0,JM2509,JM
2025-08-08,1088.0,1092.0,1043.0,1069.5,274089,128192,1066.5,JM2509,JM
2025-08-11,1056.5,1110.0,1040.0,1106.5,241108,123235,1076.5,JM2509,JM
2025-08-12,1099.5,1162.5,1097.5,1162.5,266208,122851,1134.0,JM2509,JM
2025-08-13,1164.5,1182.5,1094.0,1100.5,272342,105221,1151.5,JM2509,JM
2025-08-14,1089.0,1118.0,1060.0,1066.0,193246,96985,1087.5,JM2509,JM
2025-08-15,1065.0,1092.5,1058.0,1080.5,148110,90783,1076.0,JM2509,JM
2025-08-18,1086.0,1096.5,1016.0,1035.0,133182,81685,1062.0,JM2509,JM
2025-08-19,1035.0,1066.5,1028.5,1051.5,89556,74824,1048.5,JM2509,JM
2025-08-20,1060.0,1068.5,1009.5,1044.5,118362,60461,1033.0,JM2509,JM
2025-08-21,1046.0,1055.5,1027.0,1030.0,68396,53699,1044.5,JM2509,JM
2025-08-22,1025.0,1049.0,1020.0,1048.0,47843,50578,1029.5,JM2509,JM
2025-08-25,1048.0,1082.5,1046.0,1061.5,64909,39912,1063.0,JM2509,JM
2025-08-26,1063.0,1077.0,1029.5,1031.0,37981,34453,1058.0,JM2509,JM
2025-08-27,1029.5,1042.5,1003.5,1011.5,34407,29225,1025.0,JM2509,JM
2025-08-28,1021.0,1021.0,991.0,1020.0,30028,22330,1005.5,JM2509,JM
2025-08-29,1025.0,1026.5,952.5,986.5,38031,4487,990.0,JM2509,JM
2025-09-01,986.5,987.5,934.0,943.0,1137,3898,963.0,JM2509,JM
2025-09-02,963.0,974.5,916.5,972.5,145,3306,947.0,JM2509,JM
2025-09-03,950.0,971.5,928.5,928.5,28,2585,938.0,JM2509,JM
2025-09-04,933.5,970.5,916.0,970.5,38,2221,935.0,JM2509,JM
2025-09-05,941.0,991.5,939.5,953.0,9,1917,956.5,JM2509,JM
2025-09-08,924.0,975.0,921.0,966.5,68,1059,929.5,JM2509,JM
2025-09-09,950.0,955.0,900.5,955.0,236,826,950.5,JM2509,JM
2025-09-10,950.0,988.5,950.0,988.5,10,631,969.0,JM2509,JM
2025-09-11,953.5,1034.5,953.5,960.0,15,626,977.5,JM2509,JM
2025-09-12,1031.0,1031.0,900.0,900.0,78,0,958.0,JM2509,JM
2024-12-16,1357.0,1357.5,1348.0,1348.0,5,4,1355.0,JM2512,JM
2024-12-17,1348.5,1349.5,1332.5,1332.5,5,5,1339.5,JM2512,JM
2024-12-18,1329.5,1329.5,1315.5,1315.5,5,7,1326.5,JM2512,JM
2024-12-19,1277.5,1278.0,1250.0,1250.0,4,9,1270.0,JM2512,JM
2024-12-20,1265.0,1284.0,1265.0,1284.0,2,10,1274.5,JM2512,JM
2024-12-24,1251.0,1266.0,1241.0,1266.0,9,14,1251.5,JM2512,JM
2024-12-25,1275.5,1288.5,1273.5,1273.5,9,17,1279.0,JM2512,JM
2024-12-26,1277.0,1290.0,1271.5,1277.0,7,22,1280.0,JM2512,JM
2024-12-27,1296.0,1296.0,1256.5,1256.5,27,28,1269.5,JM2512,JM
2024-12-30,1275.5,1277.5,1275.5,1277.5,2,29,1276.5,JM2512,JM
2025-01-02,1282.0,1282.0,1282.0,1282.0,1,29,1282.0,JM2512,JM
2025-01-03,1279.5,1279.5,1261.5,1261.5,6,29,1273.0,JM2512,JM
2025-01-06,1271.0,1314.0,1264.0,1287.5,34,33,1280.5,JM2512,JM
2025-01-07,1283.5,1290.0,1256.5,1256.5,17,33,1273.5,JM2512,JM
2025-01-08,1246.5,1248.0,1232.5,1232.5,11,28,1243.5,JM2512,JM
2025-01-09,1223.5,1229.0,1219.5,1219.5,5,29,1223.0,JM2512,JM
2025-01-13,1230.0,1240.0,1230.0,1231.5,6,32,1234.5,JM2512,JM
2025-01-14,1241.0,1241.0,1241.0,1241.0,1,31,1241.0,JM2512,JM
2025-01-15,1242.5,1242.5,1234.5,1234.5,3,29,1237.0,JM2512,JM
2025-01-16,1252.0,1268.5,1245.5,1257.0,17,29,1258.5,JM2512,JM
2025-01-17,1270.0,1277.0,1268.0,1277.0,5,30,1271.5,JM2512,JM
2025-01-20,1271.0,1272.0,1267.0,1267.0,5,30,1269.0,JM2512,JM
2025-01-21,1260.5,1271.0,1245.0,1262.0,9,30,1258.0,JM2512,JM
2025-01-22,1251.0,1261.0,1251.0,1261.0,4,31,1256.5,JM2512,JM
2025-01-23,1283.0,1283.0,1254.0,1260.0,5,31,1268.0,JM2512,JM
2025-01-24,1254.5,1254.5,1246.5,1248.0,3,31,1249.5,JM2512,JM
2025-02-05,1230.5,1246.5,1230.0,1238.5,15,36,1238.5,JM2512,JM
2025-02-06,1250.5,1250.5,1238.5,1238.5,3,34,1242.5,JM2512,JM
2025-02-07,1254.5,1274.0,1235.5,1274.0,20,28,1250.0,JM2512,JM
2025-02-10,1270.5,1270.5,1257.0,1257.0,2,29,1263.5,JM2512,JM
2025-02-11,1263.5,1263.5,1242.5,1254.0,4,30,1252.0,JM2512,JM
2025-02-12,1247.0,1247.0,1245.5,1245.5,2,32,1246.0,JM2512,JM
2025-02-13,1251.5,1263.0,1234.0,1235.0,6,32,1249.5,JM2512,JM
2025-02-14,1230.0,1239.5,1203.5,1239.5,11,34,1221.0,JM2512,JM
2025-02-17,1228.0,1228.0,1212.5,1224.5,3,35,1221.5,JM2512,JM
2025-02-19,1224.5,1224.5,1224.5,1224.5,1,35,1224.5,JM2512,JM
2025-02-20,1234.0,1235.0,1232.5,1232.5,5,35,1234.0,JM2512,JM
2025-02-21,1252.5,1256.0,1250.5,1252.0,9,35,1253.0,JM2512,JM
2025-02-24,1244.5,1250.0,1236.5,1236.5,11,36,1246.0,JM2512,JM
2025-02-25,1229.5,1236.5,1223.5,1223.5,20,43,1228.5,JM2512,JM
2025-02-26,1226.0,1227.5,1218.5,1218.5,9,46,1223.5,JM2512,JM
2025-02-27,1220.5,1221.0,1205.0,1214.5,21,50,1214.0,JM2512,JM
2025-02-28,1212.0,1216.0,1212.0,1213.0,6,48,1213.0,JM2512,JM
2025-03-03,1239.0,1241.5,1215.5,1221.5,23,50,1228.0,JM2512,JM
2025-03-04,1224.0,1224.0,1213.5,1214.0,15,57,1217.0,JM2512,JM
2025-03-05,1211.5,1211.5,1178.0,1178.0,29,75,1190.5,JM2512,JM
2025-03-06,1178.0,1184.0,1170.0,1175.5,20,81,1177.5,JM2512,JM
2025-03-07,1182.0,1187.0,1175.5,1182.5,15,83,1183.5,JM2512,JM
2025-03-10,1171.0,1199.0,1157.5,1162.0,106,98,1181.5,JM2512,JM
2025-03-11,1166.5,1167.5,1164.5,1165.0,17,108,1165.0,JM2512,JM
2025-03-12,1171.5,1174.0,1163.5,1171.5,9,105,1168.5,JM2512,JM
2025-03-13,1173.5,1181.0,1161.0,1180.5,61,124,1168.5,JM2512,JM
2025-03-14,1180.5,1182.0,1170.5,1182.0,10,123,1176.5,JM2512,JM
2025-03-17,1168.5,1176.5,1163.0,1163.0,45,125,1166.5,JM2512,JM
2025-03-18,1167.0,1169.5,1167.0,1169.5,2,125,1168.0,JM2512,JM
2025-03-19,1161.0,1165.5,1144.0,1145.0,48,159,1152.5,JM2512,JM
2025-03-20,1149.5,1158.0,1140.0,1140.0,17,165,1147.5,JM2512,JM
2025-03-21,1130.0,1134.5,1129.0,1134.5,8,171,1130.5,JM2512,JM
2025-03-24,1121.0,1151.0,1120.5,1151.0,42,185,1140.5,JM2512,JM
2025-03-25,1145.0,1145.5,1139.5,1140.5,35,192,1142.5,JM2512,JM
2025-03-26,1140.5,1144.0,1137.0,1144.0,44,191,1139.5,JM2512,JM
2025-03-27,1148.5,1150.0,1148.0,1148.5,5,192,1149.0,JM2512,JM
2025-03-28,1142.5,1146.0,1139.5,1140.5,19,196,1141.5,JM2512,JM
2025-03-31,1138.0,1138.0,1115.0,1115.0,17,204,1123.5,JM2512,JM
2025-04-01,1116.5,1136.5,1114.0,1130.0,38,214,1125.0,JM2512,JM
2025-04-02,1128.0,1130.5,1124.0,1124.0,13,212,1126.5,JM2512,JM
2025-04-03,1119.0,1128.0,1119.0,1128.0,2,214,1123.5,JM2512,JM
2025-04-07,1093.5,1115.0,1093.5,1100.5,10,217,1101.5,JM2512,JM
2025-04-08,1109.0,1111.0,1065.5,1071.5,45,211,1078.5,JM2512,JM
2025-04-09,1071.5,1071.5,1019.0,1058.0,30,210,1043.5,JM2512,JM
2025-04-10,1054.5,1071.0,1053.5,1059.0,31,217,1063.5,JM2512,JM
2025-04-11,1052.5,1054.0,1034.0,1044.0,44,231,1043.5,JM2512,JM
2025-04-14,1049.5,1049.5,1036.5,1045.0,78,242,1044.5,JM2512,JM
2025-04-15,1039.0,1039.5,1036.0,1039.5,7,247,1039.0,JM2512,JM
2025-04-16,1035.0,1038.0,1011.0,1019.0,49,259,1021.0,JM2512,JM
2025-04-17,1011.0,1016.5,1006.5,1006.5,78,302,1012.5,JM2512,JM
2025-04-18,1000.5,1006.5,980.5,1000.0,102,311,996.5,JM2512,JM
2025-04-21,995.0,1001.0,990.0,998.0,50,314,993.0,JM2512,JM
2025-04-22,998.0,998.0,962.5,967.0,146,312,977.0,JM2512,JM
2025-04-23,965.5,1002.5,965.5,1002.0,52,312,988.0,JM2512,JM
2025-04-24,1004.5,1006.0,991.5,993.0,18,318,997.0,JM2512,JM
2025-04-25,1000.0,1023.0,995.0,995.0,197,333,1004.5,JM2512,JM
2025-04-28,1000.0,1001.5,990.0,990.0,29,346,993.0,JM2512,JM
2025-04-29,989.0,989.0,972.5,975.5,30,349,978.0,JM2512,JM
2025-04-30,975.5,976.0,965.5,969.0,34,358,970.5,JM2512,JM
2025-05-06,973.5,973.5,950.0,951.0,25,357,956.5,JM2512,JM
2025-05-07,951.0,965.0,942.0,945.5,57,363,956.0,JM2512,JM
2025-05-08,940.5,940.5,913.5,918.0,245,398,925.0,JM2512,JM
2025-05-09,918.5,918.5,894.5,895.5,113,457,904.5,JM2512,JM
2025-05-12,896.0,900.0,879.0,897.0,262,383,888.0,JM2512,JM
2025-05-13,905.0,905.0,880.0,884.0,183,461,892.0,JM2512,JM
2025-05-14,881.5,909.0,870.5,907.0,198,462,894.5,JM2512,JM
2025-05-15,907.0,912.5,894.0,894.0,303,466,905.0,JM2512,JM
2025-05-16,896.0,896.5,873.5,875.5,108,492,885.0,JM2512,JM
2025-05-19,875.5,878.0,855.5,859.0,153,531,865.0,JM2512,JM
2025-05-20,858.5,865.0,852.5,852.5,101,555,858.0,JM2512,JM
2025-05-21,852.5,866.5,848.5,857.0,121,562,859.0,JM2512,JM
2025-05-22,851.5,860.0,842.0,844.5,111,565,849.0,JM2512,JM
2025-05-23,842.0,842.5,821.5,821.5,186,602,833.0,JM2512,JM
2025-05-26,821.0,825.0,810.5,816.0,249,678,820.0,JM2512,JM
2025-05-27,818.5,821.0,808.0,814.5,84,677,813.5,JM2512,JM
2025-05-28,814.5,819.0,795.5,798.0,254,733,804.0,JM2512,JM
2025-05-29,798.5,798.5,778.5,780.5,232,822,784.5,JM2512,JM
2025-05-30,779.5,779.5,748.5,748.5,309,879,761.0,JM2512,JM
2025-06-03,745.0,745.0,726.5,736.5,240,904,736.0,JM2512,JM
2025-06-04,736.5,788.0,736.5,786.0,286,967,757.5,JM2512,JM
2025-06-05,783.0,783.0,760.0,775.0,428,1076,773.5,JM2512,JM
2025-06-06,775.0,808.0,775.0,792.0,473,997,793.0,JM2512,JM
2025-06-09,795.0,801.0,787.0,795.5,145,1004,793.5,JM2512,JM
2025-06-10,795.0,800.0,770.5,793.0,450,964,783.0,JM2512,JM
2025-06-11,794.5,805.0,787.0,794.5,364,961,795.0,JM2512,JM
2025-06-12,790.0,792.5,780.0,781.0,163,1000,788.5,JM2512,JM
2025-06-13,779.0,798.5,773.0,788.5,524,1048,783.0,JM2512,JM
2025-06-16,783.5,815.0,783.0,810.5,274,1011,799.5,JM2512,JM
2025-06-17,810.5,817.5,800.0,803.5,277,1032,810.5,JM2512,JM
2025-06-18,805.0,818.0,801.5,813.0,199,1014,809.5,JM2512,JM
2025-06-19,811.5,817.0,806.0,810.5,139,1016,810.5,JM2512,JM
2025-06-20,814.5,829.0,810.5,816.0,145,1010,817.5,JM2512,JM
2025-06-23,815.0,841.5,815.0,840.0,236,1033,827.5,JM2512,JM
2025-06-24,839.5,846.0,817.5,821.0,337,999,834.5,JM2512,JM
2025-06-25,821.0,842.5,815.0,840.0,135,1001,823.5,JM2512,JM
2025-06-26,838.5,850.0,834.5,848.5,195,1006,840.5,JM2512,JM
2025-06-27,854.5,881.5,852.0,881.5,377,960,866.0,JM2512,JM
2025-06-30,881.5,887.0,852.5,854.0,348,954,874.5,JM2512,JM
2025-07-01,852.5,858.5,838.0,849.0,927,1328,848.0,JM2512,JM
2025-07-02,849.5,882.5,846.0,881.5,835,1708,865.0,JM2512,JM
2025-07-03,887.5,903.5,876.0,900.5,790,1985,887.0,JM2512,JM
2025-07-04,900.5,907.0,879.5,881.5,1567,2307,894.0,JM2512,JM
2025-07-07,881.5,888.5,871.5,880.0,1042,2531,878.5,JM2512,JM
2025-07-08,878.0,891.0,871.0,886.5,671,2724,880.0,JM2512,JM
2025-07-09,886.5,908.5,886.5,904.0,945,2883,897.5,JM2512,JM
2025-07-10,905.0,934.0,903.0,929.5,856,2944,919.5,JM2512,JM
2025-07-11,926.5,949.5,921.5,941.5,1447,3007,934.5,JM2512,JM
2025-07-14,938.5,952.5,931.5,950.5,1901,3591,943.0,JM2512,JM
2025-07-15,949.0,960.0,937.5,952.5,1967,3930,950.0,JM2512,JM
2025-07-16,955.5,958.0,925.5,935.5,1651,4223,940.0,JM2512,JM
2025-07-17,934.5,959.0,931.0,959.0,2017,4422,944.0,JM2512,JM
2025-07-18,962.5,982.0,960.0,968.0,1677,4640,970.0,JM2512,JM
2025-07-21,971.0,1047.5,971.0,1047.0,3074,4834,1015.5,JM2512,JM
2025-07-22,1053.0,1127.0,1048.0,1127.0,10907,5410,1089.5,JM2512,JM
2025-07-23,1131.0,1201.0,1113.0,1187.0,19641,5731,1164.5,JM2512,JM
2025-07-24,1187.5,1257.5,1159.5,1251.5,20046,5788,1208.0,JM2512,JM
2025-07-25,1249.5,1304.5,1241.5,1304.5,13427,7064,1267.5,JM2512,JM
2025-07-28,1295.5,1300.0,1166.5,1166.5,29262,6765,1217.5,JM2512,JM
2025-07-29,1150.5,1184.0,1097.5,1181.0,20517,9511,1140.0,JM2512,JM
2025-07-30,1181.5,1230.0,1134.5,1200.0,30163,10834,1199.0,JM2512,JM
2025-07-31,1198.0,1205.5,1103.5,1103.5,27237,11397,1151.5,JM2512,JM
2025-08-01,1100.0,1119.0,1059.5,1062.0,18804,11414,1091.0,JM2512,JM
2025-08-04,1067.5,1102.0,1035.0,1099.5,12410,11644,1068.0,JM2512,JM
2025-08-05,1100.0,1153.0,1070.0,1140.5,15161,11280,1107.5,JM2512,JM
2025-08-06,1143.0,1196.0,1128.5,1194.5,25746,10688,1171.0,JM2512,JM
2025-08-07,1196.0,1236.0,1168.0,1212.5,33195,11863,1204.5,JM2512,JM
2025-08-08,1211.0,1217.5,1182.5,1205.5,14328,11265,1200.5,JM2512,JM
2025-08-11,1196.5,1241.0,1167.5,1236.5,14542,11175,1209.5,JM2512,JM
2025-08-12,1239.0,1306.0,1225.0,1296.0,17951,11897,1270.5,JM2512,JM
2025-08-13,1293.0,1310.0,1207.5,1219.0,20483,11505,1272.5,JM2512,JM
2025-08-14,1215.0,1235.0,1171.0,1188.0,16918,11266,1201.0,JM2512,JM
2025-08-15,1188.5,1214.0,1178.0,1201.0,13747,11255,1197.5,JM2512,JM
2025-08-18,1206.0,1220.5,1141.5,1159.5,20845,11504,1182.5,JM2512,JM
2025-08-19,1176.0,1185.0,1148.5,1166.5,15908,11856,1167.0,JM2512,JM
2025-08-20,1155.0,1184.5,1100.0,1133.0,23075,12647,1131.5,JM2512,JM
2025-08-21,1142.0,1146.5,1112.0,1115.0,14542,13492,1131.5,JM2512,JM
2025-08-22,1107.5,1132.0,1099.5,1129.0,12694,13259,1111.0,JM2512,JM
2025-08-25,1132.5,1193.5,1129.5,1179.0,20109,14225,1168.5,JM2512,JM
2025-08-26,1184.0,1188.0,1126.5,1129.0,14867,13919,1162.5,JM2512,JM
2025-08-27,1128.0,1153.0,1111.0,1118.0,22340,13062,1133.5,JM2512,JM
2025-08-28,1132.0,1137.0,1099.0,1137.0,14772,13804,1117.0,JM2512,JM
2025-08-29,1140.5,1142.5,1101.5,1112.0,13732,14353,1116.5,JM2512,JM
2025-09-01,1118.0,1118.0,1059.5,1080.0,12867,15146,1083.5,JM2512,JM
2025-09-02,1080.0,1097.5,1068.5,1071.5,9004,15809,1081.5,JM2512,JM
2025-09-03,1074.0,1091.0,1058.0,1064.5,8217,16337,1074.5,JM2512,JM
2025-09-04,1058.0,1064.0,1030.5,1045.5,10302,17526,1043.0,JM2512,JM
2025-09-05,1045.0,1119.5,1041.5,1103.5,15241,17179,1088.0,JM2512,JM
2025-09-08,1103.0,1111.5,1067.5,1088.0,13229,17890,1086.5,JM2512,JM
2025-09-09,1087.0,1094.0,1067.5,1069.0,7566,17926,1082.5,JM2512,JM
2025-09-10,1067.5,1079.5,1050.5,1064.5,8516,17431,1064.0,JM2512,JM
2025-09-11,1065.0,1094.0,1065.0,1086.5,7917,17542,1080.5,JM2512,JM
2025-09-12,1083.5,1099.5,1072.5,1092.0,6834,17102,1085.0,JM2512,JM
2025-09-15,1089.0,1138.5,1089.0,1131.5,12689,18896,1115.5,JM2512,JM
2025-09-16,1143.5,1188.0,1138.0,1176.0,17928,20697,1170.5,JM2512,JM
2025-09-17,1180.0,1191.0,1146.0,1166.0,13857,20969,1163.5,JM2512,JM
2025-09-18,1164.0,1170.5,1128.0,1139.5,10569,21442,1148.5,JM2512,JM
2025-09-19,1150.0,1164.5,1132.5,1162.0,8103,21760,1148.5,JM2512,JM
2025-09-22,1165.0,1182.0,1135.5,1150.0,12583,22067,1155.5,JM2512,JM
2025-09-23,1147.5,1154.0,1125.5,1148.0,6772,22071,1140.5,JM2512,JM
2025-09-24,1156.0,1162.0,1136.5,1149.5,10225,20975,1149.5,JM2512,JM
2025-09-25,1155.0,1162.5,1139.0,1158.5,6387,20586,1152.5,JM2512,JM
2025-09-26,1156.5,1157.0,1125.5,1126.0,7911,20164,1142.0,JM2512,JM
2025-09-29,1131.0,1131.0,1085.0,1086.0,6902,19036,1102.5,JM2512,JM
2025-09-30,1089.0,1100.0,1047.5,1055.0,5843,19041,1071.0,JM2512,JM
2025-10-09,1055.0,1098.5,1055.0,1093.0,6186,19809,1075.5,JM2512,JM
2025-10-10,1096.5,1106.0,1078.5,1087.0,6612,20669,1092.0,JM2512,JM
2025-10-13,1090.5,1100.0,1055.0,1075.5,8612,21054,1071.0,JM2512,JM
2025-10-14,1077.0,1091.5,1049.5,1084.0,6729,21058,1072.5,JM2512,JM
2025-10-15,1080.5,1095.0,1065.0,1084.0,8939,21893,1080.5,JM2512,JM
2025-10-16,1088.0,1122.5,1076.5,1121.5,9903,22851,1098.5,JM2512,JM
2025-10-17,1126.0,1132.0,1110.0,1112.0,10872,23708,1120.0,JM2512,JM
2025-10-20,1121.0,1166.5,1119.0,1148.5,15522,23160,1150.0,JM2512,JM
2025-10-21,1150.0,1150.0,1108.5,1113.5,10149,22870,1125.5,JM2512,JM
2025-10-22,1118.0,1145.5,1116.5,1143.0,7592,23110,1131.0,JM2512,JM
2025-10-23,1132.0,1200.5,1132.0,1200.0,11394,23679,1170.0,JM2512,JM
2025-10-24,1200.0,1209.0,1175.5,1189.0,14717,23824,1190.0,JM2512,JM
2025-10-27,1183.5,1202.5,1166.5,1201.0,15805,24691,1188.5,JM2512,JM
2025-10-28,1205.0,1209.0,1174.0,1176.0,11245,23943,1193.0,JM2512,JM
2025-10-29,1174.0,1232.5,1172.5,1226.5,19936,23498,1201.5,JM2512,JM
2025-10-30,1227.0,1239.5,1209.5,1214.5,19222,20734,1221.0,JM2512,JM
2025-10-31,1217.5,1247.5,1207.5,1218.0,16742,19920,1226.5,JM2512,JM
2025-11-03,1217.5,1230.0,1194.0,1210.5,11782,17928,1214.0,JM2512,JM
2025-11-04,1210.5,1222.0,1185.0,1189.0,12436,15757,1203.0,JM2512,JM
2025-11-05,1189.0,1205.0,1175.5,1198.0,8269,14962,1190.0,JM2512,JM
2025-11-06,1197.0,1224.0,1192.0,1221.0,11793,14018,1210.5,JM2512,JM
2025-11-07,1221.5,1225.0,1192.0,1202.5,9444,12225,1208.5,JM2512,JM
2025-11-10,1195.0,1207.0,1178.5,1195.5,9132,10686,1191.0,JM2512,JM
2025-11-11,1196.0,1202.0,1141.0,1141.5,12287,8132,1169.5,JM2512,JM
2025-11-12,1142.0,1158.0,1137.5,1147.5,4988,6816,1147.5,JM2512,JM
2025-11-13,1147.0,1153.0,1134.5,1146.0,5513,6299,1145.0,JM2512,JM
2025-11-14,1146.5,1154.0,1115.0,1124.0,4964,5956,1131.0,JM2512,JM
2025-11-17,1126.0,1138.0,1117.5,1126.0,5408,5415,1126.5,JM2512,JM
2025-11-18,1126.5,1126.5,1074.0,1080.0,4297,5067,1090.0,JM2512,JM
2025-11-19,1081.0,1083.5,1059.0,1060.0,2081,4071,1071.0,JM2512,JM
2025-11-20,1065.0,1068.5,1014.5,1016.0,2024,3627,1033.5,JM2512,JM
2025-11-21,1024.5,1025.0,989.0,995.0,1782,3547,1012.5,JM2512,JM
2025-11-24,993.0,1006.0,969.5,994.5,2221,3233,991.0,JM2512,JM
2025-11-25,993.0,1011.5,987.5,994.0,727,2925,999.0,JM2512,JM
2025-11-26,999.0,999.0,960.0,982.5,751,2666,974.5,JM2512,JM
2025-11-27,978.5,983.0,956.5,956.5,760,2382,970.5,JM2512,JM
2025-11-28,956.5,967.5,935.0,961.0,2732,1219,953.0,JM2512,JM
2025-12-01,976.0,990.0,954.0,982.0,52,628,969.5,JM2512,JM
2025-12-02,972.0,979.0,960.5,960.5,17,621,973.0,JM2512,JM
2025-12-03,966.5,970.0,966.5,970.0,4,618,968.5,JM2512,JM
2025-12-04,950.0,959.0,950.0,953.5,10,608,952.5,JM2512,JM
2025-12-05,949.0,949.0,949.0,949.0,3,605,949.0,JM2512,JM
2025-12-09,875.0,876.0,875.0,876.0,102,204,875.5,JM2512,JM
2025-12-10,875.5,875.5,875.5,875.5,1,203,875.5,JM2512,JM
2025-12-12,900.5,900.5,900.5,900.5,3,0,962.5,JM2512,JM
2025-01-16,1199.0,1260.0,1150.0,1258.5,172,74,1213.0,JM2601,JM
2025-01-17,1258.0,1271.0,1252.0,1269.0,42,97,1262.5,JM2601,JM
2025-01-20,1265.0,1268.5,1240.0,1246.0,65,131,1253.5,JM2601,JM
2025-01-21,1250.0,1260.5,1243.0,1252.5,36,133,1253.5,JM2601,JM
2025-01-22,1242.0,1243.5,1236.0,1240.5,33,151,1241.0,JM2601,JM
2025-01-23,1247.5,1259.5,1233.5,1241.5,52,162,1247.5,JM2601,JM
2025-01-24,1230.0,1244.5,1230.0,1244.0,22,156,1235.5,JM2601,JM
2025-01-27,1235.0,1248.5,1234.5,1245.5,37,166,1241.0,JM2601,JM
2025-02-05,1224.0,1233.0,1219.0,1220.0,93,210,1227.0,JM2601,JM
2025-02-06,1227.0,1249.0,1227.0,1243.5,47,214,1239.5,JM2601,JM
2025-02-07,1250.0,1280.0,1240.0,1269.5,173,276,1262.0,JM2601,JM
2025-02-10,1263.0,1269.0,1255.0,1266.0,74,283,1261.5,JM2601,JM
2025-02-11,1266.5,1266.5,1240.0,1246.5,65,300,1251.5,JM2601,JM
2025-02-12,1251.0,1256.5,1239.5,1256.5,86,340,1252.5,JM2601,JM
2025-02-13,1255.5,1257.0,1233.0,1239.0,169,386,1248.0,JM2601,JM
2025-02-14,1234.5,1241.0,1227.0,1227.0,149,407,1235.0,JM2601,JM
2025-02-17,1224.5,1235.0,1220.0,1228.5,68,423,1225.0,JM2601,JM
2025-02-18,1225.0,1238.0,1225.0,1238.0,38,426,1230.5,JM2601,JM
2025-02-19,1238.0,1240.0,1230.0,1230.0,45,453,1236.5,JM2601,JM
2025-02-20,1240.0,1259.0,1236.5,1258.0,84,476,1245.5,JM2601,JM
2025-02-21,1262.0,1268.5,1259.0,1266.5,137,474,1262.5,JM2601,JM
2025-02-24,1263.5,1263.5,1237.5,1241.5,241,600,1249.5,JM2601,JM
2025-02-25,1244.0,1244.0,1229.0,1229.0,145,633,1232.5,JM2601,JM
2025-02-26,1229.0,1237.0,1223.5,1224.0,165,674,1229.0,JM2601,JM
2025-02-27,1223.0,1227.0,1211.5,1225.0,124,677,1220.0,JM2601,JM
2025-02-28,1224.5,1225.5,1216.0,1217.5,68,687,1221.0,JM2601,JM
2025-03-03,1229.0,1249.5,1225.5,1227.0,183,713,1234.5,JM2601,JM
2025-03-04,1229.0,1233.5,1218.0,1218.0,53,725,1222.0,JM2601,JM
2025-03-05,1216.0,1217.5,1180.0,1180.0,392,983,1195.0,JM2601,JM
2025-03-06,1181.0,1188.5,1171.5,1182.0,199,1063,1180.0,JM2601,JM
2025-03-07,1181.0,1192.0,1178.0,1186.0,233,1027,1187.0,JM2601,JM
2025-03-10,1179.5,1189.0,1162.0,1163.0,283,1139,1173.0,JM2601,JM
2025-03-11,1160.0,1168.0,1159.0,1160.5,165,1224,1163.0,JM2601,JM
2025-03-12,1164.0,1173.0,1156.0,1162.5,231,1310,1162.0,JM2601,JM
2025-03-13,1163.0,1186.5,1163.0,1180.0,366,1482,1174.5,JM2601,JM
2025-03-14,1179.0,1184.0,1173.0,1183.0,213,1492,1178.0,JM2601,JM
2025-03-17,1178.0,1182.5,1160.0,1166.5,237,1523,1168.0,JM2601,JM
2025-03-18,1172.0,1174.0,1164.5,1165.5,145,1562,1168.5,JM2601,JM
2025-03-19,1161.0,1165.5,1146.0,1147.5,603,1685,1154.5,JM2601,JM
2025-03-20,1149.5,1158.0,1141.0,1143.0,300,1763,1147.0,JM2601,JM
2025-03-21,1144.0,1148.0,1128.5,1131.0,305,1865,1135.5,JM2601,JM
2025-03-24,1130.5,1149.5,1124.0,1145.0,460,1903,1139.0,JM2601,JM
2025-03-25,1145.0,1145.0,1136.0,1141.0,432,1958,1140.0,JM2601,JM
2025-03-26,1142.0,1146.0,1134.0,1142.0,413,2070,1140.0,JM2601,JM
2025-03-27,1143.0,1151.5,1142.5,1148.5,288,2105,1147.5,JM2601,JM
2025-03-28,1147.0,1147.5,1139.0,1140.0,171,2115,1142.5,JM2601,JM
2025-03-31,1140.0,1140.0,1111.5,1115.5,638,2340,1125.0,JM2601,JM
2025-04-01,1115.0,1136.0,1109.0,1130.0,609,2496,1121.0,JM2601,JM
2025-04-02,1129.0,1134.5,1120.5,1126.0,496,2709,1125.5,JM2601,JM
2025-04-03,1126.5,1127.5,1116.0,1123.5,417,2874,1121.5,JM2601,JM
2025-04-07,1095.0,1115.5,1074.0,1098.5,813,2871,1100.0,JM2601,JM
2025-04-08,1104.0,1108.0,1062.0,1071.0,1071,3160,1081.5,JM2601,JM
2025-04-09,1072.5,1074.5,1019.0,1058.0,1249,3320,1051.0,JM2601,JM
2025-04-10,1051.0,1085.0,1049.0,1062.0,1007,3632,1065.5,JM2601,JM
2025-04-11,1061.0,1061.0,1035.5,1050.5,1450,4314,1046.5,JM2601,JM
2025-04-14,1046.0,1050.0,1038.5,1046.5,1499,4479,1045.5,JM2601,JM
2025-04-15,1049.0,1055.0,1036.0,1039.5,1197,4972,1042.5,JM2601,JM
2025-04-16,1036.0,1040.0,1011.0,1019.5,1840,5279,1023.5,JM2601,JM
2025-04-17,1022.5,1023.5,1006.0,1006.0,2510,5463,1013.0,JM2601,JM
2025-04-18,1005.0,1009.5,982.0,1000.5,4344,6199,997.0,JM2601,JM
2025-04-21,1003.5,1008.0,990.0,1002.5,3179,6844,999.0,JM2601,JM
2025-04-22,1001.5,1003.0,969.5,973.0,3089,7922,983.5,JM2601,JM
2025-04-23,978.0,1011.5,975.5,1006.5,5192,8242,994.5,JM2601,JM
2025-04-24,1003.0,1010.0,997.5,1004.5,3540,8399,1003.5,JM2601,JM
2025-04-25,1005.0,1027.0,999.5,1004.0,4790,8518,1014.0,JM2601,JM
2025-04-28,1002.0,1017.5,998.0,1001.0,3319,8457,1007.0,JM2601,JM
2025-04-29,997.0,1000.5,981.0,987.5,3428,8530,990.5,JM2601,JM
2025-04-30,990.0,990.0,973.0,980.0,3319,8862,981.0,JM2601,JM
2025-05-06,979.0,988.0,955.0,959.5,4476,9378,964.0,JM2601,JM
2025-05-07,963.0,975.0,946.5,951.0,5985,11333,959.0,JM2601,JM
2025-05-08,950.5,950.5,917.5,922.0,16886,16164,928.5,JM2601,JM
2025-05-09,923.0,923.5,894.5,896.0,19365,22580,905.0,JM2601,JM
2025-05-12,896.5,902.5,878.0,900.5,28395,27484,891.0,JM2601,JM
2025-05-13,904.5,908.0,877.0,881.5,18886,30935,887.5,JM2601,JM
2025-05-14,881.0,911.0,870.0,911.0,26836,31249,892.5,JM2601,JM
2025-05-15,908.5,914.0,892.5,899.0,18818,33254,904.0,JM2601,JM
2025-05-16,899.0,899.0,873.0,874.0,16677,34817,882.5,JM2601,JM
2025-05-19,875.5,881.5,854.0,855.5,25610,41109,863.5,JM2601,JM
2025-05-20,857.0,866.0,849.5,851.0,20285,43553,857.0,JM2601,JM
2025-05-21,850.0,866.5,846.0,856.5,27319,45303,855.5,JM2601,JM
2025-05-22,855.5,860.0,841.5,844.0,21596,48857,850.5,JM2601,JM
2025-05-23,843.5,843.5,820.0,820.5,33445,54514,832.5,JM2601,JM
2025-05-26,819.5,825.0,807.5,813.0,35641,58774,817.5,JM2601,JM
2025-05-27,814.0,821.0,805.0,815.0,23353,59085,812.5,JM2601,JM
2025-05-28,814.0,819.0,792.5,795.0,27629,62394,805.0,JM2601,JM
2025-05-29,796.0,796.5,775.5,778.0,39499,67748,783.5,JM2601,JM
2025-05-30,776.0,777.0,747.0,747.5,53116,72273,760.5,JM2601,JM
2025-06-03,745.0,746.5,725.5,735.5,47678,81256,735.0,JM2601,JM
2025-06-04,739.5,788.0,738.0,786.0,98673,90670,764.0,JM2601,JM
2025-06-05,780.5,781.5,760.0,773.0,78693,90671,770.5,JM2601,JM
2025-06-06,774.5,807.5,774.0,792.5,83160,92959,793.5,JM2601,JM
2025-06-09,796.5,802.0,787.0,793.5,46061,94655,794.5,JM2601,JM
2025-06-10,794.0,799.0,767.5,791.5,73876,99099,784.0,JM2601,JM
2025-06-11,791.0,804.0,786.0,793.0,50903,100503,794.5,JM2601,JM
2025-06-12,793.5,794.0,778.0,779.0,38222,102297,785.5,JM2601,JM
2025-06-13,780.0,798.5,772.0,788.0,65143,103274,786.5,JM2601,JM
2025-06-16,786.0,815.5,781.5,810.5,58848,108146,798.0,JM2601,JM
2025-06-17,805.5,819.5,801.5,807.0,57948,112352,810.5,JM2601,JM
2025-06-18,809.0,819.5,801.5,815.5,51127,118325,812.5,JM2601,JM
2025-06-19,817.0,819.0,806.5,814.0,46614,117807,812.0,JM2601,JM
2025-06-20,815.0,831.0,810.0,821.5,54947,119977,820.5,JM2601,JM
2025-06-23,820.0,845.0,816.0,843.5,65393,126272,830.5,JM2601,JM
2025-06-24,843.5,850.5,822.5,827.5,115794,127079,839.0,JM2601,JM
2025-06-25,822.5,850.0,820.5,847.5,90556,134298,832.5,JM2601,JM
2025-06-26,845.0,858.0,841.0,855.5,72704,137279,848.0,JM2601,JM
2025-06-27,856.0,894.0,856.0,890.0,113779,140586,875.0,JM2601,JM
2025-06-30,888.0,900.0,860.0,861.0,129940,145423,886.0,JM2601,JM
2025-07-01,858.0,864.5,844.5,857.0,141184,151778,854.0,JM2601,JM
2025-07-02,860.0,894.5,851.5,891.5,164056,165615,871.5,JM2601,JM
2025-07-03,891.5,918.5,887.0,914.0,180788,183685,901.0,JM2601,JM
2025-07-04,920.0,920.0,886.0,888.5,239261,187742,905.0,JM2601,JM
2025-07-07,883.0,898.0,877.0,888.5,181278,190156,885.5,JM2601,JM
2025-07-08,885.0,897.5,877.5,891.0,135175,197216,887.5,JM2601,JM
2025-07-09,896.0,916.0,894.0,911.0,213341,210062,905.0,JM2601,JM
2025-07-10,909.0,941.0,908.5,934.5,200847,216335,922.0,JM2601,JM
2025-07-11,930.0,955.0,927.0,946.0,232392,215161,941.5,JM2601,JM
2025-07-14,942.5,965.0,935.0,963.5,191909,229191,948.5,JM2601,JM
2025-07-15,963.5,971.5,943.5,962.0,253222,238203,959.5,JM2601,JM
2025-07-16,961.0,967.5,931.5,943.5,251175,243586,948.0,JM2601,JM
2025-07-17,942.5,969.0,936.5,968.0,269239,257533,951.5,JM2601,JM
2025-07-18,971.5,990.5,969.0,975.5,292959,261865,978.0,JM2601,JM
2025-07-21,980.0,1056.0,979.5,1056.0,448862,261191,1024.5,JM2601,JM
2025-07-22,1060.0,1137.0,1057.0,1137.0,734226,277885,1102.5,JM2601,JM
2025-07-23,1148.0,1219.0,1117.5,1195.5,1047136,285458,1177.5,JM2601,JM
2025-07-24,1180.0,1271.5,1168.0,1264.5,1055062,314655,1221.0,JM2601,JM
2025-07-25,1270.0,1318.5,1252.0,1318.5,853023,338259,1282.5,JM2601,JM
2025-07-28,1305.0,1314.0,1180.0,1180.0,1211500,312525,1232.5,JM2601,JM
2025-07-29,1158.0,1218.5,1118.5,1214.5,1197168,356472,1164.0,JM2601,JM
2025-07-30,1218.0,1257.0,1166.0,1232.5,1697886,407579,1233.5,JM2601,JM
2025-07-31,1213.0,1230.0,1135.0,1135.0,1549275,416755,1179.0,JM2601,JM
2025-08-01,1120.0,1153.5,1062.5,1092.5,2225298,427980,1115.0,JM2601,JM
2025-08-04,1099.5,1143.0,1066.5,1141.0,1908758,487977,1105.5,JM2601,JM
2025-08-05,1140.0,1193.5,1111.0,1182.0,2494846,526291,1147.0,JM2601,JM
2025-08-06,1182.0,1233.0,1172.5,1221.0,2622048,603612,1202.0,JM2601,JM
2025-08-07,1226.5,1254.0,1185.0,1229.5,3371852,649421,1221.0,JM2601,JM
2025-08-08,1228.0,1237.5,1202.0,1227.0,2099880,660256,1219.5,JM2601,JM
2025-08-11,1215.0,1264.5,1185.5,1256.0,2366892,690736,1227.5,JM2601,JM
2025-08-12,1256.0,1325.0,1247.0,1313.0,2198089,718946,1283.5,JM2601,JM
2025-08-13,1313.0,1328.0,1230.5,1245.0,2684599,685537,1295.0,JM2601,JM
2025-08-14,1212.5,1256.5,1192.5,1214.0,2526893,660629,1226.0,JM2601,JM
2025-08-15,1215.5,1242.0,1205.0,1230.0,1848441,659496,1223.5,JM2601,JM
2025-08-18,1238.0,1252.0,1168.0,1187.5,1808726,716097,1217.5,JM2601,JM
2025-08-19,1189.5,1211.0,1174.0,1194.5,1364959,713865,1193.5,JM2601,JM
2025-08-20,1210.0,1215.0,1126.0,1162.5,1974478,698714,1164.5,JM2601,JM
2025-08-21,1168.0,1178.0,1143.0,1147.0,1364024,699348,1164.0,JM2601,JM
2025-08-22,1141.5,1164.0,1127.5,1162.0,1324473,700688,1141.5,JM2601,JM
2025-08-25,1162.0,1229.5,1162.0,1215.5,1938899,722514,1198.5,JM2601,JM
2025-08-26,1224.5,1225.5,1158.0,1160.5,1653107,717776,1200.5,JM2601,JM
2025-08-27,1162.0,1183.0,1142.0,1154.0,1598322,724843,1164.5,JM2601,JM
2025-08-28,1155.0,1175.5,1133.0,1175.0,1446978,741087,1152.5,JM2601,JM
2025-08-29,1178.0,1180.5,1139.5,1151.0,1398041,738966,1156.5,JM2601,JM
2025-09-01,1152.0,1153.0,1095.0,1118.5,1384225,748959,1121.5,JM2601,JM
2025-09-02,1119.0,1138.0,1107.5,1112.5,1220833,734912,1120.0,JM2601,JM
2025-09-03,1120.0,1132.5,1097.5,1106.0,1068419,745765,1116.5,JM2601,JM
2025-09-04,1105.5,1106.5,1075.0,1094.5,1185403,733627,1089.5,JM2601,JM
2025-09-05,1095.0,1172.0,1090.5,1158.5,1732556,721541,1127.5,JM2601,JM
2025-09-08,1163.0,1166.0,1121.5,1143.5,1421584,717820,1142.5,JM2601,JM
2025-09-09,1143.0,1151.5,1122.0,1123.5,1025227,717584,1139.0,JM2601,JM
2025-09-10,1117.0,1131.5,1101.5,1117.0,1007217,704402,1115.5,JM2601,JM
2025-09-11,1117.5,1149.0,1117.5,1141.5,1064365,718075,1134.5,JM2601,JM
2025-09-12,1140.0,1152.0,1125.0,1144.5,959111,697002,1137.5,JM2601,JM
2025-09-15,1147.5,1198.0,1147.0,1187.5,1242285,730041,1172.0,JM2601,JM
2025-09-16,1200.0,1249.0,1195.0,1240.5,1466001,763971,1228.5,JM2601,JM
2025-09-17,1255.0,1258.5,1208.5,1233.0,1392210,760526,1229.5,JM2601,JM
2025-09-18,1230.0,1237.5,1192.0,1203.5,1192468,724372,1215.5,JM2601,JM
2025-09-19,1203.0,1234.0,1200.5,1232.0,1078119,723291,1216.0,JM2601,JM
2025-09-22,1236.5,1253.0,1204.0,1217.5,1299354,716268,1229.0,JM2601,JM
2025-09-23,1214.0,1224.0,1193.5,1217.5,1065414,706845,1209.5,JM2601,JM
2025-09-24,1221.0,1237.0,1207.5,1224.5,1105274,699690,1222.5,JM2601,JM
2025-09-25,1229.5,1239.0,1215.0,1234.5,735240,683520,1229.0,JM2601,JM
2025-09-26,1229.5,1232.5,1195.0,1196.5,832745,688546,1214.5,JM2601,JM
2025-09-29,1191.0,1194.5,1152.5,1154.0,855255,623075,1171.5,JM2601,JM
2025-09-30,1155.5,1168.0,1117.5,1126.0,704064,554567,1146.0,JM2601,JM
2025-10-09,1126.0,1169.5,1126.0,1164.0,495533,568971,1147.0,JM2601,JM
2025-10-10,1170.0,1179.0,1151.5,1161.0,700936,596453,1165.0,JM2601,JM
2025-10-13,1163.0,1174.5,1128.0,1146.0,818806,589409,1145.0,JM2601,JM
2025-10-14,1150.0,1162.5,1116.0,1153.5,968042,607030,1139.5,JM2601,JM
2025-10-15,1150.0,1164.0,1131.5,1151.0,933698,601850,1147.0,JM2601,JM
2025-10-16,1155.0,1186.5,1142.5,1185.5,981288,623751,1162.0,JM2601,JM
2025-10-17,1190.5,1194.5,1172.0,1179.0,869924,606535,1184.5,JM2601,JM
2025-10-20,1190.0,1238.5,1187.0,1216.0,1072864,618806,1219.5,JM2601,JM
2025-10-21,1216.0,1216.0,1173.0,1177.0,914637,595972,1192.5,JM2601,JM
2025-10-22,1180.0,1212.5,1180.0,1209.5,765910,597678,1197.0,JM2601,JM
2025-10-23,1211.5,1261.0,1205.5,1258.5,1017667,683968,1231.0,JM2601,JM
2025-10-24,1261.0,1266.5,1239.0,1248.5,1033014,672945,1251.5,JM2601,JM
2025-10-27,1249.0,1267.0,1227.0,1263.5,976752,667831,1251.5,JM2601,JM
2025-10-28,1265.0,1272.0,1239.5,1242.0,848493,650364,1258.0,JM2601,JM
2025-10-29,1242.0,1307.0,1238.5,1302.0,1073974,706691,1267.5,JM2601,JM
2025-10-30,1303.0,1316.0,1282.5,1288.0,1060058,692345,1298.0,JM2601,JM
2025-10-31,1283.0,1318.0,1276.0,1286.0,1034091,673751,1295.5,JM2601,JM
2025-11-03,1286.0,1303.0,1267.0,1284.5,1020691,669763,1285.5,JM2601,JM
2025-11-04,1288.0,1295.0,1251.0,1253.0,860822,645210,1274.5,JM2601,JM
2025-11-05,1256.5,1276.5,1244.0,1268.5,807948,644473,1260.5,JM2601,JM
2025-11-06,1269.0,1294.5,1265.0,1290.5,915849,674603,1282.5,JM2601,JM
2025-11-07,1290.5,1294.5,1261.0,1270.0,829948,638430,1278.5,JM2601,JM
2025-11-10,1265.0,1276.0,1247.0,1265.5,835521,626571,1261.0,JM2601,JM
2025-11-11,1265.0,1271.5,1213.0,1213.0,1001695,628660,1242.0,JM2601,JM
2025-11-12,1210.5,1226.0,1207.0,1219.0,551780,593097,1217.5,JM2601,JM
2025-11-13,1219.0,1224.5,1202.0,1214.0,572483,592106,1213.5,JM2601,JM
2025-11-14,1215.0,1224.0,1183.0,1192.0,660309,586139,1201.0,JM2601,JM
2025-11-17,1196.0,1219.0,1192.0,1210.0,550234,558809,1205.5,JM2601,JM
2025-11-18,1205.5,1209.5,1151.0,1159.0,778204,570543,1172.5,JM2601,JM
2025-11-19,1160.0,1162.0,1138.0,1139.5,569237,549449,1150.0,JM2601,JM
2025-11-20,1139.5,1149.0,1103.0,1113.5,714601,536909,1123.5,JM2601,JM
2025-11-21,1116.5,1124.0,1096.0,1103.0,620493,497103,1113.0,JM2601,JM
2025-11-24,1103.0,1111.5,1077.0,1096.5,750678,498903,1097.0,JM2601,JM
2025-11-25,1109.0,1111.0,1082.0,1086.0,560182,496953,1097.0,JM2601,JM
2025-11-26,1090.0,1090.0,1053.5,1084.5,708590,476434,1073.0,JM2601,JM
2025-11-27,1084.5,1088.0,1066.5,1071.0,457821,452336,1075.5,JM2601,JM
2025-11-28,1069.0,1074.0,1053.0,1067.0,505376,449323,1064.0,JM2601,JM
2025-12-01,1066.0,1098.5,1055.5,1093.0,592019,423336,1076.5,JM2601,JM
2025-12-02,1093.0,1103.5,1085.0,1096.5,369820,397617,1094.5,JM2601,JM
2025-12-03,1096.5,1104.0,1062.0,1070.5,422343,392175,1079.5,JM2601,JM
2025-12-04,1075.0,1096.5,1059.5,1091.5,337231,350729,1075.0,JM2601,JM
2025-12-05,1092.5,1099.5,1054.5,1056.0,284293,308264,1079.5,JM2601,JM
2025-12-08,1053.0,1058.5,997.0,1002.5,357976,275291,1021.5,JM2601,JM
2025-12-09,1009.0,1009.0,979.0,984.0,203153,238796,990.5,JM2601,JM
2025-12-10,986.0,995.0,961.5,963.0,181257,219992,983.0,JM2601,JM
2025-12-11,964.5,973.0,931.0,934.0,212855,199252,953.5,JM2601,JM
2025-12-12,941.5,967.0,932.0,945.5,209801,179258,946.5,JM2601,JM
2025-12-15,939.0,984.5,937.5,965.5,189583,158442,970.5,JM2601,JM
2025-12-16,967.5,979.5,950.0,973.5,107356,140139,964.0,JM2601,JM
2025-12-17,974.0,981.0,961.0,970.5,70232,125116,970.5,JM2601,JM
2025-12-18,962.5,1027.0,962.5,1016.0,145358,113287,1005.5,JM2601,JM
2025-12-19,1014.0,1022.0,976.0,994.5,90621,100277,997.5,JM2601,JM
2025-12-22,1000.0,1017.5,979.0,1017.0,87458,92204,1004.0,JM2601,JM
2025-12-23,1017.0,1048.0,1016.0,1044.5,80855,75860,1034.5,JM2601,JM
2025-12-24,1036.0,1056.0,1027.5,1047.0,51604,69646,1040.5,JM2601,JM
2025-12-25,1051.5,1064.0,1033.5,1040.0,31662,62246,1043.0,JM2601,JM
2025-12-26,1038.5,1045.0,986.5,1021.5,47867,55459,1017.0,JM2601,JM
2025-12-29,1013.0,1030.0,998.0,1003.0,26611,44932,1016.0,JM2601,JM
2025-12-30,1005.0,1043.5,1001.5,1038.0,22605,33671,1024.5,JM2601,JM
2025-12-31,1060.0,1068.5,1035.0,1064.5,38982,10402,1046.0,JM2601,JM
2026-01-05,1110.0,1115.5,1041.0,1049.0,1888,7991,1081.0,JM2601,JM
2026-01-06,1045.5,1083.5,1040.0,1083.5,751,6488,1056.0,JM2601,JM
2026-01-07,1089.5,1140.0,1089.5,1135.0,645,5266,1120.0,JM2601,JM
2026-01-08,1145.0,1201.0,1145.0,1151.0,859,3801,1164.0,JM2601,JM
2026-01-09,1132.0,1189.5,1132.0,1186.0,209,3395,1143.5,JM2601,JM
2026-01-12,1184.0,1221.5,1184.0,1200.5,35,3360,1196.5,JM2601,JM
2026-01-13,1242.0,1242.0,1101.0,1101.0,289,2220,1144.5,JM2601,JM
2026-01-14,1078.5,1078.5,1078.5,1078.5,9,1820,1078.5,JM2601,JM
2026-01-15,1050.0,1100.0,1015.0,1100.0,212,417,1073.0,JM2601,JM
2026-01-16,1090.0,1105.0,1090.0,1105.0,217,0,1103.5,JM2601,JM
