date,JM2505_settle,JM2505_close,JM2509_settle,JM2509_close,JM2506_settle,JM2506_close,JM2512_settle,JM2512_close,spread_01,spread_03,spread_05
2024-05-20,1796.5,1810.0,,,,,,,,,
2024-05-21,1796.5,1790.0,,,,,,,,,
2024-05-22,1841.5,1847.0,,,,,,,,,
2024-05-23,1860.0,1853.5,,,,,,,,,
2024-05-24,1866.0,1867.0,,,,,,,,,
2024-05-27,1835.0,1855.0,,,,,,,,,
2024-05-28,1846.0,1811.0,,,,,,,,,
2024-05-29,1805.0,1820.0,,,,,,,,,
2024-05-30,1809.5,1790.0,,,,,,,,,
2024-05-31,1783.5,1785.0,,,,,,,,,
2024-06-03,1781.0,1780.5,,,,,,,,,
2024-06-04,1763.0,1765.5,,,,,,,,,
2024-06-05,1759.0,1751.0,,,,,,,,,
2024-06-06,1732.5,1732.0,,,,,,,,,
2024-06-07,1751.0,1738.0,,,,,,,,,
2024-06-11,1709.0,1709.0,,,,,,,,,
2024-06-12,1721.5,1731.5,,,,,,,,,
2024-06-13,1725.5,1732.0,,,,,,,,,
2024-06-14,1763.5,1777.5,,,,,,,,,
2024-06-17,1746.0,1743.5,,,,,,,,,
2024-06-18,1749.0,1720.5,,,,,,,,,
2024-06-19,1756.5,1744.0,,,1774.5,1774.5,,,-18.0,,
2024-06-20,1736.5,1733.5,,,,,,,,,
2024-06-21,1727.5,1714.5,,,,,,,,,
2024-06-24,1712.0,1704.0,,,,,,,,,
2024-06-25,1688.0,1691.0,,,1704.0,1704.0,,,-16.0,,
2024-06-26,1707.5,1724.0,,,,,,,,,
2024-06-27,1733.0,1725.0,,,,,,,,,
2024-06-28,1730.0,1729.0,,,,,,,,,
2024-07-01,1756.0,1770.0,,,,,,,,,
2024-07-02,1782.0,1786.0,,,,,,,,,
2024-07-03,1792.5,1797.0,,,,,,,,,
2024-07-04,1788.0,1783.5,,,,,,,,,
2024-07-05,1753.5,1732.0,,,1760.0,1760.0,,,-6.5,,
2024-07-08,1732.5,1725.0,,,,,,,,,
2024-07-09,1738.5,1736.5,,,,,,,,,
2024-07-10,1723.0,1697.0,,,1726.5,1726.5,,,-3.5,,
2024-07-11,1726.0,1728.0,,,,,,,,,
2024-07-12,1734.5,1731.5,,,,,,,,,
2024-07-15,1745.0,1739.0,,,,,,,,,
2024-07-16,1731.0,1735.0,,,,,,,,,
2024-07-17,1731.0,1712.5,,,,,,,,,
2024-07-18,1688.5,1705.0,,,,,,,,,
2024-07-19,1687.0,1681.0,,,,,,,,,
2024-07-22,1643.5,1626.5,,,,,,,,,
2024-07-23,1619.5,1600.0,,,,,,,,,
2024-07-24,1610.5,1605.0,,,,,,,,,
2024-07-25,1585.0,1570.0,,,,,,,,,
2024-07-26,1580.5,1580.5,,,,,,,,,
2024-07-29,1572.5,1563.0,,,,,,,,,
2024-07-30,1554.5,1525.0,,,,,,,,,
2024-07-31,1541.0,1548.0,,,,,,,,,
2024-08-01,1547.0,1533.0,,,,,,,,,
2024-08-02,1527.0,1536.0,,,,,,,,,
2024-08-05,1525.0,1534.5,,,,,,,,,
2024-08-06,1515.0,1509.0,,,,,,,,,
2024-08-07,1495.0,1488.0,,,,,,,,,
2024-08-08,1484.0,1455.0,,,,,,,,,
2024-08-09,1458.5,1444.0,,,,,,,,,
2024-08-12,1427.0,1407.0,,,,,,,,,
2024-08-13,1398.0,1377.5,,,,,,,,,
2024-08-14,1355.0,1340.0,,,,,,,,,
2024-08-15,1332.5,1350.5,,,,,,,,,
2024-08-16,1352.0,1325.0,,,,,,,,,
2024-08-19,1320.0,1336.0,,,,,,,,,
2024-08-20,1313.0,1310.5,,,,,,,,,
2024-08-21,1341.0,1360.0,,,,,,,,,
2024-08-22,1346.0,1334.5,,,,,,,,,
2024-08-23,1321.5,1314.5,,,,,,,,,
2024-08-26,1323.5,1361.5,,,,,,,,,
2024-08-27,1348.5,1368.0,,,,,,,,,
2024-08-28,1376.0,1377.5,,,,,,,,,
2024-08-29,1379.0,1372.0,,,1399.0,1378.0,,,-20.0,,
2024-08-30,1366.5,1366.5,,,1389.0,1389.0,,,-22.5,,
2024-09-02,1356.0,1339.5,,,,,,,,,
2024-09-03,1336.0,1328.5,,,,,,,,,
2024-09-04,1300.5,1278.0,,,1296.0,1296.0,,,4.5,,
2024-09-05,1276.0,1263.5,,,1252.5,1252.5,,,23.5,,
2024-09-06,1265.5,1257.5,,,,,,,,,
2024-09-09,1235.5,1241.0,,,,,,,,,
2024-09-10,1245.5,1240.5,,,1252.5,1253.0,,,-7.0,,
2024-09-11,1236.0,1280.5,,,1258.0,1258.0,,,-22.0,,
2024-09-12,1278.5,1292.0,,,1262.0,1299.0,,,16.5,,
2024-09-13,1277.5,1260.0,,,1263.5,1296.5,,,14.0,,
2024-09-18,1260.0,1262.0,1273.5,1249.5,1263.5,1271.0,,,-3.5,-13.5,
2024-09-19,1274.0,1287.0,1284.5,1334.0,,,,,,-10.5,
2024-09-20,1280.0,1276.0,1328.0,1312.5,1292.5,1285.0,,,-12.5,-48.0,
2024-09-23,1266.5,1242.5,1308.0,1289.0,,,,,,-41.5,
2024-09-24,1281.0,1309.5,1285.0,1327.0,1304.5,1304.5,,,-23.5,-4.0,
2024-09-25,0.0,1330.5,0.0,1361.5,0.0,1342.0,,,0.0,0.0,
2024-09-26,1350.0,1379.5,1364.0,1401.0,1390.5,1376.0,,,-40.5,-14.0,
2024-09-27,1435.0,1447.5,1446.5,1452.0,1391.0,1390.5,,,44.0,-11.5,
2024-09-30,1541.0,1592.5,1558.5,1605.5,1398.0,1535.5,,,143.0,-17.5,
2024-10-08,1559.0,1512.5,1563.5,1544.5,,,,,,-4.5,
2024-10-09,1512.0,1496.0,1539.5,1521.0,1515.5,1517.0,,,-3.5,-27.5,
2024-10-10,1476.0,1469.0,1488.0,1488.0,1472.5,1466.5,,,3.5,-12.0,
2024-10-11,1510.0,1526.5,1522.0,1522.0,,,,,,-12.0,
2024-10-14,1533.5,1535.5,1538.5,1547.0,,,,,,-5.0,
2024-10-15,1535.0,1531.5,1540.0,1548.5,,,,,,-5.0,
2024-10-16,1516.5,1484.0,1529.0,1503.0,1506.0,1506.0,,,10.5,-12.5,
2024-10-17,1463.0,1395.5,1483.0,1419.0,1487.0,1487.0,,,-24.0,-20.0,
2024-10-18,1403.5,1413.5,1413.0,1425.0,1427.0,1487.0,,,-23.5,-9.5,
2024-10-21,1415.0,1417.0,1434.0,1436.5,1426.0,1426.0,,,-11.0,-19.0,
2024-10-22,1401.5,1389.0,1417.5,1403.5,,,,,,-16.0,
2024-10-23,1396.5,1394.0,1408.5,1413.0,,,,,,-12.0,
2024-10-24,1389.0,1398.0,1404.0,1414.0,,,,,,-15.0,
2024-10-25,1417.0,1419.5,1429.0,1439.0,1412.5,1413.0,,,4.5,-12.0,
2024-10-28,1456.0,1476.0,1470.5,1495.0,1453.5,1449.0,,,2.5,-14.5,
2024-10-29,1459.0,1441.5,1494.5,1473.5,1453.5,1453.5,,,5.5,-35.5,
2024-10-30,1457.0,1452.5,1485.5,1472.0,,,,,,-28.5,
2024-10-31,1434.0,1440.5,1461.5,1457.0,1453.5,1453.5,,,-19.5,-27.5,
2024-11-01,1424.5,1417.5,1453.0,1450.0,,,,,,-28.5,
2024-11-04,1420.0,1450.0,1452.5,1481.5,1431.5,1431.5,,,-11.5,-32.5,
2024-11-05,1447.0,1440.0,1473.5,1483.0,,,,,,-26.5,
2024-11-06,1416.0,1405.0,1444.5,1435.0,,,,,,-28.5,
2024-11-07,1413.0,1422.0,1438.0,1456.0,,,,,,-25.0,
2024-11-08,1423.0,1406.0,1452.0,1437.0,,,,,,-29.0,
2024-11-11,1377.5,1366.5,1420.5,1412.5,1372.5,1372.5,,,5.0,-43.0,
2024-11-12,1339.5,1337.0,1386.0,1385.5,1356.0,1356.0,,,-16.5,-46.5,
2024-11-13,1345.5,1338.0,1380.0,1369.5,1366.5,1366.5,,,-21.0,-34.5,
2024-11-14,1336.5,1329.5,1372.5,1367.0,,,,,,-36.0,
2024-11-15,1331.0,1325.0,1378.5,1379.0,1332.5,1332.5,,,-1.5,-47.5,
2024-11-18,1331.0,1330.5,1374.5,1363.5,1327.0,1327.0,,,4.0,-43.5,
2024-11-19,1338.0,1345.5,1375.0,1384.5,,,,,,-37.0,
2024-11-20,1332.0,1334.0,1375.5,1368.0,,,,,,-43.5,
2024-11-21,1332.5,1350.5,1377.5,1388.0,1338.0,1338.0,,,-5.5,-45.0,
2024-11-22,1344.0,1324.0,1393.0,1369.0,,,,,,-49.0,
2024-11-25,1326.5,1318.0,1363.5,1359.0,1338.0,1330.5,,,-11.5,-37.0,
2024-11-26,1315.5,1312.0,1361.0,1356.5,,,,,,-45.5,
2024-11-27,1293.5,1297.5,1336.0,1340.5,1310.0,1312.5,,,-16.5,-42.5,
2024-11-28,1286.0,1281.0,1332.5,1326.5,,,,,,-46.5,
2024-11-29,1289.0,1288.5,1336.5,1332.0,,,,,,-47.5,
2024-12-02,1292.5,1291.0,1340.5,1339.0,1301.0,1301.0,,,-8.5,-48.0,
2024-12-03,1298.0,1299.5,1346.0,1348.0,1303.0,1298.0,,,-5.0,-48.0,
2024-12-04,1270.5,1262.0,1323.5,1320.0,1273.0,1266.0,,,-2.5,-53.0,
2024-12-05,1255.5,1239.5,1319.0,1300.0,1284.0,1283.0,,,-28.5,-63.5,
2024-12-06,1241.0,1234.5,1303.5,1298.5,,,,,,-62.5,
2024-12-09,1223.0,1220.0,1284.0,1283.0,,,,,,-61.0,
2024-12-10,1262.0,1242.0,1326.5,1307.5,1293.5,1287.5,,,-31.5,-64.5,
2024-12-11,1251.0,1262.0,1317.0,1325.0,,,,,,-66.0,
2024-12-12,1267.5,1277.0,1329.0,1336.5,1271.5,1265.0,,,-4.0,-61.5,
2024-12-13,1252.0,1242.5,1316.5,1312.0,,,,,,-64.5,
2024-12-16,1226.0,1222.0,1293.0,1289.5,,,1355.0,1348.0,,-67.0,-129.0
2024-12-17,1213.5,1209.0,1282.0,1279.0,1230.5,1231.0,1339.5,1332.5,-17.0,-68.5,-126.0
2024-12-18,1191.0,1174.0,1258.5,1241.0,1213.5,1213.5,1326.5,1315.5,-22.5,-67.5,-135.5
2024-12-19,1153.5,1147.5,1223.0,1214.0,1176.0,1181.5,1270.0,1250.0,-22.5,-69.5,-116.5
2024-12-20,1157.5,1160.5,1224.5,1228.5,1176.0,1182.5,1274.5,1284.0,-18.5,-67.0,-117.0
2024-12-23,1159.0,1155.5,1224.5,1221.5,1176.5,1175.0,,,-17.5,-65.5,
2024-12-24,1142.0,1153.0,1209.0,1222.5,1169.0,1177.0,1251.5,1266.0,-27.0,-67.0,-109.5
2024-12-25,1153.5,1153.0,1224.5,1224.5,1183.5,1180.0,1279.0,1273.5,-30.0,-71.0,-125.5
2024-12-26,1151.5,1141.0,1224.5,1215.5,,,1280.0,1277.0,,-73.0,-128.5
2024-12-27,1139.5,1140.0,1213.0,1214.0,,,1269.5,1256.5,,-73.5,-130.0
2024-12-30,1150.0,1157.5,1221.5,1229.5,,,1276.5,1277.5,,-71.5,-126.5
2024-12-31,1157.0,1160.5,1230.0,1234.5,1185.5,1188.0,,,-28.5,-73.0,
2025-01-02,1174.0,1174.0,1244.0,1244.0,1211.0,1207.5,1282.0,1282.0,-37.0,-70.0,-108.0
2025-01-03,1152.5,1148.5,1223.5,1222.0,1186.0,1181.0,1273.0,1261.5,-33.5,-71.0,-120.5
2025-01-06,1153.5,1156.0,1227.0,1231.5,1187.5,1191.5,1280.5,1287.5,-34.0,-73.5,-127.0
2025-01-07,1143.5,1128.0,1215.5,1203.5,1175.5,1163.5,1273.5,1256.5,-32.0,-72.0,-130.0
2025-01-08,1113.5,1103.0,1188.5,1177.0,1146.0,1136.0,1243.5,1232.5,-32.5,-75.0,-130.0
2025-01-09,1096.5,1097.0,1170.0,1174.0,1121.0,1119.0,1223.0,1219.5,-24.5,-73.5,-126.5
2025-01-10,1091.0,1083.5,1168.0,1165.0,1109.5,1101.0,,,-18.5,-77.0,
2025-01-13,1107.0,1119.5,1180.5,1191.0,1121.5,1138.0,1234.5,1231.5,-14.5,-73.5,-127.5
2025-01-14,1121.0,1129.5,1195.5,1204.5,1140.0,1143.0,1241.0,1241.0,-19.0,-74.5,-120.0
2025-01-15,1121.5,1127.0,1197.0,1203.0,1137.5,1144.5,1237.0,1234.5,-16.0,-75.5,-115.5
2025-01-16,1148.0,1164.5,1217.0,1225.5,1166.0,1182.5,1258.5,1257.0,-18.0,-69.0,-110.5
2025-01-17,1169.0,1175.5,1232.0,1244.5,1189.0,1193.0,1271.5,1277.0,-20.0,-63.0,-102.5
2025-01-20,1150.5,1139.0,1224.5,1216.0,1171.5,1161.0,1269.0,1267.0,-21.0,-74.0,-118.5
2025-01-21,1153.0,1153.5,1230.0,1223.5,1176.0,1173.5,1258.0,1262.0,-23.0,-77.0,-105.0
2025-01-22,1141.5,1143.5,1215.5,1213.5,1164.5,1166.5,1256.5,1261.0,-23.0,-74.0,-115.0
2025-01-23,1147.0,1132.5,1223.0,1211.5,1164.0,1155.0,1268.0,1260.0,-17.0,-76.0,-121.0
2025-01-24,1126.0,1131.0,1204.5,1207.0,1145.0,1150.5,1249.5,1248.0,-19.0,-78.5,-123.5
2025-01-27,1134.5,1135.0,1213.5,1214.0,1155.5,1153.0,,,-21.0,-79.0,
2025-02-05,1112.0,1098.5,1196.0,1182.5,1121.5,1118.5,1238.5,1238.5,-9.5,-84.0,-126.5
2025-02-06,1122.5,1126.5,1206.5,1208.5,1138.5,1148.0,1242.5,1238.5,-16.0,-84.0,-120.0
2025-02-07,1145.5,1153.5,1225.5,1234.5,1165.0,1177.0,1250.0,1274.0,-19.5,-80.0,-104.5
2025-02-10,1143.0,1147.0,1227.0,1230.0,1166.5,1166.5,1263.5,1257.0,-23.5,-84.0,-120.5
2025-02-11,1130.0,1122.0,1217.5,1208.0,1151.0,1144.0,1252.0,1254.0,-21.0,-87.5,-122.0
2025-02-12,1120.5,1127.5,1209.0,1218.5,1145.0,1146.5,1246.0,1245.5,-24.5,-88.5,-125.5
2025-02-13,1109.5,1098.5,1200.5,1189.0,1134.0,1124.0,1249.5,1235.0,-24.5,-91.0,-140.0
2025-02-14,1088.5,1085.0,1179.5,1171.5,1114.5,1110.5,1221.0,1239.5,-26.0,-91.0,-132.5
2025-02-17,1080.0,1089.0,1165.0,1169.0,1103.0,1108.5,1221.5,1224.5,-23.0,-85.0,-141.5
2025-02-18,1086.5,1094.5,1167.0,1174.5,1106.0,1112.5,,,-19.5,-80.5,
2025-02-19,1089.5,1086.0,1175.0,1174.5,1109.0,1106.5,1224.5,1224.5,-19.5,-85.5,-135.0
2025-02-20,1106.5,1121.0,1189.5,1203.5,1125.0,1137.5,1234.0,1232.5,-18.5,-83.0,-127.5
2025-02-21,1130.5,1130.0,1210.5,1209.5,1144.0,1144.0,1253.0,1252.0,-13.5,-80.0,-122.5
2025-02-24,1112.5,1108.0,1194.5,1190.0,1130.0,1121.0,1246.0,1236.5,-17.5,-82.0,-133.5
2025-02-25,1094.0,1085.0,1179.5,1171.0,1106.5,1103.5,1228.5,1223.5,-12.5,-85.5,-134.5
2025-02-26,1088.0,1088.0,1172.0,1167.0,1104.5,1101.5,1223.5,1218.5,-16.5,-84.0,-135.5
2025-02-27,1088.5,1097.5,1159.0,1164.0,1099.5,1106.0,1214.0,1214.5,-11.0,-70.5,-125.5
2025-02-28,1093.5,1093.0,1161.5,1166.0,1102.5,1099.5,1213.0,1213.0,-9.0,-68.0,-119.5
2025-03-03,1110.0,1104.0,1185.5,1178.5,1115.5,1111.0,1228.0,1221.5,-5.5,-75.5,-118.0
2025-03-04,1098.0,1091.0,1170.5,1165.0,1104.5,1100.5,1217.0,1214.0,-6.5,-72.5,-119.0
2025-03-05,1074.5,1061.5,1139.5,1124.0,1082.0,1068.0,1190.5,1178.0,-7.5,-65.0,-116.0
2025-03-06,1064.0,1070.0,1127.5,1128.0,1072.5,1075.0,1177.5,1175.5,-8.5,-63.5,-113.5
2025-03-07,1078.0,1083.0,1130.5,1131.0,1084.0,1086.0,1183.5,1182.5,-6.0,-52.5,-105.5
2025-03-10,1079.0,1063.5,1119.5,1105.0,1083.5,1070.0,1181.5,1162.0,-4.5,-40.5,-102.5
2025-03-11,1064.5,1061.0,1109.5,1109.5,1069.5,1066.5,1165.0,1165.0,-5.0,-45.0,-100.5
2025-03-12,1066.0,1073.0,1115.5,1119.0,1071.0,1079.0,1168.5,1171.5,-5.0,-49.5,-102.5
2025-03-13,1080.5,1092.0,1135.0,1150.0,1084.0,1089.0,1168.5,1180.5,-3.5,-54.5,-88.0
2025-03-14,1081.5,1088.0,1142.0,1148.5,1081.5,1090.0,1176.5,1182.0,0.0,-60.5,-95.0
2025-03-17,1068.0,1061.5,1130.5,1127.5,1073.5,1072.0,1166.5,1163.0,-5.5,-62.5,-98.5
2025-03-18,1057.5,1048.5,1121.5,1116.0,1067.5,1059.0,1168.0,1169.5,-10.0,-64.0,-110.5
2025-03-19,1032.5,1026.0,1102.0,1091.0,1046.0,1039.5,1152.5,1145.0,-13.5,-69.5,-120.0
2025-03-20,1028.5,1031.0,1088.5,1087.0,1040.5,1041.0,1147.5,1140.0,-12.0,-60.0,-119.0
2025-03-21,1018.5,1010.0,1082.5,1077.0,1032.5,1024.0,1130.5,1134.5,-14.0,-64.0,-112.0
2025-03-24,1018.5,1030.0,1081.5,1088.5,1033.5,1039.0,1140.5,1151.0,-15.0,-63.0,-122.0
2025-03-25,1026.0,1027.0,1084.0,1083.5,1036.5,1035.5,1142.5,1140.5,-10.5,-58.0,-116.5
2025-03-26,1027.0,1025.5,1082.5,1079.0,1036.5,1036.5,1139.5,1144.0,-9.5,-55.5,-112.5
2025-03-27,1035.0,1035.0,1087.5,1087.5,1043.5,1044.0,1149.0,1148.5,-8.5,-52.5,-114.0
2025-03-28,1023.5,1024.0,1081.0,1080.5,1033.5,1033.5,1141.5,1140.5,-10.0,-57.5,-118.0
2025-03-31,1001.5,988.5,1067.5,1059.0,1013.0,1001.5,1123.5,1115.0,-11.5,-66.0,-122.0
2025-04-01,1000.5,1008.0,1065.5,1072.5,1011.5,1019.5,1125.0,1130.0,-11.0,-65.0,-124.5
2025-04-02,1003.0,1001.5,1073.5,1075.0,1016.0,1015.5,1126.5,1124.0,-13.0,-70.5,-123.5
2025-04-03,997.5,1001.0,1072.5,1073.5,1012.0,1012.0,1123.5,1128.0,-14.5,-75.0,-126.0
2025-04-07,971.5,977.0,1050.0,1047.5,994.0,991.0,1101.5,1100.5,-22.5,-78.5,-130.0
2025-04-08,955.5,926.0,1034.0,1012.5,978.0,962.5,1078.5,1071.5,-22.5,-78.5,-123.0
2025-04-09,916.5,917.0,996.5,1005.0,942.5,948.0,1043.5,1058.0,-26.0,-80.0,-127.0
2025-04-10,917.5,913.0,1010.5,1010.5,951.0,948.0,1063.5,1059.0,-33.5,-93.0,-146.0
2025-04-11,898.0,892.5,997.0,996.5,936.0,931.0,1043.5,1044.0,-38.0,-99.0,-145.5
2025-04-14,901.5,905.5,993.5,996.0,934.5,934.5,1044.5,1045.0,-33.0,-92.0,-143.0
2025-04-15,906.0,908.0,991.0,985.5,935.5,932.0,1039.0,1039.5,-29.5,-85.0,-133.0
2025-04-16,906.0,899.0,972.5,966.0,923.0,908.5,1021.0,1019.0,-17.0,-66.5,-115.0
2025-04-17,885.0,866.5,959.0,950.5,902.0,891.0,1012.5,1006.5,-17.0,-74.0,-127.5
2025-04-18,865.5,872.0,944.5,952.5,885.0,889.0,996.5,1000.0,-19.5,-79.0,-131.0
2025-04-21,871.0,867.0,951.5,956.5,891.0,885.0,993.0,998.0,-20.0,-80.5,-122.0
2025-04-22,852.5,850.0,938.5,928.5,878.0,874.0,977.0,967.0,-25.5,-86.0,-124.5
2025-04-23,870.0,884.0,948.0,962.5,890.5,900.0,988.0,1002.0,-20.5,-78.0,-118.0
2025-04-24,889.0,892.5,955.5,956.0,898.0,897.5,997.0,993.0,-9.0,-66.5,-108.0
2025-04-25,896.0,889.0,963.0,956.0,905.5,899.5,1004.5,995.0,-9.5,-67.0,-108.5
2025-04-28,887.5,880.5,954.5,947.0,893.0,883.5,993.0,990.0,-5.5,-67.0,-105.5
2025-04-29,887.0,887.5,936.0,932.0,881.0,883.5,978.0,975.5,6.0,-49.0,-91.0
2025-04-30,912.0,888.0,927.5,930.5,887.0,892.0,970.5,969.0,25.0,-15.5,-58.5
2025-05-06,885.0,880.0,915.0,911.5,894.5,890.5,956.5,951.0,-9.5,-30.0,-71.5
2025-05-07,886.5,888.5,913.5,908.0,890.0,897.5,956.0,945.5,-3.5,-27.0,-69.5
2025-05-08,881.0,869.0,893.5,894.0,881.5,877.0,925.0,918.0,-0.5,-12.5,-44.0
2025-05-09,866.0,860.0,883.5,877.5,867.0,860.5,904.5,895.5,-1.0,-17.5,-38.5
2025-05-12,860.5,860.0,878.0,889.5,866.0,875.0,888.0,897.0,-5.5,-17.5,-27.5
2025-05-13,849.0,850.0,876.0,870.5,869.5,861.0,892.0,884.0,-20.5,-27.0,-43.0
2025-05-14,850.0,850.5,880.0,894.5,860.5,863.5,894.5,907.0,-10.5,-30.0,-44.5
2025-05-15,,,886.5,883.0,866.5,862.5,905.0,894.0,,,
2025-05-16,841.5,843.0,864.0,852.5,846.0,838.0,885.0,875.5,-4.5,-22.5,-43.5
2025-05-19,874.0,780.0,851.0,845.0,825.5,816.5,865.0,859.0,48.5,23.0,9.0
2025-05-20,,,845.0,838.5,810.0,799.0,858.0,852.5,,,
2025-05-21,,,841.5,842.0,795.5,789.0,859.0,857.0,,,
2025-05-22,,,835.0,827.5,774.5,763.5,849.0,844.5,,,
2025-05-23,,,815.5,801.5,751.5,754.0,833.0,821.5,,,
2025-05-26,,,800.5,799.5,754.5,755.0,820.0,816.0,,,
2025-05-27,,,796.5,799.5,753.5,750.0,813.5,814.5,,,
2025-05-28,,,790.5,779.0,731.5,717.0,804.0,798.0,,,
2025-05-29,,,766.5,759.0,704.0,696.5,784.5,780.5,,,
2025-05-30,,,741.5,726.0,668.0,648.0,761.0,748.5,,,
2025-06-03,,,716.5,719.0,631.0,628.0,736.0,736.5,,,
2025-06-04,,,744.5,768.0,643.5,657.0,757.5,786.0,,,
2025-06-05,,,754.5,757.0,,,773.5,775.0,,,
2025-06-06,,,779.0,778.5,,,793.0,792.0,,,
2025-06-09,,,781.0,780.0,,,793.5,795.5,,,
2025-06-10,,,775.0,785.0,652.0,598.0,783.0,793.0,,,
2025-06-11,,,788.5,783.5,640.5,607.0,795.0,794.5,,,
2025-06-12,,,774.0,766.5,680.0,680.0,788.5,781.0,,,
2025-06-13,,,773.5,774.5,,,783.0,788.5,,,
2025-06-16,,,784.0,795.5,,,799.5,810.5,,,
2025-06-17,,,795.0,789.5,,,810.5,803.5,,,
2025-06-18,,,791.5,790.5,,,809.5,813.0,,,
2025-06-19,,,786.5,790.5,,,810.5,810.5,,,
2025-06-20,,,797.0,795.0,,,817.5,816.0,,,
2025-06-23,,,799.5,807.0,,,827.5,840.0,,,
2025-06-24,,,798.5,784.0,,,834.5,821.0,,,
2025-06-25,,,791.0,804.5,,,823.5,840.0,,,
2025-06-26,,,808.0,819.5,,,840.5,848.5,,,
2025-06-27,,,834.0,847.5,,,866.0,881.5,,,
2025-06-30,,,842.5,825.0,,,874.5,854.0,,,
2025-07-01,,,817.5,814.5,,,848.0,849.0,,,
2025-07-02,,,825.0,843.5,,,865.0,881.5,,,
2025-07-03,,,848.5,856.0,,,887.0,900.5,,,
2025-07-04,,,850.0,839.5,,,894.0,881.5,,,
2025-07-07,,,836.5,835.0,,,878.5,880.0,,,
2025-07-08,,,839.5,843.5,,,880.0,886.5,,,
2025-07-09,,,860.5,871.5,,,897.5,904.0,,,
2025-07-10,,,883.5,897.0,,,919.5,929.5,,,
2025-07-11,,,909.5,913.0,,,934.5,941.5,,,
2025-07-14,,,915.0,920.0,,,943.0,950.5,,,
2025-07-15,,,910.5,911.5,,,950.0,952.5,,,
2025-07-16,,,904.5,897.0,,,940.0,935.5,,,
2025-07-17,,,903.0,918.5,,,944.0,959.0,,,
2025-07-18,,,932.5,926.0,,,970.0,968.0,,,
2025-07-21,,,971.0,1006.0,,,1015.5,1047.0,,,
2025-07-22,,,1023.0,1048.5,,,1089.5,1127.0,,,
2025-07-23,,,1110.0,1135.5,,,1164.5,1187.0,,,
2025-07-24,,,1166.0,1198.5,,,1208.0,1251.5,,,
2025-07-25,,,1236.5,1259.0,,,1267.5,1304.5,,,
2025-07-28,,,1200.0,1100.5,,,1217.5,1166.5,,,
2025-07-29,,,1087.5,1120.5,,,1140.0,1181.0,,,
2025-07-30,,,1136.0,1117.0,,,1199.0,1200.0,,,
2025-07-31,,,1081.0,1045.5,,,1151.5,1103.5,,,
2025-08-01,,,1017.0,985.0,,,1091.0,1062.0,,,
2025-08-04,,,982.5,1005.5,,,1068.0,1099.5,,,
2025-08-05,,,1013.0,1035.0,,,1107.5,1140.5,,,
2025-08-06,,,1050.0,1074.0,,,1171.0,1194.5,,,
2025-08-07,,,1085.0,1087.0,,,1204.5,1212.5,,,
2025-08-08,,,1066.5,1069.5,,,1200.5,1205.5,,,
2025-08-11,,,1076.5,1106.5,,,1209.5,1236.5,,,
2025-08-12,,,1134.0,1162.5,,,1270.5,1296.0,,,
2025-08-13,,,1151.5,1100.5,,,1272.5,1219.0,,,
2025-08-14,,,1087.5,1066.0,,,1201.0,1188.0,,,
2025-08-15,,,1076.0,1080.5,,,1197.5,1201.0,,,
2025-08-18,,,1062.0,1035.0,,,1182.5,1159.5,,,
2025-08-19,,,1048.5,1051.5,,,1167.0,1166.5,,,
2025-08-20,,,1033.0,1044.5,,,1131.5,1133.0,,,
2025-08-21,,,1044.5,1030.0,,,1131.5,1115.0,,,
2025-08-22,,,1029.5,1048.0,,,1111.0,1129.0,,,
2025-08-25,,,1063.0,1061.5,,,1168.5,1179.0,,,
2025-08-26,,,1058.0,1031.0,,,1162.5,1129.0,,,
2025-08-27,,,1025.0,1011.5,,,1133.5,1118.0,,,
2025-08-28,,,1005.5,1020.0,,,1117.0,1137.0,,,
2025-08-29,,,990.0,986.5,,,1116.5,1112.0,,,
2025-09-01,,,963.0,943.0,,,1083.5,1080.0,,,
2025-09-02,,,947.0,972.5,,,1081.5,1071.5,,,
2025-09-03,,,938.0,928.5,,,1074.5,1064.5,,,
2025-09-04,,,935.0,970.5,,,1043.0,1045.5,,,
2025-09-05,,,956.5,953.0,,,1088.0,1103.5,,,
2025-09-08,,,929.5,966.5,,,1086.5,1088.0,,,
2025-09-09,,,950.5,955.0,,,1082.5,1069.0,,,
2025-09-10,,,969.0,988.5,,,1064.0,1064.5,,,
2025-09-11,,,977.5,960.0,,,1080.5,1086.5,,,
2025-09-12,,,958.0,900.0,,,1085.0,1092.0,,,
2025-09-15,,,,,,,1115.5,1131.5,,,
2025-09-16,,,,,,,1170.5,1176.0,,,
2025-09-17,,,,,,,1163.5,1166.0,,,
2025-09-18,,,,,,,1148.5,1139.5,,,
2025-09-19,,,,,,,1148.5,1162.0,,,
2025-09-22,,,,,,,1155.5,1150.0,,,
2025-09-23,,,,,,,1140.5,1148.0,,,
2025-09-24,,,,,,,1149.5,1149.5,,,
2025-09-25,,,,,,,1152.5,1158.5,,,
2025-09-26,,,,,,,1142.0,1126.0,,,
2025-09-29,,,,,,,1102.5,1086.0,,,
2025-09-30,,,,,,,1071.0,1055.0,,,
2025-10-09,,,,,,,1075.5,1093.0,,,
2025-10-10,,,,,,,1092.0,1087.0,,,
2025-10-13,,,,,,,1071.0,1075.5,,,
2025-10-14,,,,,,,1072.5,1084.0,,,
2025-10-15,,,,,,,1080.5,1084.0,,,
2025-10-16,,,,,,,1098.5,1121.5,,,
2025-10-17,,,,,,,1120.0,1112.0,,,
2025-10-20,,,,,,,1150.0,1148.5,,,
2025-10-21,,,,,,,1125.5,1113.5,,,
2025-10-22,,,,,,,1131.0,1143.0,,,
2025-10-23,,,,,,,1170.0,1200.0,,,
2025-10-24,,,,,,,1190.0,1189.0,,,
2025-10-27,,,,,,,1188.5,1201.0,,,
2025-10-28,,,,,,,1193.0,1176.0,,,
2025-10-29,,,,,,,1201.5,1226.5,,,
2025-10-30,,,,,,,1221.0,1214.5,,,
2025-10-31,,,,,,,1226.5,1218.0,,,
2025-11-03,,,,,,,1214.0,1210.5,,,
2025-11-04,,,,,,,1203.0,1189.0,,,
2025-11-05,,,,,,,1190.0,1198.0,,,
2025-11-06,,,,,,,1210.5,1221.0,,,
2025-11-07,,,,,,,1208.5,1202.5,,,
2025-11-10,,,,,,,1191.0,1195.5,,,
2025-11-11,,,,,,,1169.5,1141.5,,,
2025-11-12,,,,,,,1147.5,1147.5,,,
2025-11-13,,,,,,,1145.0,1146.0,,,
2025-11-14,,,,,,,1131.0,1124.0,,,
2025-11-17,,,,,,,1126.5,1126.0,,,
2025-11-18,,,,,,,1090.0,1080.0,,,
2025-11-19,,,,,,,1071.0,1060.0,,,
2025-11-20,,,,,,,1033.5,1016.0,,,
2025-11-21,,,,,,,1012.5,995.0,,,
2025-11-24,,,,,,,991.0,994.5,,,
2025-11-25,,,,,,,999.0,994.0,,,
2025-11-26,,,,,,,974.5,982.5,,,
2025-11-27,,,,,,,970.5,956.5,,,
2025-11-28,,,,,,,953.0,961.0,,,
2025-12-01,,,,,,,969.5,982.0,,,
2025-12-02,,,,,,,973.0,960.5,,,
2025-12-03,,,,,,,968.5,970.0,,,
2025-12-04,,,,,,,952.5,953.5,,,
2025-12-05,,,,,,,949.0,949.0,,,
2025-12-09,,,,,,,875.5,876.0,,,
2025-12-10,,,,,,,875.5,875.5,,,
2025-12-12,,,,,,,962.5,900.5,,,
