date,contract,hold,hold_change,volume
2024-05-20,JM2505,11,,17
2024-05-21,JM2505,15,4.0,5
2024-05-22,JM2505,18,3.0,21
2024-05-23,JM2505,22,4.0,13
2024-05-24,JM2505,36,14.0,30
2024-05-27,JM2505,38,2.0,11
2024-05-28,JM2505,57,19.0,35
2024-05-29,JM2505,83,26.0,67
2024-05-30,JM2505,90,7.0,18
2024-05-31,JM2505,94,4.0,21
2024-06-03,JM2505,95,1.0,14
2024-06-04,JM2505,118,23.0,40
2024-06-05,JM2505,115,-3.0,14
2024-06-06,JM2505,128,13.0,18
2024-06-07,JM2505,137,9.0,26
2024-06-11,JM2505,145,8.0,24
2024-06-12,JM2505,146,1.0,6
2024-06-13,JM2505,160,14.0,30
2024-06-14,JM2505,175,15.0,35
2024-06-17,JM2505,179,4.0,39
2024-06-18,JM2505,180,1.0,16
2024-06-19,JM2505,284,104.0,157
2024-06-20,JM2505,391,107.0,124
2024-06-21,JM2505,424,33.0,42
2024-06-24,JM2505,542,118.0,194
2024-06-25,JM2505,593,51.0,104
2024-06-26,JM2505,607,14.0,50
2024-06-27,JM2505,592,-15.0,157
2024-06-28,JM2505,597,5.0,24
2024-07-01,JM2505,616,19.0,51
2024-07-02,JM2505,636,20.0,75
2024-07-03,JM2505,638,2.0,35
2024-07-04,JM2505,638,0.0,12
2024-07-05,JM2505,647,9.0,47
2024-07-08,JM2505,641,-6.0,59
2024-07-09,JM2505,683,42.0,79
2024-07-10,JM2505,740,57.0,290
2024-07-11,JM2505,751,11.0,49
2024-07-12,JM2505,757,6.0,13
2024-07-15,JM2505,759,2.0,46
2024-07-16,JM2505,747,-12.0,28
2024-07-17,JM2505,795,48.0,88
2024-07-18,JM2505,934,139.0,454
2024-07-19,JM2505,980,46.0,139
2024-07-22,JM2505,1024,44.0,136
2024-07-23,JM2505,1148,124.0,210
2024-07-24,JM2505,1285,137.0,185
2024-07-25,JM2505,1389,104.0,285
2024-07-26,JM2505,1435,46.0,93
2024-07-29,JM2505,1533,98.0,192
2024-07-30,JM2505,1491,-42.0,128
2024-07-31,JM2505,1500,9.0,118
2024-08-01,JM2505,1506,6.0,130
2024-08-02,JM2505,1600,94.0,266
2024-08-05,JM2505,1669,69.0,402
2024-08-06,JM2505,1761,92.0,221
2024-08-07,JM2505,1791,30.0,112
2024-08-08,JM2505,1916,125.0,279
2024-08-09,JM2505,2056,140.0,433
2024-08-12,JM2505,2096,40.0,167
2024-08-13,JM2505,2234,138.0,340
2024-08-14,JM2505,2313,79.0,262
2024-08-15,JM2505,3250,937.0,1201
2024-08-16,JM2505,4057,807.0,1687
2024-08-19,JM2505,4798,741.0,1470
2024-08-20,JM2505,6058,1260.0,1844
2024-08-21,JM2505,7019,961.0,2142
2024-08-22,JM2505,7302,283.0,1558
2024-08-23,JM2505,8610,1308.0,2344
2024-08-26,JM2505,9660,1050.0,2989
2024-08-27,JM2505,9816,156.0,4049
2024-08-28,JM2505,10054,238.0,2521
2024-08-29,JM2505,9954,-100.0,2130
2024-08-30,JM2505,10548,594.0,2012
2024-09-02,JM2505,12239,1691.0,4241
2024-09-03,JM2505,12664,425.0,1971
2024-09-04,JM2505,14208,1544.0,4596
2024-09-05,JM2505,15513,1305.0,3764
2024-09-06,JM2505,17034,1521.0,4068
2024-09-09,JM2505,17325,291.0,4015
2024-09-10,JM2505,17024,-301.0,2007
2024-09-11,JM2505,17956,932.0,5314
2024-09-12,JM2505,17831,-125.0,2452
2024-09-13,JM2505,17065,-766.0,5328
2024-09-18,JM2505,17112,47.0,3308
2024-09-19,JM2505,17329,217.0,3653
2024-09-20,JM2505,17389,60.0,2808
2024-09-23,JM2505,19280,1891.0,4962
2024-09-24,JM2505,19826,546.0,6028
2024-09-25,JM2505,19540,-286.0,6765
2024-09-26,JM2505,20524,984.0,5922
2024-09-27,JM2505,23730,3206.0,12389
2024-09-30,JM2505,24514,784.0,12823
2024-10-08,JM2505,24512,-2.0,12387
2024-10-09,JM2505,24543,31.0,6674
2024-10-10,JM2505,24973,430.0,8224
2024-10-11,JM2505,25780,807.0,6947
2024-10-14,JM2505,27095,1315.0,7734
2024-10-15,JM2505,27248,153.0,8651
2024-10-16,JM2505,28378,1130.0,8248
2024-10-17,JM2505,28367,-11.0,11389
2024-10-18,JM2505,29031,664.0,9236
2024-10-21,JM2505,29502,471.0,6992
2024-10-22,JM2505,30413,911.0,7691
2024-10-23,JM2505,30616,203.0,7793
2024-10-24,JM2505,30646,30.0,6608
2024-10-25,JM2505,31118,472.0,5967
2024-10-28,JM2505,31854,736.0,10981
2024-10-29,JM2505,31466,-388.0,8140
2024-10-30,JM2505,31365,-101.0,6652
2024-10-31,JM2505,31913,548.0,6600
2024-11-01,JM2505,32421,508.0,6659
2024-11-04,JM2505,33529,1108.0,9711
2024-11-05,JM2505,33786,257.0,7078
2024-11-06,JM2505,35431,1645.0,11479
2024-11-07,JM2505,34636,-795.0,7519
2024-11-08,JM2505,36347,1711.0,11831
2024-11-11,JM2505,39980,3633.0,19161
2024-11-12,JM2505,42615,2635.0,17285
2024-11-13,JM2505,43437,822.0,11603
2024-11-14,JM2505,44987,1550.0,9223
2024-11-15,JM2505,45523,536.0,12896
2024-11-18,JM2505,46762,1239.0,13570
2024-11-19,JM2505,46825,63.0,12834
2024-11-20,JM2505,48926,2101.0,13796
2024-11-21,JM2505,50407,1481.0,18236
2024-11-22,JM2505,51365,958.0,24455
2024-11-25,JM2505,53964,2599.0,20801
2024-11-26,JM2505,59847,5883.0,19477
2024-11-27,JM2505,71435,11588.0,35482
2024-11-28,JM2505,73252,1817.0,21872
2024-11-29,JM2505,75470,2218.0,23841
2024-12-02,JM2505,78584,3114.0,28628
2024-12-03,JM2505,79863,1279.0,31812
2024-12-04,JM2505,95093,15230.0,57307
2024-12-05,JM2505,99587,4494.0,44922
2024-12-06,JM2505,102886,3299.0,40587
2024-12-09,JM2505,110025,7139.0,52086
2024-12-10,JM2505,116507,6482.0,117861
2024-12-11,JM2505,115861,-646.0,48535
2024-12-12,JM2505,122137,6276.0,69091
2024-12-13,JM2505,133721,11584.0,74911
2024-12-16,JM2505,146859,13138.0,80758
2024-12-17,JM2505,172307,25448.0,92644
2024-12-18,JM2505,222178,49871.0,153432
2024-12-19,JM2505,239266,17088.0,191993
2024-12-20,JM2505,228743,-10523.0,163643
2024-12-23,JM2505,240576,11833.0,144684
2024-12-24,JM2505,252587,12011.0,176437
2024-12-25,JM2505,253390,803.0,151183
2024-12-26,JM2505,260055,6665.0,155958
2024-12-27,JM2505,268139,8084.0,145023
2024-12-30,JM2505,265353,-2786.0,191377
2024-12-31,JM2505,264493,-860.0,204321
2025-01-02,JM2505,259254,-5239.0,174740
2025-01-03,JM2505,268507,9253.0,212419
2025-01-06,JM2505,263786,-4721.0,206940
2025-01-07,JM2505,283622,19836.0,210354
2025-01-08,JM2505,306145,22523.0,227315
2025-01-09,JM2505,313115,6970.0,205515
2025-01-10,JM2505,318354,5239.0,166844
2025-01-13,JM2505,321245,2891.0,269632
2025-01-14,JM2505,303727,-17518.0,176569
2025-01-15,JM2505,305418,1691.0,132833
2025-01-16,JM2505,309078,3660.0,327022
2025-01-17,JM2505,285029,-24049.0,237866
2025-01-20,JM2505,307311,22282.0,246664
2025-01-21,JM2505,289382,-17929.0,180364
2025-01-22,JM2505,294035,4653.0,153478
2025-01-23,JM2505,305505,11470.0,237070
2025-01-24,JM2505,292095,-13410.0,176823
2025-01-27,JM2505,270501,-21594.0,115204
2025-02-05,JM2505,302896,32395.0,149808
2025-02-06,JM2505,298142,-4754.0,189239
2025-02-07,JM2505,313874,15732.0,266967
2025-02-10,JM2505,311579,-2295.0,183276
2025-02-11,JM2505,324810,13231.0,206453
2025-02-12,JM2505,313757,-11053.0,139479
2025-02-13,JM2505,356899,43142.0,216120
2025-02-14,JM2505,348357,-8542.0,254891
2025-02-17,JM2505,358345,9988.0,241957
2025-02-18,JM2505,363940,5595.0,206082
2025-02-19,JM2505,370177,6237.0,170718
2025-02-20,JM2505,347835,-22342.0,348026
2025-02-21,JM2505,345138,-2697.0,298076
2025-02-24,JM2505,361381,16243.0,297699
2025-02-25,JM2505,379405,18024.0,277364
2025-02-26,JM2505,389710,10305.0,276260
2025-02-27,JM2505,385949,-3761.0,303208
2025-02-28,JM2505,388841,2892.0,260627
2025-03-03,JM2505,372565,-16276.0,407510
2025-03-04,JM2505,384105,11540.0,237961
2025-03-05,JM2505,420602,36497.0,336350
2025-03-06,JM2505,417077,-3525.0,262896
2025-03-07,JM2505,385029,-32048.0,287210
2025-03-10,JM2505,375648,-9381.0,298492
2025-03-11,JM2505,379713,4065.0,173358
2025-03-12,JM2505,374527,-5186.0,241726
2025-03-13,JM2505,365311,-9216.0,350059
2025-03-14,JM2505,361147,-4164.0,257826
2025-03-17,JM2505,389128,27981.0,275805
2025-03-18,JM2505,401731,12603.0,197192
2025-03-19,JM2505,401466,-265.0,282838
2025-03-20,JM2505,388432,-13034.0,227825
2025-03-21,JM2505,395875,7443.0,249572
2025-03-24,JM2505,370880,-24995.0,298464
2025-03-25,JM2505,368891,-1989.0,189924
2025-03-26,JM2505,363848,-5043.0,188560
2025-03-27,JM2505,344346,-19502.0,214266
2025-03-28,JM2505,345011,665.0,191697
2025-03-31,JM2505,368225,23214.0,343821
2025-04-01,JM2505,335798,-32427.0,363906
2025-04-02,JM2505,329809,-5989.0,200893
2025-04-03,JM2505,317455,-12354.0,181838
2025-04-07,JM2505,282206,-35249.0,250576
2025-04-08,JM2505,264443,-17763.0,326900
2025-04-09,JM2505,223298,-41145.0,365090
2025-04-10,JM2505,213456,-9842.0,267596
2025-04-11,JM2505,210466,-2990.0,242646
2025-04-14,JM2505,187084,-23382.0,192155
2025-04-15,JM2505,167802,-19282.0,155708
2025-04-16,JM2505,142417,-25385.0,109429
2025-04-17,JM2505,133108,-9309.0,88546
2025-04-18,JM2505,104335,-28773.0,103511
2025-04-21,JM2505,93684,-10651.0,59143
2025-04-22,JM2505,84825,-8859.0,48364
2025-04-23,JM2505,72894,-11931.0,59991
2025-04-24,JM2505,65991,-6903.0,57167
2025-04-25,JM2505,55640,-10351.0,45464
2025-04-28,JM2505,49033,-6607.0,31657
2025-04-29,JM2505,36719,-12314.0,29290
2025-04-30,JM2505,9006,-27713.0,54074
2025-05-06,JM2505,5834,-3172.0,2454
2025-05-07,JM2505,4513,-1321.0,431
2025-05-08,JM2505,3600,-913.0,318
2025-05-09,JM2505,3513,-87.0,1974
2025-05-12,JM2505,3264,-249.0,49
2025-05-13,JM2505,2374,-890.0,113
2025-05-14,JM2505,1756,-618.0,18
2025-05-16,JM2505,1356,-400.0,218
2025-05-19,JM2505,0,-1356.0,324
2024-06-19,JM2506,1,,1
2024-06-25,JM2506,2,1.0,1
2024-07-05,JM2506,2,0.0,1
2024-07-10,JM2506,1,-1.0,1
2024-08-29,JM2506,2,1.0,6
2024-08-30,JM2506,2,0.0,1
2024-09-04,JM2506,2,0.0,1
2024-09-05,JM2506,3,1.0,2
2024-09-10,JM2506,4,1.0,2
2024-09-11,JM2506,3,-1.0,1
2024-09-12,JM2506,28,25.0,28
2024-09-13,JM2506,52,24.0,26
2024-09-18,JM2506,78,26.0,26
2024-09-20,JM2506,78,0.0,2
2024-09-24,JM2506,77,-1.0,1
2024-09-25,JM2506,77,0.0,2
2024-09-26,JM2506,78,1.0,8
2024-09-27,JM2506,28,-50.0,51
2024-09-30,JM2506,3,-25.0,26
2024-10-09,JM2506,5,2.0,2
2024-10-10,JM2506,5,0.0,3
2024-10-16,JM2506,6,1.0,1
2024-10-17,JM2506,5,-1.0,2
2024-10-18,JM2506,6,1.0,2
2024-10-21,JM2506,5,-1.0,2
2024-10-25,JM2506,6,1.0,3
2024-10-28,JM2506,7,1.0,3
2024-10-29,JM2506,16,9.0,11
2024-10-31,JM2506,15,-1.0,1
2024-11-04,JM2506,14,-1.0,1
2024-11-11,JM2506,14,0.0,1
2024-11-12,JM2506,13,-1.0,1
2024-11-13,JM2506,14,1.0,1
2024-11-15,JM2506,13,-1.0,1
2024-11-18,JM2506,13,0.0,1
2024-11-21,JM2506,13,0.0,2
2024-11-25,JM2506,14,1.0,4
2024-11-27,JM2506,13,-1.0,2
2024-12-02,JM2506,13,0.0,1
2024-12-03,JM2506,15,2.0,3
2024-12-04,JM2506,16,1.0,3
2024-12-05,JM2506,21,5.0,10
2024-12-10,JM2506,17,-4.0,6
2024-12-12,JM2506,17,0.0,5
2024-12-17,JM2506,18,1.0,2
2024-12-18,JM2506,20,2.0,2
2024-12-19,JM2506,30,10.0,20
2024-12-20,JM2506,30,0.0,6
2024-12-23,JM2506,29,-1.0,4
2024-12-24,JM2506,29,0.0,7
2024-12-25,JM2506,30,1.0,4
2024-12-31,JM2506,34,4.0,8
2025-01-02,JM2506,264,230.0,354
2025-01-03,JM2506,302,38.0,68
2025-01-06,JM2506,373,71.0,91
2025-01-07,JM2506,493,120.0,149
2025-01-08,JM2506,643,150.0,280
2025-01-09,JM2506,1086,443.0,787
2025-01-10,JM2506,1240,154.0,363
2025-01-13,JM2506,1420,180.0,531
2025-01-14,JM2506,1475,55.0,238
2025-01-15,JM2506,1493,18.0,103
2025-01-16,JM2506,1551,58.0,260
2025-01-17,JM2506,1562,11.0,144
2025-01-20,JM2506,1577,15.0,118
2025-01-21,JM2506,1603,26.0,164
2025-01-22,JM2506,1637,34.0,127
2025-01-23,JM2506,1634,-3.0,104
2025-01-24,JM2506,1641,7.0,91
2025-01-27,JM2506,1637,-4.0,47
2025-02-05,JM2506,1809,172.0,416
2025-02-06,JM2506,1898,89.0,182
2025-02-07,JM2506,2263,365.0,737
2025-02-10,JM2506,2358,95.0,241
2025-02-11,JM2506,2421,63.0,144
2025-02-12,JM2506,2550,129.0,172
2025-02-13,JM2506,2854,304.0,404
2025-02-14,JM2506,3009,155.0,382
2025-02-17,JM2506,3215,206.0,437
2025-02-18,JM2506,3283,68.0,239
2025-02-19,JM2506,3385,102.0,269
2025-02-20,JM2506,3517,132.0,430
2025-02-21,JM2506,3577,60.0,343
2025-02-24,JM2506,3887,310.0,602
2025-02-25,JM2506,3979,92.0,398
2025-02-26,JM2506,4061,82.0,282
2025-02-27,JM2506,4457,396.0,949
2025-02-28,JM2506,4656,199.0,753
2025-03-03,JM2506,5247,591.0,1636
2025-03-04,JM2506,5478,231.0,786
2025-03-05,JM2506,5967,489.0,1342
2025-03-06,JM2506,6724,757.0,1937
2025-03-07,JM2506,7159,435.0,1576
2025-03-10,JM2506,7506,347.0,1460
2025-03-11,JM2506,7562,56.0,569
2025-03-12,JM2506,7803,241.0,706
2025-03-13,JM2506,8579,776.0,1860
2025-03-14,JM2506,8566,-13.0,1043
2025-03-17,JM2506,8617,51.0,1120
2025-03-18,JM2506,8723,106.0,792
2025-03-19,JM2506,9065,342.0,1117
2025-03-20,JM2506,9267,202.0,718
2025-03-21,JM2506,9592,325.0,1296
2025-03-24,JM2506,9942,350.0,1796
2025-03-25,JM2506,10072,130.0,1377
2025-03-26,JM2506,10008,-64.0,796
2025-03-27,JM2506,9839,-169.0,1088
2025-03-28,JM2506,9846,7.0,572
2025-03-31,JM2506,10029,183.0,2186
2025-04-01,JM2506,10200,171.0,3548
2025-04-02,JM2506,10213,13.0,1217
2025-04-03,JM2506,10393,180.0,1532
2025-04-07,JM2506,9827,-566.0,2933
2025-04-08,JM2506,9628,-199.0,3898
2025-04-09,JM2506,9601,-27.0,5847
2025-04-10,JM2506,10601,1000.0,5784
2025-04-11,JM2506,10789,188.0,3945
2025-04-14,JM2506,11022,233.0,3258
2025-04-15,JM2506,11305,283.0,2911
2025-04-16,JM2506,11686,381.0,4448
2025-04-17,JM2506,11697,11.0,3593
2025-04-18,JM2506,11601,-96.0,5259
2025-04-21,JM2506,11825,224.0,4264
2025-04-22,JM2506,11806,-19.0,3513
2025-04-23,JM2506,11725,-81.0,4247
2025-04-24,JM2506,11680,-45.0,4584
2025-04-25,JM2506,11397,-283.0,6867
2025-04-28,JM2506,11369,-28.0,5294
2025-04-29,JM2506,9712,-1657.0,7801
2025-04-30,JM2506,7973,-1739.0,13011
2025-05-06,JM2506,6870,-1103.0,6235
2025-05-07,JM2506,6308,-562.0,5501
2025-05-08,JM2506,6030,-278.0,2888
2025-05-09,JM2506,5976,-54.0,934
2025-05-12,JM2506,5097,-879.0,2129
2025-05-13,JM2506,4893,-204.0,1289
2025-05-14,JM2506,4504,-389.0,1960
2025-05-15,JM2506,4240,-264.0,1322
2025-05-16,JM2506,4403,163.0,1183
2025-05-19,JM2506,4182,-221.0,1015
2025-05-20,JM2506,4055,-127.0,858
2025-05-21,JM2506,3451,-604.0,1379
2025-05-22,JM2506,2899,-552.0,1219
2025-05-23,JM2506,2382,-517.0,1460
2025-05-26,JM2506,2132,-250.0,461
2025-05-27,JM2506,1915,-217.0,338
2025-05-28,JM2506,1556,-359.0,698
2025-05-29,JM2506,917,-639.0,890
2025-05-30,JM2506,231,-686.0,1107
2025-06-03,JM2506,224,-7.0,11
2025-06-04,JM2506,122,-102.0,4
2025-06-10,JM2506,22,-100.0,4
2025-06-11,JM2506,20,-2.0,4
2025-06-12,JM2506,0,-20.0,20
2024-07-22,JM2507,1,,1
2024-07-23,JM2507,2,1.0,1
2024-07-25,JM2507,3,1.0,1
2024-07-30,JM2507,5,2.0,3
2024-08-02,JM2507,6,1.0,3
2024-08-05,JM2507,7,1.0,5
2024-08-06,JM2507,7,0.0,1
2024-08-07,JM2507,6,-1.0,1
2024-08-13,JM2507,14,8.0,11
2024-08-14,JM2507,12,-2.0,2
2024-08-15,JM2507,13,1.0,4
2024-08-16,JM2507,15,2.0,5
2024-08-19,JM2507,16,1.0,3
2024-08-22,JM2507,17,1.0,4
2024-08-26,JM2507,17,0.0,1
2024-08-27,JM2507,17,0.0,4
2024-08-30,JM2507,17,0.0,1
2024-09-02,JM2507,15,-2.0,5
2024-09-04,JM2507,15,0.0,9
2024-09-05,JM2507,13,-2.0,11
2024-09-06,JM2507,11,-2.0,2
2024-09-10,JM2507,11,0.0,1
2024-09-12,JM2507,36,25.0,25
2024-09-13,JM2507,61,25.0,26
2024-09-18,JM2507,86,25.0,25
2024-09-27,JM2507,36,-50.0,50
2024-09-30,JM2507,12,-24.0,28
2024-10-08,JM2507,12,0.0,2
2024-10-09,JM2507,11,-1.0,1
2024-10-10,JM2507,10,-1.0,1
2024-10-16,JM2507,11,1.0,1
2024-10-18,JM2507,12,1.0,2
2024-10-21,JM2507,12,0.0,1
2024-10-25,JM2507,14,2.0,3
2024-10-28,JM2507,12,-2.0,4
2024-10-29,JM2507,22,10.0,13
2024-10-30,JM2507,22,0.0,2
2024-10-31,JM2507,20,-2.0,2
2024-11-01,JM2507,20,0.0,1
2024-11-12,JM2507,19,-1.0,4
2024-11-13,JM2507,19,0.0,1
2024-11-15,JM2507,20,1.0,1
2024-11-18,JM2507,19,-1.0,3
2024-11-20,JM2507,19,0.0,1
2024-12-02,JM2507,20,1.0,2
2024-12-04,JM2507,23,3.0,7
2024-12-05,JM2507,23,0.0,3
2024-12-18,JM2507,35,12.0,16
2024-12-19,JM2507,41,6.0,6
2024-12-23,JM2507,41,0.0,4
2024-12-24,JM2507,46,5.0,7
2024-12-25,JM2507,48,2.0,2
2024-12-26,JM2507,48,0.0,13
2024-12-27,JM2507,52,4.0,7
2024-12-30,JM2507,55,3.0,6
2024-12-31,JM2507,59,4.0,10
2025-01-02,JM2507,61,2.0,8
2025-01-03,JM2507,60,-1.0,1
2025-01-07,JM2507,65,5.0,7
2025-01-08,JM2507,67,2.0,4
2025-01-09,JM2507,79,12.0,36
2025-01-10,JM2507,77,-2.0,5
2025-01-13,JM2507,96,19.0,34
2025-01-14,JM2507,100,4.0,42
2025-01-15,JM2507,98,-2.0,2
2025-01-16,JM2507,82,-16.0,26
2025-01-17,JM2507,84,2.0,7
2025-01-20,JM2507,85,1.0,13
2025-01-21,JM2507,85,0.0,6
2025-01-22,JM2507,85,0.0,11
2025-01-23,JM2507,84,-1.0,8
2025-01-24,JM2507,82,-2.0,4
2025-01-27,JM2507,82,0.0,2
2025-02-05,JM2507,273,191.0,370
2025-02-06,JM2507,704,431.0,964
2025-02-07,JM2507,967,263.0,706
2025-02-10,JM2507,1153,186.0,280
2025-02-11,JM2507,1276,123.0,256
2025-02-12,JM2507,1379,103.0,207
2025-02-13,JM2507,1487,108.0,181
2025-02-14,JM2507,1568,81.0,191
2025-02-17,JM2507,1811,243.0,493
2025-02-18,JM2507,1892,81.0,275
2025-02-19,JM2507,2026,134.0,376
2025-02-20,JM2507,2198,172.0,515
2025-02-21,JM2507,2404,206.0,600
2025-02-24,JM2507,2645,241.0,704
2025-02-25,JM2507,2802,157.0,501
2025-02-26,JM2507,2988,186.0,718
2025-02-27,JM2507,3279,291.0,710
2025-02-28,JM2507,3624,345.0,673
2025-03-03,JM2507,4085,461.0,1211
2025-03-04,JM2507,4449,364.0,671
2025-03-05,JM2507,4794,345.0,1125
2025-03-06,JM2507,5137,343.0,1223
2025-03-07,JM2507,5393,256.0,790
2025-03-10,JM2507,5642,249.0,759
2025-03-11,JM2507,5795,153.0,390
2025-03-12,JM2507,5863,68.0,313
2025-03-13,JM2507,5910,47.0,878
2025-03-14,JM2507,5894,-16.0,440
2025-03-17,JM2507,6008,114.0,817
2025-03-18,JM2507,6145,137.0,415
2025-03-19,JM2507,6355,210.0,928
2025-03-20,JM2507,6445,90.0,558
2025-03-21,JM2507,6480,35.0,473
2025-03-24,JM2507,6582,102.0,760
2025-03-25,JM2507,6625,43.0,433
2025-03-26,JM2507,6617,-8.0,401
2025-03-27,JM2507,6613,-4.0,563
2025-03-28,JM2507,6589,-24.0,369
2025-03-31,JM2507,6787,198.0,974
2025-04-01,JM2507,6965,178.0,3126
2025-04-02,JM2507,6962,-3.0,3636
2025-04-03,JM2507,6933,-29.0,1680
2025-04-07,JM2507,6921,-12.0,2673
2025-04-08,JM2507,6897,-24.0,1862
2025-04-09,JM2507,6986,89.0,2777
2025-04-10,JM2507,7255,269.0,2697
2025-04-11,JM2507,7436,181.0,4326
2025-04-14,JM2507,7586,150.0,1200
2025-04-15,JM2507,7733,147.0,1466
2025-04-16,JM2507,7833,100.0,1637
2025-04-17,JM2507,7932,99.0,1792
2025-04-18,JM2507,7764,-168.0,2645
2025-04-21,JM2507,7853,89.0,1490
2025-04-22,JM2507,7685,-168.0,1875
2025-04-23,JM2507,7754,69.0,1530
2025-04-24,JM2507,8252,498.0,2346
2025-04-25,JM2507,8238,-14.0,2264
2025-04-28,JM2507,8440,202.0,2028
2025-04-29,JM2507,8356,-84.0,2288
2025-04-30,JM2507,8524,168.0,2863
2025-05-06,JM2507,8871,347.0,1685
2025-05-07,JM2507,9291,420.0,1257
2025-05-08,JM2507,9496,205.0,1211
2025-05-09,JM2507,9674,178.0,701
2025-05-12,JM2507,9626,-48.0,2124
2025-05-13,JM2507,9879,253.0,1448
2025-05-14,JM2507,10000,121.0,4029
2025-05-15,JM2507,10023,23.0,1864
2025-05-16,JM2507,10058,35.0,1233
2025-05-19,JM2507,10140,82.0,2507
2025-05-20,JM2507,10157,17.0,1091
2025-05-21,JM2507,10277,120.0,2129
2025-05-22,JM2507,10521,244.0,2826
2025-05-23,JM2507,11122,601.0,3384
2025-05-26,JM2507,10476,-646.0,3740
2025-05-27,JM2507,10352,-124.0,1777
2025-05-28,JM2507,10176,-176.0,3282
2025-05-29,JM2507,10492,316.0,3637
2025-05-30,JM2507,10107,-385.0,5624
2025-06-03,JM2507,10695,588.0,8049
2025-06-04,JM2507,10414,-281.0,9567
2025-06-05,JM2507,9052,-1362.0,8895
2025-06-06,JM2507,6955,-2097.0,8306
2025-06-09,JM2507,6112,-843.0,4150
2025-06-10,JM2507,5272,-840.0,4686
2025-06-11,JM2507,5115,-157.0,6105
2025-06-12,JM2507,5060,-55.0,2595
2025-06-13,JM2507,4600,-460.0,4123
2025-06-16,JM2507,4336,-264.0,2250
2025-06-17,JM2507,4271,-65.0,1209
2025-06-18,JM2507,4165,-106.0,988
2025-06-19,JM2507,3992,-173.0,513
2025-06-20,JM2507,3909,-83.0,590
2025-06-23,JM2507,3849,-60.0,1018
2025-06-24,JM2507,3645,-204.0,808
2025-06-25,JM2507,3460,-185.0,1084
2025-06-26,JM2507,3164,-296.0,1483
2025-06-27,JM2507,2953,-211.0,846
2025-06-30,JM2507,2129,-824.0,2308
2025-07-01,JM2507,2098,-31.0,123
2025-07-02,JM2507,2098,0.0,18
2025-07-04,JM2507,2094,-4.0,55
2025-07-07,JM2507,1894,-200.0,48
2025-07-08,JM2507,1889,-5.0,14
2025-07-09,JM2507,1676,-213.0,13
2025-07-10,JM2507,1654,-22.0,26
2025-07-11,JM2507,1633,-21.0,233
2025-07-14,JM2507,0,-1633.0,335
2024-09-18,JM2509,1,,2
2024-09-19,JM2509,4,3.0,5
2024-09-20,JM2509,23,19.0,26
2024-09-23,JM2509,27,4.0,17
2024-09-24,JM2509,61,34.0,101
2024-09-25,JM2509,64,3.0,22
2024-09-26,JM2509,68,4.0,16
2024-09-27,JM2509,75,7.0,11
2024-09-30,JM2509,91,16.0,56
2024-10-08,JM2509,101,10.0,42
2024-10-09,JM2509,104,3.0,24
2024-10-10,JM2509,119,15.0,56
2024-10-11,JM2509,123,4.0,22
2024-10-14,JM2509,125,2.0,30
2024-10-15,JM2509,132,7.0,24
2024-10-16,JM2509,173,41.0,86
2024-10-17,JM2509,238,65.0,158
2024-10-18,JM2509,360,122.0,258
2024-10-21,JM2509,359,-1.0,48
2024-10-22,JM2509,380,21.0,83
2024-10-23,JM2509,467,87.0,126
2024-10-24,JM2509,493,26.0,71
2024-10-25,JM2509,518,25.0,136
2024-10-28,JM2509,625,107.0,198
2024-10-29,JM2509,621,-4.0,137
2024-10-30,JM2509,615,-6.0,26
2024-10-31,JM2509,612,-3.0,38
2024-11-01,JM2509,613,1.0,32
2024-11-04,JM2509,618,5.0,70
2024-11-05,JM2509,702,84.0,136
2024-11-06,JM2509,733,31.0,150
2024-11-07,JM2509,837,104.0,147
2024-11-08,JM2509,894,57.0,103
2024-11-11,JM2509,932,38.0,109
2024-11-12,JM2509,965,33.0,91
2024-11-13,JM2509,1058,93.0,159
2024-11-14,JM2509,1061,3.0,29
2024-11-15,JM2509,1114,53.0,113
2024-11-18,JM2509,1151,37.0,98
2024-11-19,JM2509,1156,5.0,61
2024-11-20,JM2509,1158,2.0,16
2024-11-21,JM2509,1183,25.0,67
2024-11-22,JM2509,1208,25.0,154
2024-11-25,JM2509,1280,72.0,121
2024-11-26,JM2509,1267,-13.0,80
2024-11-27,JM2509,1358,91.0,168
2024-11-28,JM2509,1402,44.0,92
2024-11-29,JM2509,1427,25.0,56
2024-12-02,JM2509,1465,38.0,164
2024-12-03,JM2509,1483,18.0,100
2024-12-04,JM2509,1681,198.0,361
2024-12-05,JM2509,1842,161.0,302
2024-12-06,JM2509,1904,62.0,321
2024-12-09,JM2509,1979,75.0,196
2024-12-10,JM2509,2049,70.0,563
2024-12-11,JM2509,2088,39.0,206
2024-12-12,JM2509,2113,25.0,186
2024-12-13,JM2509,2145,32.0,147
2024-12-16,JM2509,2241,96.0,316
2024-12-17,JM2509,2306,65.0,407
2024-12-18,JM2509,2779,473.0,878
2024-12-19,JM2509,3139,360.0,874
2024-12-20,JM2509,3207,68.0,584
2024-12-23,JM2509,3547,340.0,1007
2024-12-24,JM2509,3860,313.0,887
2024-12-25,JM2509,3989,129.0,1083
2024-12-26,JM2509,4247,258.0,933
2024-12-27,JM2509,4675,428.0,1131
2024-12-30,JM2509,4820,145.0,1503
2024-12-31,JM2509,5249,429.0,1881
2025-01-02,JM2509,5185,-64.0,1906
2025-01-03,JM2509,6102,917.0,2626
2025-01-06,JM2509,6325,223.0,3306
2025-01-07,JM2509,6587,262.0,2924
2025-01-08,JM2509,7604,1017.0,4161
2025-01-09,JM2509,7679,75.0,3370
2025-01-10,JM2509,8098,419.0,3083
2025-01-13,JM2509,8091,-7.0,3721
2025-01-14,JM2509,8021,-70.0,2596
2025-01-15,JM2509,7900,-121.0,2598
2025-01-16,JM2509,8747,847.0,5290
2025-01-17,JM2509,8794,47.0,4624
2025-01-20,JM2509,9078,284.0,4748
2025-01-21,JM2509,8801,-277.0,3637
2025-01-22,JM2509,9091,290.0,2940
2025-01-23,JM2509,9752,661.0,4461
2025-01-24,JM2509,10107,355.0,3716
2025-01-27,JM2509,10056,-51.0,2893
2025-02-05,JM2509,11794,1738.0,5162
2025-02-06,JM2509,12068,274.0,4175
2025-02-07,JM2509,13494,1426.0,6991
2025-02-10,JM2509,14365,871.0,6116
2025-02-11,JM2509,15130,765.0,6508
2025-02-12,JM2509,15802,672.0,5651
2025-02-13,JM2509,18101,2299.0,8405
2025-02-14,JM2509,19344,1243.0,13220
2025-02-17,JM2509,24886,5542.0,19423
2025-02-18,JM2509,27097,2211.0,14563
2025-02-19,JM2509,27535,438.0,9759
2025-02-20,JM2509,29146,1611.0,17941
2025-02-21,JM2509,30370,1224.0,15057
2025-02-24,JM2509,32477,2107.0,15249
2025-02-25,JM2509,32794,317.0,18775
2025-02-26,JM2509,36386,3592.0,21961
2025-02-27,JM2509,43652,7266.0,33919
2025-02-28,JM2509,44874,1222.0,24180
2025-03-03,JM2509,45622,748.0,37283
2025-03-04,JM2509,50889,5267.0,23228
2025-03-05,JM2509,60683,9794.0,46515
2025-03-06,JM2509,66281,5598.0,34616
2025-03-07,JM2509,73351,7070.0,35042
2025-03-10,JM2509,83111,9760.0,48569
2025-03-11,JM2509,85741,2630.0,23928
2025-03-12,JM2509,88914,3173.0,32492
2025-03-13,JM2509,88804,-110.0,68055
2025-03-14,JM2509,92647,3843.0,44877
2025-03-17,JM2509,97793,5146.0,46154
2025-03-18,JM2509,103626,5833.0,30223
2025-03-19,JM2509,113651,10025.0,57535
2025-03-20,JM2509,122468,8817.0,49114
2025-03-21,JM2509,129131,6663.0,47356
2025-03-24,JM2509,134184,5053.0,77966
2025-03-25,JM2509,142690,8506.0,45523
2025-03-26,JM2509,149729,7039.0,55556
2025-03-27,JM2509,149167,-562.0,61179
2025-03-28,JM2509,153945,4778.0,53412
2025-03-31,JM2509,165749,11804.0,83299
2025-04-01,JM2509,172647,6898.0,95377
2025-04-02,JM2509,179172,6525.0,64423
2025-04-03,JM2509,183127,3955.0,56746
2025-04-07,JM2509,179200,-3927.0,113578
2025-04-08,JM2509,199352,20152.0,161655
2025-04-09,JM2509,199637,285.0,214801
2025-04-10,JM2509,205600,5963.0,186958
2025-04-11,JM2509,225974,20374.0,182121
2025-04-14,JM2509,254688,28714.0,178235
2025-04-15,JM2509,279860,25172.0,191170
2025-04-16,JM2509,319208,39348.0,268952
2025-04-17,JM2509,337008,17800.0,335891
2025-04-18,JM2509,337339,331.0,458184
2025-04-21,JM2509,340379,3040.0,325451
2025-04-22,JM2509,360046,19667.0,350052
2025-04-23,JM2509,338471,-21575.0,436326
2025-04-24,JM2509,338926,455.0,341458
2025-04-25,JM2509,336617,-2309.0,450489
2025-04-28,JM2509,339613,2996.0,387146
2025-04-29,JM2509,344462,4849.0,301698
2025-04-30,JM2509,317563,-26899.0,295627
2025-05-06,JM2509,343406,25843.0,219944
2025-05-07,JM2509,360120,16714.0,342798
2025-05-08,JM2509,375019,14899.0,390871
2025-05-09,JM2509,403016,27997.0,323286
2025-05-12,JM2509,399857,-3159.0,511424
2025-05-13,JM2509,427320,27463.0,429310
2025-05-14,JM2509,397285,-30035.0,615173
2025-05-15,JM2509,404577,7292.0,431105
2025-05-16,JM2509,444587,40010.0,488250
2025-05-19,JM2509,459046,14459.0,417286
2025-05-20,JM2509,472192,13146.0,337517
2025-05-21,JM2509,467044,-5148.0,392102
2025-05-22,JM2509,494386,27342.0,398595
2025-05-23,JM2509,521877,27491.0,491253
2025-05-26,JM2509,519485,-2392.0,592256
2025-05-27,JM2509,521014,1529.0,521082
2025-05-28,JM2509,526866,5852.0,537375
2025-05-29,JM2509,540328,13462.0,709680
2025-05-30,JM2509,552525,12197.0,875062
2025-06-03,JM2509,570573,18048.0,616565
2025-06-04,JM2509,560831,-9742.0,1429492
2025-06-05,JM2509,579818,18987.0,1292936
2025-06-06,JM2509,556894,-22924.0,1558449
2025-06-09,JM2509,557531,637.0,1008128
2025-06-10,JM2509,567843,10312.0,1417228
2025-06-11,JM2509,557029,-10814.0,1152104
2025-06-12,JM2509,562882,5853.0,880359
2025-06-13,JM2509,555128,-7754.0,1216321
2025-06-16,JM2509,579001,23873.0,1028795
2025-06-17,JM2509,562767,-16234.0,1019537
2025-06-18,JM2509,549735,-13032.0,834209
2025-06-19,JM2509,536104,-13631.0,780917
2025-06-20,JM2509,519609,-16495.0,919919
2025-06-23,JM2509,524014,4405.0,776808
2025-06-24,JM2509,533550,9536.0,1052370
2025-06-25,JM2509,524258,-9292.0,839404
2025-06-26,JM2509,564662,40404.0,870999
2025-06-27,JM2509,582668,18006.0,1179647
2025-06-30,JM2509,566228,-16440.0,1215001
2025-07-01,JM2509,564422,-1806.0,1071392
2025-07-02,JM2509,529227,-35195.0,1189983
2025-07-03,JM2509,539289,10062.0,1094031
2025-07-04,JM2509,538743,-546.0,1075390
2025-07-07,JM2509,549391,10648.0,869329
2025-07-08,JM2509,544987,-4404.0,723095
2025-07-09,JM2509,555558,10571.0,1245012
2025-07-10,JM2509,542637,-12921.0,1135500
2025-07-11,JM2509,538000,-4637.0,1456101
2025-07-14,JM2509,540266,2266.0,1162405
2025-07-15,JM2509,537766,-2500.0,1051234
2025-07-16,JM2509,562020,24254.0,975316
2025-07-17,JM2509,551465,-10555.0,992915
2025-07-18,JM2509,531903,-19562.0,1316545
2025-07-21,JM2509,504871,-27032.0,1610604
2025-07-22,JM2509,442089,-62782.0,1636160
2025-07-23,JM2509,409942,-32147.0,2527062
2025-07-24,JM2509,463313,53371.0,2883448
2025-07-25,JM2509,519305,55992.0,2189213
2025-07-28,JM2509,393117,-126188.0,3461352
2025-07-29,JM2509,337690,-55427.0,1590877
2025-07-30,JM2509,307743,-29947.0,1748394
2025-07-31,JM2509,284647,-23096.0,987871
2025-08-01,JM2509,248345,-36302.0,912284
2025-08-04,JM2509,218040,-30305.0,518478
2025-08-05,JM2509,178776,-39264.0,542302
2025-08-06,JM2509,149412,-29364.0,448376
2025-08-07,JM2509,137863,-11549.0,421865
2025-08-08,JM2509,128192,-9671.0,274089
2025-08-11,JM2509,123235,-4957.0,241108
2025-08-12,JM2509,122851,-384.0,266208
2025-08-13,JM2509,105221,-17630.0,272342
2025-08-14,JM2509,96985,-8236.0,193246
2025-08-15,JM2509,90783,-6202.0,148110
2025-08-18,JM2509,81685,-9098.0,133182
2025-08-19,JM2509,74824,-6861.0,89556
2025-08-20,JM2509,60461,-14363.0,118362
2025-08-21,JM2509,53699,-6762.0,68396
2025-08-22,JM2509,50578,-3121.0,47843
2025-08-25,JM2509,39912,-10666.0,64909
2025-08-26,JM2509,34453,-5459.0,37981
2025-08-27,JM2509,29225,-5228.0,34407
2025-08-28,JM2509,22330,-6895.0,30028
2025-08-29,JM2509,4487,-17843.0,38031
2025-09-01,JM2509,3898,-589.0,1137
2025-09-02,JM2509,3306,-592.0,145
2025-09-03,JM2509,2585,-721.0,28
2025-09-04,JM2509,2221,-364.0,38
2025-09-05,JM2509,1917,-304.0,9
2025-09-08,JM2509,1059,-858.0,68
2025-09-09,JM2509,826,-233.0,236
2025-09-10,JM2509,631,-195.0,10
2025-09-11,JM2509,626,-5.0,15
2025-09-12,JM2509,0,-626.0,78
2024-12-16,JM2512,4,,5
2024-12-17,JM2512,5,1.0,5
2024-12-18,JM2512,7,2.0,5
2024-12-19,JM2512,9,2.0,4
2024-12-20,JM2512,10,1.0,2
2024-12-24,JM2512,14,4.0,9
2024-12-25,JM2512,17,3.0,9
2024-12-26,JM2512,22,5.0,7
2024-12-27,JM2512,28,6.0,27
2024-12-30,JM2512,29,1.0,2
2025-01-02,JM2512,29,0.0,1
2025-01-03,JM2512,29,0.0,6
2025-01-06,JM2512,33,4.0,34
2025-01-07,JM2512,33,0.0,17
2025-01-08,JM2512,28,-5.0,11
2025-01-09,JM2512,29,1.0,5
2025-01-13,JM2512,32,3.0,6
2025-01-14,JM2512,31,-1.0,1
2025-01-15,JM2512,29,-2.0,3
2025-01-16,JM2512,29,0.0,17
2025-01-17,JM2512,30,1.0,5
2025-01-20,JM2512,30,0.0,5
2025-01-21,JM2512,30,0.0,9
2025-01-22,JM2512,31,1.0,4
2025-01-23,JM2512,31,0.0,5
2025-01-24,JM2512,31,0.0,3
2025-02-05,JM2512,36,5.0,15
2025-02-06,JM2512,34,-2.0,3
2025-02-07,JM2512,28,-6.0,20
2025-02-10,JM2512,29,1.0,2
2025-02-11,JM2512,30,1.0,4
2025-02-12,JM2512,32,2.0,2
2025-02-13,JM2512,32,0.0,6
2025-02-14,JM2512,34,2.0,11
2025-02-17,JM2512,35,1.0,3
2025-02-19,JM2512,35,0.0,1
2025-02-20,JM2512,35,0.0,5
2025-02-21,JM2512,35,0.0,9
2025-02-24,JM2512,36,1.0,11
2025-02-25,JM2512,43,7.0,20
2025-02-26,JM2512,46,3.0,9
2025-02-27,JM2512,50,4.0,21
2025-02-28,JM2512,48,-2.0,6
2025-03-03,JM2512,50,2.0,23
2025-03-04,JM2512,57,7.0,15
2025-03-05,JM2512,75,18.0,29
2025-03-06,JM2512,81,6.0,20
2025-03-07,JM2512,83,2.0,15
2025-03-10,JM2512,98,15.0,106
2025-03-11,JM2512,108,10.0,17
2025-03-12,JM2512,105,-3.0,9
2025-03-13,JM2512,124,19.0,61
2025-03-14,JM2512,123,-1.0,10
2025-03-17,JM2512,125,2.0,45
2025-03-18,JM2512,125,0.0,2
2025-03-19,JM2512,159,34.0,48
2025-03-20,JM2512,165,6.0,17
2025-03-21,JM2512,171,6.0,8
2025-03-24,JM2512,185,14.0,42
2025-03-25,JM2512,192,7.0,35
2025-03-26,JM2512,191,-1.0,44
2025-03-27,JM2512,192,1.0,5
2025-03-28,JM2512,196,4.0,19
2025-03-31,JM2512,204,8.0,17
2025-04-01,JM2512,214,10.0,38
2025-04-02,JM2512,212,-2.0,13
2025-04-03,JM2512,214,2.0,2
2025-04-07,JM2512,217,3.0,10
2025-04-08,JM2512,211,-6.0,45
2025-04-09,JM2512,210,-1.0,30
2025-04-10,JM2512,217,7.0,31
2025-04-11,JM2512,231,14.0,44
2025-04-14,JM2512,242,11.0,78
2025-04-15,JM2512,247,5.0,7
2025-04-16,JM2512,259,12.0,49
2025-04-17,JM2512,302,43.0,78
2025-04-18,JM2512,311,9.0,102
2025-04-21,JM2512,314,3.0,50
2025-04-22,JM2512,312,-2.0,146
2025-04-23,JM2512,312,0.0,52
2025-04-24,JM2512,318,6.0,18
2025-04-25,JM2512,333,15.0,197
2025-04-28,JM2512,346,13.0,29
2025-04-29,JM2512,349,3.0,30
2025-04-30,JM2512,358,9.0,34
2025-05-06,JM2512,357,-1.0,25
2025-05-07,JM2512,363,6.0,57
2025-05-08,JM2512,398,35.0,245
2025-05-09,JM2512,457,59.0,113
2025-05-12,JM2512,383,-74.0,262
2025-05-13,JM2512,461,78.0,183
2025-05-14,JM2512,462,1.0,198
2025-05-15,JM2512,466,4.0,303
2025-05-16,JM2512,492,26.0,108
2025-05-19,JM2512,531,39.0,153
2025-05-20,JM2512,555,24.0,101
2025-05-21,JM2512,562,7.0,121
2025-05-22,JM2512,565,3.0,111
2025-05-23,JM2512,602,37.0,186
2025-05-26,JM2512,678,76.0,249
2025-05-27,JM2512,677,-1.0,84
2025-05-28,JM2512,733,56.0,254
2025-05-29,JM2512,822,89.0,232
2025-05-30,JM2512,879,57.0,309
2025-06-03,JM2512,904,25.0,240
2025-06-04,JM2512,967,63.0,286
2025-06-05,JM2512,1076,109.0,428
2025-06-06,JM2512,997,-79.0,473
2025-06-09,JM2512,1004,7.0,145
2025-06-10,JM2512,964,-40.0,450
2025-06-11,JM2512,961,-3.0,364
2025-06-12,JM2512,1000,39.0,163
2025-06-13,JM2512,1048,48.0,524
2025-06-16,JM2512,1011,-37.0,274
2025-06-17,JM2512,1032,21.0,277
2025-06-18,JM2512,1014,-18.0,199
2025-06-19,JM2512,1016,2.0,139
2025-06-20,JM2512,1010,-6.0,145
2025-06-23,JM2512,1033,23.0,236
2025-06-24,JM2512,999,-34.0,337
2025-06-25,JM2512,1001,2.0,135
2025-06-26,JM2512,1006,5.0,195
2025-06-27,JM2512,960,-46.0,377
2025-06-30,JM2512,954,-6.0,348
2025-07-01,JM2512,1328,374.0,927
2025-07-02,JM2512,1708,380.0,835
2025-07-03,JM2512,1985,277.0,790
2025-07-04,JM2512,2307,322.0,1567
2025-07-07,JM2512,2531,224.0,1042
2025-07-08,JM2512,2724,193.0,671
2025-07-09,JM2512,2883,159.0,945
2025-07-10,JM2512,2944,61.0,856
2025-07-11,JM2512,3007,63.0,1447
2025-07-14,JM2512,3591,584.0,1901
2025-07-15,JM2512,3930,339.0,1967
2025-07-16,JM2512,4223,293.0,1651
2025-07-17,JM2512,4422,199.0,2017
2025-07-18,JM2512,4640,218.0,1677
2025-07-21,JM2512,4834,194.0,3074
2025-07-22,JM2512,5410,576.0,10907
2025-07-23,JM2512,5731,321.0,19641
2025-07-24,JM2512,5788,57.0,20046
2025-07-25,JM2512,7064,1276.0,13427
2025-07-28,JM2512,6765,-299.0,29262
2025-07-29,JM2512,9511,2746.0,20517
2025-07-30,JM2512,10834,1323.0,30163
2025-07-31,JM2512,11397,563.0,27237
2025-08-01,JM2512,11414,17.0,18804
2025-08-04,JM2512,11644,230.0,12410
2025-08-05,JM2512,11280,-364.0,15161
2025-08-06,JM2512,10688,-592.0,25746
2025-08-07,JM2512,11863,1175.0,33195
2025-08-08,JM2512,11265,-598.0,14328
2025-08-11,JM2512,11175,-90.0,14542
2025-08-12,JM2512,11897,722.0,17951
2025-08-13,JM2512,11505,-392.0,20483
2025-08-14,JM2512,11266,-239.0,16918
2025-08-15,JM2512,11255,-11.0,13747
2025-08-18,JM2512,11504,249.0,20845
2025-08-19,JM2512,11856,352.0,15908
2025-08-20,JM2512,12647,791.0,23075
2025-08-21,JM2512,13492,845.0,14542
2025-08-22,JM2512,13259,-233.0,12694
2025-08-25,JM2512,14225,966.0,20109
2025-08-26,JM2512,13919,-306.0,14867
2025-08-27,JM2512,13062,-857.0,22340
2025-08-28,JM2512,13804,742.0,14772
2025-08-29,JM2512,14353,549.0,13732
2025-09-01,JM2512,15146,793.0,12867
2025-09-02,JM2512,15809,663.0,9004
2025-09-03,JM2512,16337,528.0,8217
2025-09-04,JM2512,17526,1189.0,10302
2025-09-05,JM2512,17179,-347.0,15241
2025-09-08,JM2512,17890,711.0,13229
2025-09-09,JM2512,17926,36.0,7566
2025-09-10,JM2512,17431,-495.0,8516
2025-09-11,JM2512,17542,111.0,7917
2025-09-12,JM2512,17102,-440.0,6834
2025-09-15,JM2512,18896,1794.0,12689
2025-09-16,JM2512,20697,1801.0,17928
2025-09-17,JM2512,20969,272.0,13857
2025-09-18,JM2512,21442,473.0,10569
2025-09-19,JM2512,21760,318.0,8103
2025-09-22,JM2512,22067,307.0,12583
2025-09-23,JM2512,22071,4.0,6772
2025-09-24,JM2512,20975,-1096.0,10225
2025-09-25,JM2512,20586,-389.0,6387
2025-09-26,JM2512,20164,-422.0,7911
2025-09-29,JM2512,19036,-1128.0,6902
2025-09-30,JM2512,19041,5.0,5843
2025-10-09,JM2512,19809,768.0,6186
2025-10-10,JM2512,20669,860.0,6612
2025-10-13,JM2512,21054,385.0,8612
2025-10-14,JM2512,21058,4.0,6729
2025-10-15,JM2512,21893,835.0,8939
2025-10-16,JM2512,22851,958.0,9903
2025-10-17,JM2512,23708,857.0,10872
2025-10-20,JM2512,23160,-548.0,15522
2025-10-21,JM2512,22870,-290.0,10149
2025-10-22,JM2512,23110,240.0,7592
2025-10-23,JM2512,23679,569.0,11394
2025-10-24,JM2512,23824,145.0,14717
2025-10-27,JM2512,24691,867.0,15805
2025-10-28,JM2512,23943,-748.0,11245
2025-10-29,JM2512,23498,-445.0,19936
2025-10-30,JM2512,20734,-2764.0,19222
2025-10-31,JM2512,19920,-814.0,16742
2025-11-03,JM2512,17928,-1992.0,11782
2025-11-04,JM2512,15757,-2171.0,12436
2025-11-05,JM2512,14962,-795.0,8269
2025-11-06,JM2512,14018,-944.0,11793
2025-11-07,JM2512,12225,-1793.0,9444
2025-11-10,JM2512,10686,-1539.0,9132
2025-11-11,JM2512,8132,-2554.0,12287
2025-11-12,JM2512,6816,-1316.0,4988
2025-11-13,JM2512,6299,-517.0,5513
2025-11-14,JM2512,5956,-343.0,4964
2025-11-17,JM2512,5415,-541.0,5408
2025-11-18,JM2512,5067,-348.0,4297
2025-11-19,JM2512,4071,-996.0,2081
2025-11-20,JM2512,3627,-444.0,2024
2025-11-21,JM2512,3547,-80.0,1782
2025-11-24,JM2512,3233,-314.0,2221
2025-11-25,JM2512,2925,-308.0,727
2025-11-26,JM2512,2666,-259.0,751
2025-11-27,JM2512,2382,-284.0,760
2025-11-28,JM2512,1219,-1163.0,2732
2025-12-01,JM2512,628,-591.0,52
2025-12-02,JM2512,621,-7.0,17
2025-12-03,JM2512,618,-3.0,4
2025-12-04,JM2512,608,-10.0,10
2025-12-05,JM2512,605,-3.0,3
2025-12-09,JM2512,204,-401.0,102
2025-12-10,JM2512,203,-1.0,1
2025-12-12,JM2512,0,-203.0,3
2025-01-16,JM2601,74,,172
2025-01-17,JM2601,97,23.0,42
2025-01-20,JM2601,131,34.0,65
2025-01-21,JM2601,133,2.0,36
2025-01-22,JM2601,151,18.0,33
2025-01-23,JM2601,162,11.0,52
2025-01-24,JM2601,156,-6.0,22
2025-01-27,JM2601,166,10.0,37
2025-02-05,JM2601,210,44.0,93
2025-02-06,JM2601,214,4.0,47
2025-02-07,JM2601,276,62.0,173
2025-02-10,JM2601,283,7.0,74
2025-02-11,JM2601,300,17.0,65
2025-02-12,JM2601,340,40.0,86
2025-02-13,JM2601,386,46.0,169
2025-02-14,JM2601,407,21.0,149
2025-02-17,JM2601,423,16.0,68
2025-02-18,JM2601,426,3.0,38
2025-02-19,JM2601,453,27.0,45
2025-02-20,JM2601,476,23.0,84
2025-02-21,JM2601,474,-2.0,137
2025-02-24,JM2601,600,126.0,241
2025-02-25,JM2601,633,33.0,145
2025-02-26,JM2601,674,41.0,165
2025-02-27,JM2601,677,3.0,124
2025-02-28,JM2601,687,10.0,68
2025-03-03,JM2601,713,26.0,183
2025-03-04,JM2601,725,12.0,53
2025-03-05,JM2601,983,258.0,392
2025-03-06,JM2601,1063,80.0,199
2025-03-07,JM2601,1027,-36.0,233
2025-03-10,JM2601,1139,112.0,283
2025-03-11,JM2601,1224,85.0,165
2025-03-12,JM2601,1310,86.0,231
2025-03-13,JM2601,1482,172.0,366
2025-03-14,JM2601,1492,10.0,213
2025-03-17,JM2601,1523,31.0,237
2025-03-18,JM2601,1562,39.0,145
2025-03-19,JM2601,1685,123.0,603
2025-03-20,JM2601,1763,78.0,300
2025-03-21,JM2601,1865,102.0,305
2025-03-24,JM2601,1903,38.0,460
2025-03-25,JM2601,1958,55.0,432
2025-03-26,JM2601,2070,112.0,413
2025-03-27,JM2601,2105,35.0,288
2025-03-28,JM2601,2115,10.0,171
2025-03-31,JM2601,2340,225.0,638
2025-04-01,JM2601,2496,156.0,609
2025-04-02,JM2601,2709,213.0,496
2025-04-03,JM2601,2874,165.0,417
2025-04-07,JM2601,2871,-3.0,813
2025-04-08,JM2601,3160,289.0,1071
2025-04-09,JM2601,3320,160.0,1249
2025-04-10,JM2601,3632,312.0,1007
2025-04-11,JM2601,4314,682.0,1450
2025-04-14,JM2601,4479,165.0,1499
2025-04-15,JM2601,4972,493.0,1197
2025-04-16,JM2601,5279,307.0,1840
2025-04-17,JM2601,5463,184.0,2510
2025-04-18,JM2601,6199,736.0,4344
2025-04-21,JM2601,6844,645.0,3179
2025-04-22,JM2601,7922,1078.0,3089
2025-04-23,JM2601,8242,320.0,5192
2025-04-24,JM2601,8399,157.0,3540
2025-04-25,JM2601,8518,119.0,4790
2025-04-28,JM2601,8457,-61.0,3319
2025-04-29,JM2601,8530,73.0,3428
2025-04-30,JM2601,8862,332.0,3319
2025-05-06,JM2601,9378,516.0,4476
2025-05-07,JM2601,11333,1955.0,5985
2025-05-08,JM2601,16164,4831.0,16886
2025-05-09,JM2601,22580,6416.0,19365
2025-05-12,JM2601,27484,4904.0,28395
2025-05-13,JM2601,30935,3451.0,18886
2025-05-14,JM2601,31249,314.0,26836
2025-05-15,JM2601,33254,2005.0,18818
2025-05-16,JM2601,34817,1563.0,16677
2025-05-19,JM2601,41109,6292.0,25610
2025-05-20,JM2601,43553,2444.0,20285
2025-05-21,JM2601,45303,1750.0,27319
2025-05-22,JM2601,48857,3554.0,21596
2025-05-23,JM2601,54514,5657.0,33445
2025-05-26,JM2601,58774,4260.0,35641
2025-05-27,JM2601,59085,311.0,23353
2025-05-28,JM2601,62394,3309.0,27629
2025-05-29,JM2601,67748,5354.0,39499
2025-05-30,JM2601,72273,4525.0,53116
2025-06-03,JM2601,81256,8983.0,47678
2025-06-04,JM2601,90670,9414.0,98673
2025-06-05,JM2601,90671,1.0,78693
2025-06-06,JM2601,92959,2288.0,83160
2025-06-09,JM2601,94655,1696.0,46061
2025-06-10,JM2601,99099,4444.0,73876
2025-06-11,JM2601,100503,1404.0,50903
2025-06-12,JM2601,102297,1794.0,38222
2025-06-13,JM2601,103274,977.0,65143
2025-06-16,JM2601,108146,4872.0,58848
2025-06-17,JM2601,112352,4206.0,57948
2025-06-18,JM2601,118325,5973.0,51127
2025-06-19,JM2601,117807,-518.0,46614
2025-06-20,JM2601,119977,2170.0,54947
2025-06-23,JM2601,126272,6295.0,65393
2025-06-24,JM2601,127079,807.0,115794
2025-06-25,JM2601,134298,7219.0,90556
2025-06-26,JM2601,137279,2981.0,72704
2025-06-27,JM2601,140586,3307.0,113779
2025-06-30,JM2601,145423,4837.0,129940
2025-07-01,JM2601,151778,6355.0,141184
2025-07-02,JM2601,165615,13837.0,164056
2025-07-03,JM2601,183685,18070.0,180788
2025-07-04,JM2601,187742,4057.0,239261
2025-07-07,JM2601,190156,2414.0,181278
2025-07-08,JM2601,197216,7060.0,135175
2025-07-09,JM2601,210062,12846.0,213341
2025-07-10,JM2601,216335,6273.0,200847
2025-07-11,JM2601,215161,-1174.0,232392
2025-07-14,JM2601,229191,14030.0,191909
2025-07-15,JM2601,238203,9012.0,253222
2025-07-16,JM2601,243586,5383.0,251175
2025-07-17,JM2601,257533,13947.0,269239
2025-07-18,JM2601,261865,4332.0,292959
2025-07-21,JM2601,261191,-674.0,448862
2025-07-22,JM2601,277885,16694.0,734226
2025-07-23,JM2601,285458,7573.0,1047136
2025-07-24,JM2601,314655,29197.0,1055062
2025-07-25,JM2601,338259,23604.0,853023
2025-07-28,JM2601,312525,-25734.0,1211500
2025-07-29,JM2601,356472,43947.0,1197168
2025-07-30,JM2601,407579,51107.0,1697886
2025-07-31,JM2601,416755,9176.0,1549275
2025-08-01,JM2601,427980,11225.0,2225298
2025-08-04,JM2601,487977,59997.0,1908758
2025-08-05,JM2601,526291,38314.0,2494846
2025-08-06,JM2601,603612,77321.0,2622048
2025-08-07,JM2601,649421,45809.0,3371852
2025-08-08,JM2601,660256,10835.0,2099880
2025-08-11,JM2601,690736,30480.0,2366892
2025-08-12,JM2601,718946,28210.0,2198089
2025-08-13,JM2601,685537,-33409.0,2684599
2025-08-14,JM2601,660629,-24908.0,2526893
2025-08-15,JM2601,659496,-1133.0,1848441
2025-08-18,JM2601,716097,56601.0,1808726
2025-08-19,JM2601,713865,-2232.0,1364959
2025-08-20,JM2601,698714,-15151.0,1974478
2025-08-21,JM2601,699348,634.0,1364024
2025-08-22,JM2601,700688,1340.0,1324473
2025-08-25,JM2601,722514,21826.0,1938899
2025-08-26,JM2601,717776,-4738.0,1653107
2025-08-27,JM2601,724843,7067.0,1598322
2025-08-28,JM2601,741087,16244.0,1446978
2025-08-29,JM2601,738966,-2121.0,1398041
2025-09-01,JM2601,748959,9993.0,1384225
2025-09-02,JM2601,734912,-14047.0,1220833
2025-09-03,JM2601,745765,10853.0,1068419
2025-09-04,JM2601,733627,-12138.0,1185403
2025-09-05,JM2601,721541,-12086.0,1732556
2025-09-08,JM2601,717820,-3721.0,1421584
2025-09-09,JM2601,717584,-236.0,1025227
2025-09-10,JM2601,704402,-13182.0,1007217
2025-09-11,JM2601,718075,13673.0,1064365
2025-09-12,JM2601,697002,-21073.0,959111
2025-09-15,JM2601,730041,33039.0,1242285
2025-09-16,JM2601,763971,33930.0,1466001
2025-09-17,JM2601,760526,-3445.0,1392210
2025-09-18,JM2601,724372,-36154.0,1192468
2025-09-19,JM2601,723291,-1081.0,1078119
2025-09-22,JM2601,716268,-7023.0,1299354
2025-09-23,JM2601,706845,-9423.0,1065414
2025-09-24,JM2601,699690,-7155.0,1105274
2025-09-25,JM2601,683520,-16170.0,735240
2025-09-26,JM2601,688546,5026.0,832745
2025-09-29,JM2601,623075,-65471.0,855255
2025-09-30,JM2601,554567,-68508.0,704064
2025-10-09,JM2601,568971,14404.0,495533
2025-10-10,JM2601,596453,27482.0,700936
2025-10-13,JM2601,589409,-7044.0,818806
2025-10-14,JM2601,607030,17621.0,968042
2025-10-15,JM2601,601850,-5180.0,933698
2025-10-16,JM2601,623751,21901.0,981288
2025-10-17,JM2601,606535,-17216.0,869924
2025-10-20,JM2601,618806,12271.0,1072864
2025-10-21,JM2601,595972,-22834.0,914637
2025-10-22,JM2601,597678,1706.0,765910
2025-10-23,JM2601,683968,86290.0,1017667
2025-10-24,JM2601,672945,-11023.0,1033014
2025-10-27,JM2601,667831,-5114.0,976752
2025-10-28,JM2601,650364,-17467.0,848493
2025-10-29,JM2601,706691,56327.0,1073974
2025-10-30,JM2601,692345,-14346.0,1060058
2025-10-31,JM2601,673751,-18594.0,1034091
2025-11-03,JM2601,669763,-3988.0,1020691
2025-11-04,JM2601,645210,-24553.0,860822
2025-11-05,JM2601,644473,-737.0,807948
2025-11-06,JM2601,674603,30130.0,915849
2025-11-07,JM2601,638430,-36173.0,829948
2025-11-10,JM2601,626571,-11859.0,835521
2025-11-11,JM2601,628660,2089.0,1001695
2025-11-12,JM2601,593097,-35563.0,551780
2025-11-13,JM2601,592106,-991.0,572483
2025-11-14,JM2601,586139,-5967.0,660309
2025-11-17,JM2601,558809,-27330.0,550234
2025-11-18,JM2601,570543,11734.0,778204
2025-11-19,JM2601,549449,-21094.0,569237
2025-11-20,JM2601,536909,-12540.0,714601
2025-11-21,JM2601,497103,-39806.0,620493
2025-11-24,JM2601,498903,1800.0,750678
2025-11-25,JM2601,496953,-1950.0,560182
2025-11-26,JM2601,476434,-20519.0,708590
2025-11-27,JM2601,452336,-24098.0,457821
2025-11-28,JM2601,449323,-3013.0,505376
2025-12-01,JM2601,423336,-25987.0,592019
2025-12-02,JM2601,397617,-25719.0,369820
2025-12-03,JM2601,392175,-5442.0,422343
2025-12-04,JM2601,350729,-41446.0,337231
2025-12-05,JM2601,308264,-42465.0,284293
2025-12-08,JM2601,275291,-32973.0,357976
2025-12-09,JM2601,238796,-36495.0,203153
2025-12-10,JM2601,219992,-18804.0,181257
2025-12-11,JM2601,199252,-20740.0,212855
2025-12-12,JM2601,179258,-19994.0,209801
2025-12-15,JM2601,158442,-20816.0,189583
2025-12-16,JM2601,140139,-18303.0,107356
2025-12-17,JM2601,125116,-15023.0,70232
2025-12-18,JM2601,113287,-11829.0,145358
2025-12-19,JM2601,100277,-13010.0,90621
2025-12-22,JM2601,92204,-8073.0,87458
2025-12-23,JM2601,75860,-16344.0,80855
2025-12-24,JM2601,69646,-6214.0,51604
2025-12-25,JM2601,62246,-7400.0,31662
2025-12-26,JM2601,55459,-6787.0,47867
2025-12-29,JM2601,44932,-10527.0,26611
2025-12-30,JM2601,33671,-11261.0,22605
2025-12-31,JM2601,10402,-23269.0,38982
2026-01-05,JM2601,7991,-2411.0,1888
2026-01-06,JM2601,6488,-1503.0,751
2026-01-07,JM2601,5266,-1222.0,645
2026-01-08,JM2601,3801,-1465.0,859
2026-01-09,JM2601,3395,-406.0,209
2026-01-12,JM2601,3360,-35.0,35
2026-01-13,JM2601,2220,-1140.0,289
2026-01-14,JM2601,1820,-400.0,9
2026-01-15,JM2601,417,-1403.0,212
2026-01-16,JM2601,0,-417.0,217
