date,open,high,low,close,volume,position,s
2020-01-02,14130.0,14265.0,14040.0,14225.0,5690,0,0.0
2020-01-03,14250.0,14280.0,13740.0,13770.0,8022,0,0.0
2020-01-06,13750.0,13860.0,13625.0,13805.0,6594,0,0.0
2020-01-07,13805.0,13995.0,13680.0,13905.0,6067,0,0.0
2020-01-08,13855.0,14135.0,13755.0,14050.0,8381,0,0.0
2020-01-09,14070.0,14250.0,14060.0,14110.0,5416,0,0.0
2020-01-10,14120.0,14250.0,14055.0,14220.0,5748,0,0.0
2020-01-13,14225.0,14350.0,14055.0,14100.0,8371,0,0.0
2020-01-14,14110.0,14155.0,13645.0,13890.0,9449,0,0.0
2020-01-15,13870.0,14385.0,13715.0,14340.0,11202,0,0.0
2020-01-16,14350.0,14435.0,13760.0,13795.0,8803,0,0.0
2020-01-17,13815.0,13985.0,13805.0,13935.0,5760,0,0.0
2020-01-20,13955.0,14175.0,13835.0,14015.0,5269,0,0.0
2020-01-21,14010.0,14065.0,13640.0,13670.0,6750,0,0.0
2020-01-22,13670.0,13890.0,13505.0,13650.0,6971,0,0.0
2020-01-23,13660.0,13675.0,13310.0,13370.0,5394,0,0.0
2020-01-24,13345.0,13395.0,12935.0,12965.0,5143,0,0.0
2020-01-27,12920.0,13040.0,12560.0,12690.0,7661,0,0.0
2020-01-28,12610.0,12970.0,12560.0,12580.0,7055,0,0.0
2020-01-29,12575.0,12765.0,12510.0,12645.0,5421,0,0.0
2020-01-30,12665.0,12750.0,12525.0,12585.0,4638,0,0.0
2020-01-31,12650.0,12925.0,12550.0,12765.0,6315,0,0.0
2020-02-03,12785.0,12940.0,12695.0,12720.0,7833,0,0.0
2020-02-04,12735.0,13365.0,12735.0,12950.0,10516,0,0.0
2020-02-05,12925.0,13270.0,12925.0,13205.0,7453,0,0.0
2020-02-06,13220.0,13310.0,13075.0,13100.0,5551,0,0.0
2020-02-07,13105.0,13210.0,12755.0,12830.0,6591,0,0.0
2020-02-10,12800.0,13080.0,12800.0,12920.0,6004,0,0.0
2020-02-11,12950.0,13275.0,12950.0,13115.0,7099,0,0.0
2020-02-12,13140.0,13230.0,12935.0,13150.0,6348,0,0.0
2020-02-13,13135.0,13295.0,13050.0,13255.0,7027,0,0.0
2020-02-14,13270.0,13345.0,13010.0,13040.0,5298,0,0.0
2020-02-17,13065.0,13210.0,13055.0,13150.0,3254,0,0.0
2020-02-18,13150.0,13185.0,12770.0,12850.0,7273,0,0.0
2020-02-19,12875.0,12985.0,12690.0,12850.0,7449,0,0.0
2020-02-20,12855.0,12965.0,12650.0,12735.0,5260,0,0.0
2020-02-21,12755.0,12785.0,12500.0,12565.0,6021,0,0.0
2020-02-24,12500.0,12670.0,12370.0,12460.0,7642,0,0.0
2020-02-25,12500.0,12765.0,12445.0,12520.0,7542,0,0.0
2020-02-26,12520.0,12590.0,12355.0,12475.0,6630,0,0.0
2020-02-27,12460.0,12555.0,12285.0,12375.0,6143,0,0.0
2020-02-28,12405.0,12420.0,12140.0,12215.0,8979,0,0.0
2020-03-02,12220.0,12745.0,12220.0,12675.0,9115,0,0.0
2020-03-03,12735.0,12925.0,12500.0,12685.0,8889,0,0.0
2020-03-04,12690.0,12820.0,12610.0,12680.0,5054,0,0.0
2020-03-05,12715.0,12915.0,12675.0,12895.0,6035,0,0.0
2020-03-06,12850.0,12885.0,12660.0,12835.0,5633,0,0.0
2020-03-09,12760.0,12760.0,12300.0,12595.0,8490,0,0.0
2020-03-10,12640.0,12995.0,12570.0,12730.0,11027,0,0.0
2020-03-11,12775.0,12905.0,12350.0,12445.0,10113,0,0.0
2020-03-12,12420.0,12495.0,11735.0,11870.0,13954,0,0.0
2020-03-13,11915.0,12815.0,11735.0,12300.0,19205,0,0.0
2020-03-16,12225.0,12465.0,11670.0,11995.0,11324,0,0.0
2020-03-17,12040.0,12295.0,11800.0,11910.0,13297,0,0.0
2020-03-18,11910.0,12165.0,11305.0,11380.0,18205,0,0.0
2020-03-19,11455.0,11650.0,11085.0,11295.0,21348,0,0.0
2020-03-20,11300.0,11700.0,11265.0,11330.0,13105,0,0.0
2020-03-23,11190.0,11290.0,10865.0,10910.0,11247,0,0.0
2020-03-24,11030.0,11300.0,10995.0,11280.0,9057,0,0.0
2020-03-25,11330.0,11350.0,11100.0,11310.0,6627,0,0.0
2020-03-26,11300.0,11325.0,11110.0,11210.0,7565,0,0.0
2020-03-27,11255.0,11430.0,11215.0,11410.0,5867,0,0.0
2020-03-30,11390.0,11455.0,11260.0,11315.0,5704,0,0.0
2020-03-31,11330.0,11500.0,11230.0,11465.0,5639,0,0.0
2020-04-01,11435.0,11435.0,11235.0,11240.0,5055,0,0.0
2020-04-02,11260.0,11365.0,10950.0,11290.0,5670,0,0.0
2020-04-03,11340.0,11355.0,11200.0,11200.0,3650,0,0.0
2020-04-06,11225.0,11310.0,11200.0,11280.0,2214,0,0.0
2020-04-07,11320.0,11520.0,11295.0,11430.0,5928,0,0.0
2020-04-08,11415.0,11590.0,11330.0,11505.0,6454,0,0.0
2020-04-09,11520.0,11705.0,11475.0,11680.0,5568,0,0.0
2020-04-14,11720.0,11865.0,11715.0,11815.0,3727,0,0.0
2020-04-15,11865.0,12000.0,11740.0,11765.0,5738,0,0.0
2020-04-16,11775.0,11795.0,11620.0,11755.0,3044,0,0.0
2020-04-17,11810.0,12070.0,11785.0,12055.0,5118,0,0.0
2020-04-20,12055.0,12535.0,11920.0,12470.0,7436,0,0.0
2020-04-21,12470.0,12500.0,12130.0,12160.0,7365,0,0.0
2020-04-22,12200.0,12225.0,11775.0,11940.0,6291,0,0.0
2020-04-23,11910.0,12240.0,11880.0,12170.0,4464,0,0.0
2020-04-24,12170.0,12315.0,12045.0,12250.0,3144,0,0.0
2020-04-27,12260.0,12595.0,12155.0,12225.0,5404,0,0.0
2020-04-28,12250.0,12440.0,12080.0,12325.0,5507,0,0.0
2020-04-29,12320.0,12370.0,12185.0,12295.0,4421,0,0.0
2020-04-30,12320.0,12355.0,12130.0,12130.0,4498,0,0.0
2020-05-01,12120.0,12200.0,11835.0,11915.0,4325,0,0.0
2020-05-04,11885.0,11970.0,11800.0,11800.0,2519,0,0.0
2020-05-05,11815.0,12050.0,11800.0,12020.0,3711,0,0.0
2020-05-06,12040.0,12335.0,11875.0,12295.0,7587,0,0.0
2020-05-07,12320.0,12400.0,12170.0,12270.0,4979,0,0.0
2020-05-11,12400.0,12500.0,12215.0,12380.0,3897,0,0.0
2020-05-12,12390.0,12475.0,12230.0,12275.0,3842,0,0.0
2020-05-13,12280.0,12350.0,12135.0,12240.0,3792,0,0.0
2020-05-14,12240.0,12315.0,11965.0,12055.0,5429,0,0.0
2020-05-15,12080.0,12110.0,11820.0,11820.0,6069,0,0.0
2020-05-18,11860.0,12270.0,11840.0,12255.0,5790,0,0.0
2020-05-19,12285.0,12480.0,12230.0,12465.0,6446,0,0.0
2020-05-20,12465.0,12710.0,12385.0,12690.0,6478,0,0.0
2020-05-21,12700.0,12910.0,12410.0,12420.0,8323,0,0.0
2020-05-22,12420.0,12655.0,12105.0,12250.0,11222,0,0.0
2020-05-26,12215.0,12415.0,12195.0,12335.0,4710,0,0.0
2020-05-27,12310.0,12335.0,12090.0,12135.0,5089,0,0.0
2020-05-28,12155.0,12305.0,12135.0,12240.0,3888,0,0.0
2020-05-29,12185.0,12395.0,12130.0,12365.0,5222,0,0.0
2020-06-01,12400.0,12680.0,12400.0,12575.0,8793,0,0.0
2020-06-02,12585.0,12885.0,12545.0,12865.0,9108,0,0.0
2020-06-03,12865.0,12925.0,12665.0,12785.0,7036,0,0.0
2020-06-04,12790.0,12845.0,12530.0,12780.0,6192,0,0.0
2020-06-05,12800.0,13015.0,12745.0,12915.0,6837,0,0.0
2020-06-08,12945.0,13115.0,12870.0,13060.0,5789,0,0.0
2020-06-09,13060.0,13100.0,12720.0,12900.0,6118,0,0.0
2020-06-10,12880.0,13065.0,12810.0,12990.0,5599,0,0.0
2020-06-11,13020.0,13045.0,12600.0,12650.0,7207,0,0.0
2020-06-12,12670.0,12825.0,12535.0,12690.0,5842,0,0.0
2020-06-15,12670.0,12870.0,12470.0,12825.0,6430,0,0.0
2020-06-16,12885.0,13035.0,12835.0,13020.0,7132,0,0.0
2020-06-17,13020.0,13045.0,12815.0,12805.0,5181,0,0.0
2020-06-18,12840.0,12950.0,12760.0,12895.0,4148,0,0.0
2020-06-19,12880.0,13020.0,12720.0,12725.0,4746,0,0.0
2020-06-22,12765.0,12815.0,12620.0,12620.0,4112,0,0.0
2020-06-23,12635.0,12745.0,12525.0,12685.0,5134,0,0.0
2020-06-24,12710.0,12760.0,12505.0,12505.0,4064,0,0.0
2020-06-25,12515.0,12555.0,12425.0,12470.0,3601,0,0.0
2020-06-26,12500.0,12805.0,12500.0,12660.0,5680,0,0.0
2020-06-29,12685.0,12830.0,12565.0,12770.0,4533,0,0.0
2020-06-30,12795.0,12880.0,12710.0,12795.0,5796,0,0.0
2020-07-01,12805.0,12875.0,12605.0,12850.0,7141,0,0.0
2020-07-02,12855.0,12965.0,12785.0,12920.0,5578,0,0.0
2020-07-03,12915.0,13130.0,12905.0,12975.0,8030,0,0.0
2020-07-06,12985.0,13400.0,12985.0,13385.0,9266,0,0.0
2020-07-07,13400.0,13485.0,13260.0,13390.0,7759,0,0.0
2020-07-08,13425.0,13500.0,13350.0,13475.0,4995,0,0.0
2020-07-09,13475.0,13550.0,13155.0,13195.0,8334,0,0.0
2020-07-10,13230.0,13570.0,13050.0,13540.0,7356,0,0.0
2020-07-13,13555.0,13730.0,13480.0,13715.0,7773,0,0.0
2020-07-14,13650.0,13670.0,13390.0,13595.0,5947,0,0.0
2020-07-15,13605.0,13640.0,13340.0,13525.0,7122,0,0.0
2020-07-16,13520.0,13520.0,13210.0,13385.0,5547,0,0.0
2020-07-17,13400.0,13450.0,13080.0,13110.0,4491,0,0.0
2020-07-20,13150.0,13350.0,13070.0,13185.0,5308,0,0.0
2020-07-21,13200.0,13500.0,13180.0,13455.0,5619,0,0.0
2020-07-22,13450.0,13600.0,13070.0,13075.0,8152,0,0.0
2020-07-23,13080.0,13705.0,13070.0,13685.0,12919,0,0.0
2020-07-24,13680.0,13790.0,13310.0,13610.0,10119,0,0.0
2020-07-27,13650.0,13865.0,13650.0,13785.0,6499,0,0.0
2020-07-28,13800.0,13995.0,13510.0,13685.0,8921,0,0.0
2020-07-29,13720.0,13920.0,13635.0,13900.0,5699,0,0.0
2020-07-30,13905.0,13990.0,13590.0,13785.0,8160,0,0.0
2020-07-31,13810.0,13910.0,13675.0,13740.0,5529,0,0.0
2020-08-03,13775.0,14025.0,13605.0,13945.0,7919,0,0.0
2020-08-04,13945.0,14135.0,13865.0,13980.0,6798,0,0.0
2020-08-05,14005.0,14640.0,14005.0,14270.0,14556,0,0.0
2020-08-06,14290.0,14645.0,14290.0,14440.0,8582,0,0.0
2020-08-07,14450.0,14535.0,14255.0,14360.0,7000,0,0.0
2020-08-10,14395.0,14395.0,14085.0,14215.0,7403,0,0.0
2020-08-11,14205.0,14370.0,14090.0,14330.0,6332,0,0.0
2020-08-12,14350.0,14350.0,14000.0,14235.0,7601,0,0.0
2020-08-13,14245.0,14280.0,14020.0,14035.0,5066,0,0.0
2020-08-14,14070.0,14430.0,14050.0,14375.0,8353,0,0.0
2020-08-17,14380.0,14700.0,14380.0,14615.0,6041,0,0.0
2020-08-18,14650.0,14795.0,14545.0,14725.0,6276,0,0.0
2020-08-19,14720.0,14845.0,14625.0,14635.0,6277,0,0.0
2020-08-20,14620.0,14795.0,14470.0,14615.0,6471,0,0.0
2020-08-21,14670.0,14765.0,14560.0,14745.0,6067,0,0.0
2020-08-24,14745.0,14945.0,14745.0,14900.0,5463,0,0.0
2020-08-25,14900.0,15010.0,14805.0,14990.0,5431,0,0.0
2020-08-26,14980.0,15205.0,14975.0,15185.0,7960,0,0.0
2020-08-27,15195.0,15260.0,15060.0,15135.0,6463,0,0.0
2020-08-28,15150.0,15500.0,15145.0,15320.0,8982,0,0.0
2020-09-01,15435.0,15745.0,15415.0,15530.0,10159,0,0.0
2020-09-02,15540.0,15720.0,15490.0,15700.0,8221,0,0.0
2020-09-03,15710.0,15810.0,15010.0,15070.0,12778,0,0.0
2020-09-04,15045.0,15330.0,14995.0,15315.0,7408,0,0.0
2020-09-07,15325.0,15410.0,15160.0,15195.0,4082,0,0.0
2020-09-08,15195.0,15310.0,14675.0,14930.0,11357,0,0.0
2020-09-09,14915.0,14965.0,14735.0,14895.0,5734,0,0.0
2020-09-10,14910.0,14980.0,14735.0,14785.0,5033,0,0.0
2020-09-11,14800.0,15145.0,14630.0,15110.0,6900,0,0.0
2020-09-14,15130.0,15310.0,15075.0,15255.0,5185,0,0.0
2020-09-15,15295.0,15365.0,15135.0,15235.0,6370,0,0.0
2020-09-16,15235.0,15305.0,15075.0,15195.0,4854,0,0.0
2020-09-17,15155.0,15155.0,14855.0,15100.0,7921,0,0.0
2020-09-18,15110.0,15200.0,14810.0,14845.0,7529,0,0.0
2020-09-21,14910.0,15005.0,14300.0,14545.0,9756,0,0.0
2020-09-22,14545.0,14690.0,14470.0,14570.0,5643,0,0.0
2020-09-23,14700.0,14700.0,14305.0,14395.0,7513,0,0.0
2020-09-24,14365.0,14400.0,14125.0,14360.0,8750,0,0.0
2020-09-25,14365.0,14490.0,14235.0,14375.0,6278,0,0.0
2020-09-28,14390.0,14560.0,14245.0,14510.0,5719,0,0.0
2020-09-29,14530.0,14645.0,14350.0,14430.0,5627,0,0.0
2020-09-30,14425.0,14595.0,14270.0,14470.0,5097,0,0.0
2020-10-01,14485.0,14645.0,14210.0,14300.0,5975,0,0.0
2020-10-02,14360.0,14525.0,14045.0,14300.0,4987,0,0.0
2020-10-05,14330.0,14660.0,14240.0,14550.0,4568,0,0.0
2020-10-06,14590.0,14740.0,14480.0,14525.0,3781,0,0.0
2020-10-07,14435.0,14710.0,14425.0,14530.0,5368,0,0.0
2020-10-08,14585.0,14830.0,14525.0,14630.0,4517,0,0.0
2020-10-09,14665.0,15265.0,14665.0,15170.0,9430,0,0.0
2020-10-12,15150.0,15290.0,15045.0,15190.0,6677,0,0.0
2020-10-13,15190.0,15260.0,14985.0,15035.0,6267,0,0.0
2020-10-14,15045.0,15610.0,14985.0,15520.0,6708,0,0.0
2020-10-15,15505.0,15575.0,15300.0,15400.0,9330,0,0.0
2020-10-16,15400.0,15735.0,15400.0,15665.0,6428,0,0.0
2020-10-19,15680.0,15815.0,15615.0,15650.0,5845,0,0.0
2020-10-20,15645.0,16065.0,15615.0,16050.0,6922,0,0.0
2020-10-21,16025.0,16135.0,15785.0,15890.0,7940,0,0.0
2020-10-22,15895.0,15895.0,15705.0,15785.0,5675,0,0.0
2020-10-23,15790.0,15900.0,15555.0,15595.0,6931,0,0.0
2020-10-26,15595.0,15670.0,15360.0,15600.0,6013,0,0.0
2020-10-27,15630.0,15940.0,15575.0,15895.0,5410,0,0.0
2020-10-28,15865.0,16310.0,15635.0,15725.0,13373,0,0.0
2020-10-29,15730.0,15980.0,15315.0,15540.0,11296,0,0.0
2020-10-30,15545.0,15605.0,15140.0,15200.0,10569,0,0.0
2020-11-02,15140.0,15290.0,15040.0,15205.0,6123,0,0.0
2020-11-03,15230.0,15445.0,15180.0,15340.0,5827,0,0.0
2020-11-04,15360.0,15455.0,14930.0,15415.0,7611,0,0.0
2020-11-05,15395.0,15585.0,15240.0,15560.0,5759,0,0.0
2020-11-06,15560.0,15655.0,15260.0,15335.0,7917,0,0.0
2020-11-09,15460.0,15960.0,15445.0,15785.0,12132,0,0.0
2020-11-10,15775.0,15945.0,15635.0,15905.0,6033,0,0.0
2020-11-11,15925.0,16025.0,15700.0,16000.0,8982,0,0.0
2020-11-12,15970.0,16090.0,15870.0,15900.0,6234,0,0.0
2020-11-13,15910.0,15985.0,15730.0,15935.0,5875,0,0.0
2020-11-16,15955.0,16150.0,15815.0,15890.0,8067,0,0.0
2020-11-17,15930.0,15955.0,15655.0,15900.0,8980,0,0.0
2020-11-18,15890.0,15915.0,15725.0,15750.0,6579,0,0.0
2020-11-19,15710.0,15925.0,15630.0,15825.0,4989,0,0.0
2020-11-20,15850.0,16170.0,15775.0,16150.0,8220,0,0.0
2020-11-23,16155.0,16235.0,15895.0,16055.0,8705,0,0.0
2020-11-24,16070.0,16260.0,16000.0,16245.0,11423,0,0.0
2020-11-25,16260.0,16300.0,15930.0,16060.0,7912,0,0.0
2020-11-26,16100.0,16320.0,16015.0,16270.0,6569,0,0.0
2020-11-27,16275.0,16490.0,16265.0,16415.0,8269,0,0.0
2020-11-30,16415.0,16525.0,15990.0,16045.0,9019,0,0.0
2020-12-01,16055.0,16290.0,15965.0,16215.0,8190,0,0.0
2020-12-02,16225.0,16265.0,15830.0,15970.0,9358,0,0.0
2020-12-03,15970.0,16045.0,15820.0,15965.0,6335,0,0.0
2020-12-04,15975.0,16420.0,15885.0,16340.0,9172,0,0.0
2020-12-07,16370.0,16455.0,16290.0,16330.0,5053,0,0.0
2020-12-08,16335.0,16540.0,16285.0,16370.0,6175,0,0.0
2020-12-09,16400.0,16845.0,16360.0,16675.0,10297,0,0.0
2020-12-10,16675.0,17505.0,16610.0,17390.0,15647,0,0.0
2020-12-11,17430.0,17660.0,17135.0,17325.0,11408,0,0.0
2020-12-14,17350.0,17780.0,17275.0,17610.0,9856,0,0.0
2020-12-15,17600.0,17880.0,17485.0,17635.0,9602,0,0.0
2020-12-16,17630.0,17720.0,17280.0,17375.0,8563,0,0.0
2020-12-17,17400.0,17670.0,17310.0,17490.0,5897,0,0.0
2020-12-18,17515.0,17715.0,17430.0,17480.0,5179,0,0.0
2020-12-21,17455.0,17810.0,17065.0,17335.0,12006,0,0.0
2020-12-22,17325.0,17425.0,16580.0,16710.0,10328,0,0.0
2020-12-23,16685.0,16965.0,16295.0,16855.0,7406,0,0.0
2020-12-24,16840.0,17130.0,16805.0,16975.0,3793,0,0.0
2020-12-29,17225.0,17420.0,16860.0,16885.0,6434,0,0.0
2020-12-30,16895.0,16985.0,16710.0,16755.0,4674,0,0.0
2020-12-31,16780.0,16875.0,16560.0,16565.0,2911,0,0.0
2021-01-04,16640.0,17520.0,16640.0,17370.0,11850,0,0.0
2021-01-05,17395.0,17760.0,17330.0,17730.0,7564,0,0.0
2021-01-06,17755.0,17940.0,17510.0,17755.0,9467,0,0.0
2021-01-07,17800.0,18200.0,17755.0,18075.0,10762,0,0.0
2021-01-08,18100.0,18170.0,17470.0,17510.0,8229,0,0.0
2021-01-11,17545.0,17635.0,17040.0,17195.0,11003,0,0.0
2021-01-12,17160.0,17725.0,17160.0,17660.0,8811,0,0.0
2021-01-13,17780.0,17870.0,17495.0,17670.0,9013,0,0.0
2021-01-14,17675.0,18400.0,17600.0,18300.0,10517,0,0.0
2021-01-15,18350.0,18445.0,17790.0,18040.0,11143,0,0.0
2021-01-18,18000.0,18240.0,18000.0,18090.0,4602,0,0.0
2021-01-19,18135.0,18415.0,17950.0,18175.0,7255,0,0.0
2021-01-20,18210.0,18260.0,18000.0,18185.0,5752,0,0.0
2021-01-21,18210.0,18515.0,18205.0,18370.0,7200,0,0.0
2021-01-22,18375.0,18410.0,17860.0,18195.0,10047,0,0.0
2021-01-25,18210.0,18480.0,18115.0,18295.0,5873,0,0.0
2021-01-26,18265.0,18350.0,18035.0,18090.0,4869,0,0.0
2021-01-27,18095.0,18185.0,17685.0,17810.0,7747,0,0.0
2021-01-28,17780.0,17975.0,17560.0,17820.0,8863,0,0.0
2021-01-29,17780.0,18015.0,17520.0,17665.0,9547,0,0.0
2021-02-01,17695.0,17965.0,17695.0,17880.0,7606,0,0.0
2021-02-02,17875.0,17935.0,17655.0,17720.0,6486,0,0.0
2021-02-03,17770.0,17825.0,17525.0,17600.0,6403,0,0.0
2021-02-04,17635.0,17725.0,17465.0,17610.0,6066,0,0.0
2021-02-05,17645.0,18120.0,17640.0,18095.0,6358,0,0.0
2021-02-08,18090.0,18190.0,18040.0,18180.0,4184,0,0.0
2021-02-09,18200.0,18425.0,18120.0,18375.0,5760,0,0.0
2021-02-10,18365.0,18720.0,18255.0,18705.0,7240,0,0.0
2021-02-11,18700.0,18720.0,18570.0,18600.0,3449,0,0.0
2021-02-12,18660.0,18660.0,18260.0,18605.0,5054,0,0.0
2021-02-15,18620.0,18785.0,18580.0,18595.0,3592,0,0.0
2021-02-16,18625.0,18860.0,18510.0,18830.0,3824,0,0.0
2021-02-17,18810.0,18830.0,18675.0,18775.0,3872,0,0.0
2021-02-18,18765.0,19210.0,18725.0,19200.0,10538,0,0.0
2021-02-19,19195.0,19810.0,19085.0,19645.0,14233,0,0.0
2021-02-22,19705.0,20110.0,19310.0,19495.0,15219,0,0.0
2021-02-23,19500.0,19900.0,18985.0,19385.0,12256,0,0.0
2021-02-24,19370.0,19885.0,19105.0,19860.0,8713,0,0.0
2021-02-25,19900.0,19970.0,18740.0,18885.0,13143,0,0.0
2021-02-26,18860.0,19130.0,18515.0,18550.0,13903,0,0.0
2021-03-01,18670.0,18890.0,18500.0,18640.0,7661,0,0.0
2021-03-02,18650.0,18725.0,18275.0,18710.0,10958,0,0.0
2021-03-03,18710.0,18740.0,17220.0,17265.0,22986,0,0.0
2021-03-04,17220.0,17485.0,15830.0,15875.0,20596,0,0.0
2021-03-05,15950.0,16690.0,15880.0,16365.0,12177,0,0.0
2021-03-08,16550.0,16650.0,16065.0,16365.0,8945,0,0.0
2021-03-09,16365.0,16410.0,15665.0,16145.0,8851,0,0.0
2021-03-10,16125.0,16350.0,15935.0,16110.0,7306,0,0.0
2021-03-11,16100.0,16535.0,16055.0,16310.0,7134,0,0.0
2021-03-12,16320.0,16335.0,15900.0,15995.0,6700,0,0.0
2021-03-15,16015.0,16375.0,15850.0,16190.0,7609,0,0.0
2021-03-16,16180.0,16320.0,16025.0,16120.0,6257,0,0.0
2021-03-17,16130.0,16215.0,15935.0,16215.0,5358,0,0.0
2021-03-18,16190.0,16330.0,16010.0,16010.0,4344,0,0.0
2021-03-19,16000.0,16335.0,15800.0,16250.0,6021,0,0.0
2021-03-22,16250.0,16545.0,16155.0,16445.0,4811,0,0.0
2021-03-23,16430.0,16685.0,16020.0,16040.0,6940,0,0.0
2021-03-24,16105.0,16250.0,16050.0,16165.0,3878,0,0.0
2021-03-25,16160.0,16235.0,15945.0,16170.0,4828,0,0.0
2021-03-26,16185.0,16445.0,16155.0,16380.0,4280,0,0.0
2021-03-29,16400.0,16460.0,16110.0,16190.0,4207,0,0.0
2021-03-30,16175.0,16400.0,15845.0,15905.0,6396,0,0.0
2021-03-31,15920.0,16175.0,15870.0,16115.0,5045,0,0.0
2021-04-01,16175.0,16250.0,15940.0,16225.0,5574,0,0.0
2021-04-06,16370.0,16795.0,16330.0,16720.0,8860,0,0.0
2021-04-07,16740.0,16780.0,16590.0,16620.0,4467,0,0.0
2021-04-08,16640.0,16875.0,16465.0,16805.0,6008,0,0.0
2021-04-09,16810.0,16860.0,16550.0,16625.0,5754,0,0.0
2021-04-12,16700.0,16700.0,16120.0,16155.0,5772,0,0.0
2021-04-13,16175.0,16285.0,16050.0,16070.0,4591,0,0.0
2021-04-14,16130.0,16395.0,16045.0,16365.0,4927,0,0.0
2021-04-15,16345.0,16410.0,16065.0,16315.0,6585,0,0.0
2021-04-16,16395.0,16485.0,16110.0,16145.0,4924,0,0.0
2021-04-19,16205.0,16265.0,16010.0,16115.0,4992,0,0.0
2021-04-20,16245.0,16320.0,15940.0,15980.0,6539,0,0.0
2021-04-21,16015.0,16275.0,15970.0,16220.0,4832,0,0.0
2021-04-22,16215.0,16235.0,15960.0,15980.0,5239,0,0.0
2021-04-23,16000.0,16410.0,15925.0,16365.0,5733,0,0.0
2021-04-26,16365.0,16695.0,16315.0,16660.0,5322,0,0.0
2021-04-27,16700.0,17000.0,16660.0,16965.0,8757,0,0.0
2021-04-28,16960.0,17440.0,16840.0,17365.0,9524,0,0.0
2021-04-29,17430.0,17590.0,17170.0,17265.0,8422,0,0.0
2021-04-30,17320.0,17700.0,17220.0,17555.0,7690,0,0.0
2021-05-04,17675.0,17995.0,17610.0,17645.0,7599,0,0.0
2021-05-05,17775.0,18035.0,17720.0,17880.0,5180,0,0.0
2021-05-06,17820.0,18035.0,17430.0,17900.0,8354,0,0.0
2021-05-07,17940.0,18115.0,17760.0,18060.0,7514,0,0.0
2021-05-10,18150.0,18265.0,17630.0,17705.0,11376,0,0.0
2021-05-11,17710.0,18050.0,17615.0,17975.0,7178,0,0.0
2021-05-12,17955.0,18195.0,17675.0,17740.0,7106,0,0.0
2021-05-13,17795.0,17795.0,17150.0,17330.0,8637,0,0.0
2021-05-14,17315.0,17700.0,17060.0,17635.0,6478,0,0.0
2021-05-17,17630.0,17950.0,17545.0,17920.0,6499,0,0.0
2021-05-18,17955.0,18220.0,17935.0,18010.0,6970,0,0.0
2021-05-19,17980.0,18090.0,17280.0,17335.0,10263,0,0.0
2021-05-20,17315.0,17470.0,17050.0,17085.0,5935,0,0.0
2021-05-21,17080.0,17185.0,16655.0,16715.0,8432,0,0.0
2021-05-24,16700.0,17225.0,16620.0,17130.0,5046,0,0.0
2021-05-25,17165.0,17220.0,16995.0,17075.0,5326,0,0.0
2021-05-26,17065.0,17360.0,17045.0,17290.0,5344,0,0.0
2021-05-27,17310.0,18205.0,17130.0,18005.0,8661,0,0.0
2021-05-28,18035.0,18235.0,17770.0,18195.0,9887,0,0.0
2021-06-01,18200.0,18410.0,18005.0,18090.0,10034,0,0.0
2021-06-02,18145.0,18370.0,18065.0,18185.0,5905,0,0.0
2021-06-03,18210.0,18475.0,17760.0,17915.0,8379,0,0.0
2021-06-04,17945.0,18180.0,17800.0,17985.0,5977,0,0.0
2021-06-07,18040.0,18040.0,17655.0,17930.0,4683,0,0.0
2021-06-08,17980.0,18055.0,17740.0,17985.0,5898,0,0.0
2021-06-09,17985.0,18200.0,17955.0,18130.0,5912,0,0.0
2021-06-10,18145.0,18325.0,17800.0,18190.0,7946,0,0.0
2021-06-11,18225.0,18430.0,18180.0,18300.0,5759,0,0.0
2021-06-14,18335.0,18495.0,18250.0,18465.0,3680,0,0.0
2021-06-15,18450.0,18450.0,17520.0,17580.0,12939,0,0.0
2021-06-16,17615.0,17710.0,17425.0,17540.0,7514,0,0.0
2021-06-17,17430.0,17520.0,17085.0,17175.0,8737,0,0.0
2021-06-18,17210.0,17445.0,17105.0,17170.0,5904,0,0.0
2021-06-21,17190.0,17555.0,17175.0,17480.0,6505,0,0.0
2021-06-22,17465.0,17830.0,17425.0,17755.0,8311,0,0.0
2021-06-23,17760.0,18080.0,17725.0,18065.0,7291,0,0.0
2021-06-24,18060.0,18500.0,17900.0,18440.0,11814,0,0.0
2021-06-25,18445.0,18595.0,18415.0,18555.0,9359,0,0.0
2021-06-28,18550.0,18600.0,18210.0,18270.0,7837,0,0.0
2021-06-29,18290.0,18415.0,18105.0,18390.0,5969,0,0.0
2021-06-30,18400.0,18570.0,18175.0,18215.0,7122,0,0.0
2021-07-01,18225.0,18310.0,18010.0,18095.0,6880,0,0.0
2021-07-02,18100.0,18440.0,17930.0,18310.0,7257,0,0.0
2021-07-05,18280.0,18510.0,18250.0,18425.0,4156,0,0.0
2021-07-06,18435.0,18620.0,17930.0,18015.0,10783,0,0.0
2021-07-07,18040.0,18465.0,17990.0,18305.0,7839,0,0.0
2021-07-08,18310.0,18430.0,18160.0,18360.0,6958,0,0.0
2021-07-09,18385.0,18780.0,18300.0,18740.0,9636,0,0.0
2021-07-12,18745.0,18830.0,18460.0,18650.0,6982,0,0.0
2021-07-13,18660.0,18860.0,18470.0,18720.0,7876,0,0.0
2021-07-14,18700.0,18820.0,18520.0,18570.0,6023,0,0.0
2021-07-15,18585.0,18810.0,18425.0,18725.0,5872,0,0.0
2021-07-16,18765.0,19205.0,18685.0,19080.0,10037,0,0.0
2021-07-19,19065.0,19155.0,18350.0,18380.0,11813,0,0.0
2021-07-20,18425.0,18700.0,18395.0,18640.0,6809,0,0.0
2021-07-21,18685.0,18685.0,18275.0,18585.0,5470,0,0.0
2021-07-22,18640.0,18950.0,18520.0,18870.0,7481,0,0.0
2021-07-23,18870.0,19500.0,18830.0,19470.0,7391,0,0.0
2021-07-26,19490.0,19780.0,19395.0,19700.0,7813,0,0.0
2021-07-27,19705.0,19795.0,19215.0,19320.0,8812,0,0.0
2021-07-28,19370.0,19785.0,19370.0,19505.0,7356,0,0.0
2021-07-29,19550.0,19910.0,19550.0,19880.0,8209,0,0.0
2021-07-30,19875.0,19960.0,19415.0,19560.0,10502,0,0.0
2021-08-02,19595.0,19760.0,19320.0,19445.0,7314,0,0.0
2021-08-03,19430.0,19500.0,19125.0,19355.0,7785,0,0.0
2021-08-04,19435.0,19480.0,19210.0,19235.0,6664,0,0.0
2021-08-05,19285.0,19565.0,19140.0,19385.0,7945,0,0.0
2021-08-06,19365.0,19570.0,19165.0,19190.0,6060,0,0.0
2021-08-09,19150.0,19180.0,18540.0,18590.0,9429,0,0.0
2021-08-10,18615.0,18985.0,18605.0,18885.0,7740,0,0.0
2021-08-11,18890.0,19465.0,18680.0,19415.0,8337,0,0.0
2021-08-12,19370.0,19765.0,19340.0,19650.0,9468,0,0.0
2021-08-13,19675.0,19750.0,19540.0,19680.0,7283,0,0.0
2021-08-16,19665.0,19695.0,19460.0,19540.0,4695,0,0.0
2021-08-17,19580.0,19695.0,19090.0,19215.0,7661,0,0.0
2021-08-18,19230.0,19360.0,18840.0,18915.0,8988,0,0.0
2021-08-19,18910.0,18950.0,18345.0,18415.0,13915,0,0.0
2021-08-20,18425.0,18680.0,18370.0,18415.0,7864,0,0.0
2021-08-23,18445.0,19035.0,18445.0,18870.0,7586,0,0.0
2021-08-24,18890.0,19250.0,18795.0,19030.0,7310,0,0.0
2021-08-25,19020.0,19285.0,18960.0,19160.0,6501,0,0.0
2021-08-26,19205.0,19250.0,18740.0,18790.0,7701,0,0.0
2021-08-27,18805.0,19050.0,18635.0,19005.0,7961,0,0.0
2021-08-31,19550.0,19810.0,19455.0,19580.0,14827,0,0.0
2021-09-01,19575.0,19620.0,19250.0,19335.0,8051,0,0.0
2021-09-02,19385.0,19565.0,19155.0,19440.0,6788,0,0.0
2021-09-03,19440.0,19940.0,19295.0,19875.0,9491,0,0.0
2021-09-06,19900.0,19925.0,19510.0,19605.0,6287,0,0.0
2021-09-07,19595.0,19740.0,19415.0,19530.0,6329,0,0.0
2021-09-08,19515.0,19835.0,19510.0,19675.0,7473,0,0.0
2021-09-09,19695.0,20280.0,19650.0,20170.0,12380,0,0.0
2021-09-10,20170.0,20705.0,20085.0,20380.0,10287,0,0.0
2021-09-13,20475.0,20475.0,19550.0,19715.0,11123,0,0.0
2021-09-14,19725.0,19850.0,19465.0,19585.0,7933,0,0.0
2021-09-15,19610.0,20150.0,19530.0,19925.0,7873,0,0.0
2021-09-16,19925.0,20010.0,19195.0,19375.0,9013,0,0.0
2021-09-17,19330.0,20295.0,19200.0,19355.0,11539,0,0.0
2021-09-20,19360.0,19385.0,18760.0,18925.0,8187,0,0.0
2021-09-21,19005.0,19110.0,18395.0,18830.0,7098,0,0.0
2021-09-22,18830.0,19335.0,18785.0,19130.0,7878,0,0.0
2021-09-23,19140.0,19545.0,19010.0,19410.0,6538,0,0.0
2021-09-24,19415.0,19445.0,19000.0,19205.0,5978,0,0.0
2021-09-27,19270.0,19375.0,18820.0,18885.0,5681,0,0.0
2021-09-28,18895.0,18895.0,18450.0,18475.0,8067,0,0.0
2021-09-29,18545.0,18625.0,18070.0,18265.0,9517,0,0.0
2021-09-30,18270.0,18635.0,17725.0,17950.0,8598,0,0.0
2021-10-01,18015.0,18120.0,17705.0,18015.0,5242,0,0.0
2021-10-04,18080.0,18190.0,17805.0,18015.0,5829,0,0.0
2021-10-05,17940.0,18150.0,17750.0,18100.0,5144,0,0.0
2021-10-06,18080.0,18175.0,17970.0,18085.0,3681,0,0.0
2021-10-07,18105.0,18385.0,18015.0,18370.0,5478,0,0.0
2021-10-08,18400.0,19270.0,18365.0,19160.0,11980,0,0.0
2021-10-11,19160.0,19465.0,19065.0,19145.0,7719,0,0.0
2021-10-12,19195.0,19360.0,18920.0,18940.0,6716,0,0.0
2021-10-13,18985.0,19250.0,18830.0,18940.0,6340,0,0.0
2021-10-14,19030.0,19450.0,18900.0,19340.0,7358,0,0.0
2021-10-15,19310.0,20120.0,19235.0,19900.0,12360,0,0.0
2021-10-18,19960.0,20260.0,19875.0,19955.0,9086,0,0.0
2021-10-19,19920.0,20595.0,19900.0,20050.0,12076,0,0.0
2021-10-20,20120.0,21235.0,19690.0,21095.0,13762,0,0.0
2021-10-21,20950.0,21425.0,19800.0,19930.0,13872,0,0.0
2021-10-22,19930.0,20235.0,19620.0,19770.0,9319,0,0.0
2021-10-25,19860.0,20465.0,19760.0,20315.0,6792,0,0.0
2021-10-26,20310.0,20470.0,20050.0,20165.0,9791,0,0.0
2021-10-27,20270.0,20400.0,19350.0,19560.0,12270,0,0.0
2021-10-28,19520.0,19810.0,19300.0,19560.0,7722,0,0.0
2021-10-29,19650.0,19680.0,19160.0,19585.0,9077,0,0.0
2021-11-01,19590.0,19755.0,19275.0,19665.0,6479,0,0.0
2021-11-02,19655.0,19790.0,19215.0,19550.0,7197,0,0.0
2021-11-03,19575.0,19880.0,19105.0,19160.0,8103,0,0.0
2021-11-04,19290.0,19490.0,18970.0,19170.0,7051,0,0.0
2021-11-05,19175.0,19570.0,19075.0,19410.0,5698,0,0.0
2021-11-08,19435.0,19670.0,19205.0,19590.0,6016,0,0.0
2021-11-09,19590.0,19750.0,19345.0,19430.0,5474,0,0.0
2021-11-10,19455.0,19820.0,19330.0,19565.0,6582,0,0.0
2021-11-11,19570.0,19850.0,19530.0,19735.0,5820,0,0.0
2021-11-12,19770.0,20020.0,19665.0,19935.0,6897,0,0.0
2021-11-15,19990.0,20030.0,19550.0,19610.0,6592,0,0.0
2021-11-16,19635.0,19830.0,19350.0,19400.0,6551,0,0.0
2021-11-17,19410.0,19515.0,19225.0,19330.0,6657,0,0.0
2021-11-18,19290.0,19845.0,19150.0,19630.0,6689,0,0.0
2021-11-19,19590.0,20120.0,19550.0,19985.0,9850,0,0.0
2021-11-22,19990.0,20380.0,19910.0,20275.0,7130,0,0.0
2021-11-23,20315.0,20685.0,20220.0,20395.0,7906,0,0.0
2021-11-24,20405.0,21240.0,20345.0,20900.0,12189,0,0.0
2021-11-25,20900.0,21100.0,20520.0,20720.0,6168,0,0.0
2021-11-26,20705.0,20730.0,19705.0,19965.0,11713,0,0.0
2021-11-29,20050.0,20380.0,19985.0,20190.0,7550,0,0.0
2021-11-30,20200.0,20320.0,19860.0,19920.0,8380,0,0.0
2021-12-01,19950.0,20255.0,19900.0,19900.0,7217,0,0.0
2021-12-02,19930.0,20190.0,19830.0,19910.0,5764,0,0.0
2021-12-03,19930.0,20440.0,19865.0,20040.0,7913,0,0.0
2021-12-06,20095.0,20145.0,19565.0,19840.0,6778,0,0.0
2021-12-07,19830.0,20195.0,19780.0,20155.0,7955,0,0.0
2021-12-08,20195.0,20370.0,20110.0,20205.0,5057,0,0.0
2021-12-09,20200.0,20250.0,19775.0,19895.0,5905,0,0.0
2021-12-10,19870.0,19955.0,19730.0,19830.0,5784,0,0.0
2021-12-13,19840.0,19910.0,19635.0,19745.0,5244,0,0.0
2021-12-14,19740.0,19750.0,19400.0,19540.0,6190,0,0.0
2021-12-15,19600.0,19600.0,19030.0,19085.0,8544,0,0.0
2021-12-16,19200.0,19690.0,19180.0,19635.0,6202,0,0.0
2021-12-17,19640.0,19860.0,19595.0,19620.0,5824,0,0.0
2021-12-20,19605.0,19655.0,19190.0,19300.0,4683,0,0.0
2021-12-21,19350.0,19650.0,19340.0,19575.0,4637,0,0.0
2021-12-22,19580.0,19970.0,19565.0,19935.0,5558,0,0.0
2021-12-23,19965.0,20190.0,19930.0,20050.0,4744,0,0.0
2021-12-24,20055.0,20190.0,19960.0,19975.0,1976,0,0.0
2021-12-29,19960.0,20505.0,19900.0,20445.0,5916,0,0.0
2021-12-30,20435.0,20600.0,20295.0,20495.0,5236,0,0.0
2021-12-31,20525.0,20820.0,20385.0,20705.0,3048,0,0.0
2022-01-04,20700.0,21165.0,20425.0,21040.0,10938,0,0.0
2022-01-05,20995.0,21090.0,20475.0,20680.0,8087,0,0.0
2022-01-06,20620.0,20620.0,20175.0,20385.0,6366,0,0.0
2022-01-07,20390.0,20785.0,20345.0,20760.0,5935,0,0.0
2022-01-10,20755.0,20990.0,20685.0,20780.0,6007,0,0.0
2022-01-11,21200.0,21850.0,21200.0,21790.0,9586,0,0.0
2022-01-12,21820.0,22745.0,21630.0,21980.0,15971,0,0.0
2022-01-13,22000.0,22220.0,21710.0,22175.0,7425,0,0.0
2022-01-14,22150.0,22935.0,21790.0,22195.0,10805,0,0.0
2022-01-17,22200.0,22280.0,21715.0,22135.0,6573,0,0.0
2022-01-18,22135.0,22465.0,21950.0,22060.0,6789,0,0.0
2022-01-19,22075.0,23230.0,22075.0,23170.0,9344,0,0.0
2022-01-20,23250.0,24435.0,23110.0,23800.0,15227,0,0.0
2022-01-21,23800.0,24350.0,23385.0,24150.0,9841,0,0.0
2022-01-24,24085.0,24180.0,22130.0,22535.0,15238,0,0.0
2022-01-25,22535.0,22620.0,21955.0,22360.0,10000,0,0.0
2022-01-26,22370.0,22900.0,22300.0,22750.0,6369,0,0.0
2022-01-27,22635.0,22775.0,22260.0,22430.0,8387,0,0.0
2022-01-28,22405.0,22500.0,22170.0,22150.0,5040,0,0.0
2022-01-31,22310.0,22635.0,21880.0,22210.0,4218,0,0.0
2022-02-01,22300.0,22950.0,22280.0,22735.0,4649,0,0.0
2022-02-02,22800.0,22900.0,22565.0,22800.0,3989,0,0.0
2022-02-03,22855.0,22895.0,22690.0,22800.0,2947,0,0.0
2022-02-04,22890.0,23000.0,22730.0,22920.0,4552,0,0.0
2022-02-07,22905.0,23685.0,22645.0,23400.0,9121,0,0.0
2022-02-08,23435.0,23435.0,22425.0,22715.0,8081,0,0.0
2022-02-09,22765.0,23350.0,22695.0,23275.0,6550,0,0.0
2022-02-10,23280.0,23790.0,23210.0,23395.0,8583,0,0.0
2022-02-11,23395.0,23540.0,22800.0,23235.0,8496,0,0.0
2022-02-14,23275.0,23850.0,22935.0,23190.0,8893,0,0.0
2022-02-15,23185.0,23535.0,22760.0,23340.0,6929,0,0.0
2022-02-16,23305.0,23595.0,23225.0,23450.0,4972,0,0.0
2022-02-17,23410.0,24055.0,23265.0,23920.0,6852,0,0.0
2022-02-18,23890.0,24295.0,23810.0,24270.0,4784,0,0.0
2022-02-21,24300.0,24610.0,23900.0,24410.0,5593,0,0.0
2022-02-22,24405.0,25135.0,24375.0,24485.0,9770,0,0.0
2022-02-23,24540.0,24815.0,24250.0,24455.0,7342,0,0.0
2022-02-24,24425.0,25705.0,23900.0,24260.0,14203,0,0.0
2022-02-25,24550.0,24685.0,23885.0,24215.0,9695,0,0.0
2022-02-28,24510.0,25080.0,23970.0,24225.0,8606,0,0.0
2022-03-01,24275.0,25400.0,24245.0,25330.0,6627,0,0.0
2022-03-02,25225.0,26505.0,25110.0,25955.0,9131,0,0.0
2022-03-03,25975.0,27955.0,25920.0,27110.0,11273,0,0.0
2022-03-04,27080.0,30295.0,27040.0,29085.0,12640,0,0.0
2022-03-07,29770.0,55000.0,29770.0,50055.0,25362,0,0.0
2022-03-08,49980.0,101365.0,48000.0,82136.5,9025,0,0.0
2022-03-16,45590.0,45590.0,43995.0,45590.0,207,0,0.0
2022-03-17,41945.0,41945.0,41945.0,41945.0,5,0,0.0
2022-03-18,36915.0,36915.0,36865.0,36915.0,105,0,0.0
2022-03-21,31380.0,31380.0,31380.0,31380.0,125,0,0.0
2022-03-22,27020.0,30205.0,27020.0,28290.0,16338,0,0.0
2022-03-23,29700.0,32380.0,28800.0,32380.0,3519,0,0.0
2022-03-24,34200.0,37235.0,34100.0,37235.0,2447,0,0.0
2022-03-25,40000.0,40700.0,34500.0,35500.0,3724,0,0.0
2022-03-28,33005.0,34490.0,32530.0,32745.0,1628,0,0.0
2022-03-29,32660.0,32990.0,31785.0,31900.0,2705,0,0.0
2022-03-30,33060.0,33130.0,32400.0,32500.0,1394,0,0.0
2022-03-31,32495.0,33745.0,32010.0,32085.0,1905,0,0.0
2022-04-01,32000.0,34270.0,31940.0,33150.0,1952,0,0.0
2022-04-04,34000.0,34000.0,32650.0,32700.0,1489,0,0.0
2022-04-05,33245.0,33850.0,32980.0,33545.0,1644,0,0.0
2022-04-06,33100.0,34355.0,32810.0,33430.0,1905,0,0.0
2022-04-07,33200.0,34000.0,32500.0,33700.0,1829,0,0.0
2022-04-08,33710.0,34185.0,33420.0,33905.0,1464,0,0.0
2022-04-11,33300.0,33300.0,32420.0,32405.0,1481,0,0.0
2022-04-12,32795.0,33500.0,32120.0,32510.0,1598,0,0.0
2022-04-13,33420.0,33420.0,32330.0,32925.0,1447,0,0.0
2022-04-14,33025.0,33360.0,32800.0,33145.0,1259,0,0.0
2022-04-19,34000.0,35115.0,32950.0,33705.0,2135,0,0.0
2022-04-20,33620.0,33755.0,33220.0,33400.0,1039,0,0.0
2022-04-21,33700.0,34200.0,33315.0,33875.0,1144,0,0.0
2022-04-22,34075.0,34085.0,33050.0,33150.0,1562,0,0.0
2022-04-25,32690.0,33180.0,32220.0,32570.0,1657,0,0.0
2022-04-26,32975.0,33270.0,32530.0,33050.0,1197,0,0.0
2022-04-27,33100.0,33890.0,33005.0,33635.0,1029,0,0.0
2022-04-28,33240.0,33495.0,32910.0,32910.0,1054,0,0.0
2022-04-29,33250.0,33250.0,31700.0,31800.0,1967,0,0.0
2022-05-03,31650.0,32000.0,30500.0,31145.0,3644,0,0.0
2022-05-04,31155.0,31155.0,30250.0,30615.0,2772,0,0.0
2022-05-05,31000.0,31000.0,30000.0,30000.0,2322,0,0.0
2022-05-06,30000.0,30775.0,29800.0,30250.0,5613,0,0.0
2022-05-09,30110.0,30190.0,28000.0,28000.0,3330,0,0.0
2022-05-10,28450.0,28580.0,27625.0,28400.0,2966,0,0.0
2022-05-11,28500.0,28500.0,27750.0,28000.0,2422,0,0.0
2022-05-12,28000.0,28380.0,27095.0,28125.0,4657,0,0.0
2022-05-13,27910.0,27910.0,27080.0,27375.0,2521,0,0.0
2022-05-16,27340.0,27340.0,26105.0,26965.0,2676,0,0.0
2022-05-17,26900.0,26900.0,26200.0,26385.0,3115,0,0.0
2022-05-18,26385.0,26390.0,26105.0,26125.0,4004,0,0.0
2022-05-19,26445.0,28985.0,26055.0,28440.0,2590,0,0.0
2022-05-20,28060.0,28220.0,27600.0,27675.0,1733,0,0.0
2022-05-23,27640.0,27945.0,26110.0,27570.0,1515,0,0.0
2022-05-24,27105.0,27105.0,26250.0,26480.0,1592,0,0.0
2022-05-25,26265.0,26965.0,26050.0,26900.0,1549,0,0.0
2022-05-26,26425.0,27925.0,26425.0,26520.0,1217,0,0.0
2022-05-27,27200.0,29100.0,27010.0,28375.0,1784,0,0.0
2022-05-30,29000.0,30610.0,29000.0,29125.0,1778,0,0.0
2022-05-31,29000.0,29400.0,28195.0,28295.0,1829,0,0.0
2022-06-01,28310.0,28800.0,27605.0,28110.0,2215,0,0.0
2022-06-06,28700.0,30010.0,28465.0,29500.0,1881,0,0.0
2022-06-07,29350.0,29700.0,28600.0,29480.0,1567,0,0.0
2022-06-08,29500.0,29500.0,28610.0,28610.0,1427,0,0.0
2022-06-09,28625.0,28675.0,27900.0,27930.0,1834,0,0.0
2022-06-10,27855.0,27925.0,27045.0,27250.0,1502,0,0.0
2022-06-13,27000.0,27040.0,25800.0,25805.0,5873,0,0.0
2022-06-14,26095.0,26095.0,25105.0,25175.0,3293,0,0.0
2022-06-15,25400.0,26500.0,25260.0,25800.0,2769,0,0.0
2022-06-16,26000.0,26135.0,25185.0,25280.0,2101,0,0.0
2022-06-17,25325.0,25810.0,25275.0,25540.0,1474,0,0.0
2022-06-20,25450.0,26000.0,25275.0,25890.0,1198,0,0.0
2022-06-21,25800.0,26100.0,25515.0,26050.0,1760,0,0.0
2022-06-22,25390.0,25390.0,24410.0,24430.0,4615,0,0.0
2022-06-23,24370.0,24550.0,24000.0,24000.0,3507,0,0.0
2022-06-24,23800.0,23800.0,21650.0,22100.0,3647,0,0.0
2022-06-27,22945.0,23655.0,22225.0,22885.0,2434,0,0.0
2022-06-28,23500.0,23945.0,22805.0,23145.0,1299,0,0.0
2022-06-29,23145.0,25295.0,22350.0,23700.0,2673,0,0.0
2022-06-30,23950.0,24100.0,22665.0,22700.0,2239,0,0.0
2022-07-01,22230.0,22890.0,21200.0,21790.0,2728,0,0.0
2022-07-04,21950.0,23000.0,21950.0,22625.0,1298,0,0.0
2022-07-05,22450.0,22950.0,21940.0,22650.0,3094,0,0.0
2022-07-06,22440.0,22540.0,21580.0,21580.0,2352,0,0.0
2022-07-07,21900.0,22760.0,21275.0,21360.0,3560,0,0.0
2022-07-08,21305.0,21970.0,20850.0,21660.0,2000,0,0.0
2022-07-11,21255.0,21905.0,21030.0,21850.0,1562,0,0.0
2022-07-12,21800.0,21800.0,21310.0,21310.0,1498,0,0.0
2022-07-13,21710.0,21710.0,20805.0,21000.0,2105,0,0.0
2022-07-14,20685.0,20685.0,19190.0,19190.0,3671,0,0.0
2022-07-15,18470.0,19880.0,18230.0,19660.0,2300,0,0.0
2022-07-18,19850.0,20875.0,19500.0,20560.0,2073,0,0.0
2022-07-19,20300.0,21450.0,20005.0,20600.0,2663,0,0.0
2022-07-20,21110.0,21720.0,20945.0,21105.0,2047,0,0.0
2022-07-21,21350.0,21600.0,20590.0,21590.0,1842,0,0.0
2022-07-22,21580.0,22390.0,21460.0,22350.0,1347,0,0.0
2022-07-25,22150.0,22630.0,20500.0,22000.0,1197,0,0.0
2022-07-26,22710.0,22805.0,21430.0,21695.0,2623,0,0.0
2022-07-27,21605.0,22000.0,21310.0,21610.0,1782,0,0.0
2022-07-28,22010.0,22250.0,21520.0,21755.0,2273,0,0.0
2022-07-29,22015.0,23945.0,21840.0,23800.0,3294,0,0.0
2022-08-01,23615.0,25200.0,23445.0,24290.0,3587,0,0.0
2022-08-02,23950.0,24345.0,22125.0,22300.0,2465,0,0.0
2022-08-03,22500.0,22715.0,22015.0,22500.0,1504,0,0.0
2022-08-04,22030.0,22650.0,21815.0,22160.0,1588,0,0.0
2022-08-05,22850.0,23550.0,22000.0,22390.0,1944,0,0.0
2022-08-08,22000.0,22285.0,21555.0,21620.0,1528,0,0.0
2022-08-09,21680.0,21930.0,21375.0,21450.0,1617,0,0.0
2022-08-10,21400.0,22590.0,21020.0,22400.0,2043,0,0.0
2022-08-11,22810.0,24085.0,22710.0,23620.0,1781,0,0.0
2022-08-12,24000.0,24090.0,23015.0,23015.0,1248,0,0.0
2022-08-15,22750.0,22835.0,21700.0,21940.0,1589,0,0.0
2022-08-16,21950.0,22640.0,21870.0,22505.0,1279,0,0.0
2022-08-17,22210.0,22490.0,21820.0,21835.0,1245,0,0.0
2022-08-18,21800.0,22400.0,21685.0,21735.0,1508,0,0.0
2022-08-19,22580.0,22630.0,21660.0,22000.0,1507,0,0.0
2022-08-22,22315.0,22455.0,21910.0,22395.0,1664,0,0.0
2022-08-23,22340.0,22340.0,21700.0,21785.0,1726,0,0.0
2022-08-24,21690.0,21845.0,21300.0,21340.0,1687,0,0.0
2022-08-25,21790.0,21950.0,21325.0,21820.0,2680,0,0.0
2022-08-26,21840.0,22200.0,21350.0,21710.0,1614,0,0.0
2022-08-30,21115.0,21780.0,20750.0,21385.0,3041,0,0.0
2022-08-31,21690.0,21900.0,21295.0,21370.0,2313,0,0.0
2022-09-01,21000.0,21115.0,20275.0,20415.0,3079,0,0.0
2022-09-02,20300.0,20775.0,20050.0,20550.0,2024,0,0.0
2022-09-05,20870.0,21735.0,20770.0,21505.0,2190,0,0.0
2022-09-06,21780.0,21780.0,21170.0,21580.0,1861,0,0.0
2022-09-07,21450.0,21800.0,21205.0,21450.0,1893,0,0.0
2022-09-08,21620.0,21900.0,21280.0,21785.0,1501,0,0.0
2022-09-09,22290.0,23100.0,22290.0,22960.0,2460,0,0.0
2022-09-12,22965.0,24710.0,22815.0,24400.0,3084,0,0.0
2022-09-13,23980.0,25325.0,23840.0,24100.0,4452,0,0.0
2022-09-14,24040.0,24485.0,23640.0,24230.0,2130,0,0.0
2022-09-15,24300.0,24460.0,23050.0,23250.0,2343,0,0.0
2022-09-16,23200.0,24550.0,22995.0,24280.0,1898,0,0.0
2022-09-19,23940.0,25100.0,23550.0,24500.0,2433,0,0.0
2022-09-20,24600.0,25200.0,24550.0,24860.0,1578,0,0.0
2022-09-21,25300.0,25700.0,24550.0,24725.0,2519,0,0.0
2022-09-22,25000.0,25160.0,24300.0,24300.0,2041,0,0.0
2022-09-23,24250.0,24250.0,23200.0,23335.0,1895,0,0.0
2022-09-26,23200.0,23355.0,22050.0,22055.0,3242,0,0.0
2022-09-27,22630.0,22635.0,21550.0,21650.0,3132,0,0.0
2022-09-28,21495.0,22200.0,20940.0,22010.0,3334,0,0.0
2022-09-29,21930.0,23115.0,21640.0,22385.0,3272,0,0.0
2022-09-30,22985.0,22985.0,21045.0,21240.0,2536,0,0.0
2022-10-03,21100.0,21855.0,21015.0,21255.0,2132,0,0.0
2022-10-04,21400.0,22190.0,21260.0,21930.0,1823,0,0.0
2022-10-05,22110.0,22650.0,21750.0,22590.0,1580,0,0.0
2022-10-06,22780.0,23200.0,22090.0,22580.0,1872,0,0.0
2022-10-07,22500.0,22870.0,22260.0,22380.0,1014,0,0.0
2022-10-10,22125.0,22690.0,22125.0,22380.0,1265,0,0.0
2022-10-11,22350.0,22565.0,21835.0,22035.0,1388,0,0.0
2022-10-12,21875.0,22780.0,21660.0,22435.0,1942,0,0.0
2022-10-13,22250.0,22650.0,21680.0,22320.0,2215,0,0.0
2022-10-14,22425.0,22795.0,21710.0,21800.0,1685,0,0.0
2022-10-17,21785.0,21930.0,21470.0,21565.0,1913,0,0.0
2022-10-18,21615.0,22150.0,21470.0,21810.0,1946,0,0.0
2022-10-19,22050.0,22340.0,21760.0,21945.0,1438,0,0.0
2022-10-20,22250.0,22395.0,21735.0,22080.0,1306,0,0.0
2022-10-21,21575.0,22160.0,21500.0,22145.0,1944,0,0.0
2022-10-24,22100.0,22575.0,21800.0,22100.0,1196,0,0.0
2022-10-25,22010.0,22525.0,21875.0,22415.0,1215,0,0.0
2022-10-26,22355.0,22750.0,22220.0,22525.0,1457,0,0.0
2022-10-27,22500.0,22710.0,22115.0,22235.0,2225,0,0.0
2022-10-28,21895.0,22780.0,21815.0,22060.0,2193,0,0.0
2022-10-31,21800.0,22140.0,21700.0,21900.0,2543,0,0.0
2022-11-01,22560.0,23790.0,22380.0,23425.0,3952,0,0.0
2022-11-02,23400.0,24300.0,23250.0,23945.0,4519,0,0.0
2022-11-03,23675.0,23745.0,22690.0,22710.0,2470,0,0.0
2022-11-04,23160.0,24290.0,22970.0,23750.0,2638,0,0.0
2022-11-07,23395.0,23535.0,23015.0,23310.0,2207,0,0.0
2022-11-08,23330.0,24100.0,23270.0,23760.0,1623,0,0.0
2022-11-09,23800.0,24800.0,23800.0,24700.0,2790,0,0.0
2022-11-10,24885.0,26290.0,24400.0,26130.0,3412,0,0.0
2022-11-11,26405.0,27500.0,26090.0,27350.0,3219,0,0.0
2022-11-14,26250.0,30960.0,26250.0,28955.0,3774,0,0.0
2022-11-15,29495.0,31275.0,28115.0,29500.0,3132,0,0.0
2022-11-16,29600.0,29600.0,26610.0,26700.0,2441,0,0.0
2022-11-17,26920.0,27450.0,25000.0,25300.0,2313,0,0.0
2022-11-18,25225.0,26395.0,23900.0,25385.0,2240,0,0.0
2022-11-21,25385.0,25475.0,24535.0,25040.0,1520,0,0.0
2022-11-22,25300.0,26670.0,25205.0,26020.0,1636,0,0.0
2022-11-23,26190.0,26485.0,25660.0,26010.0,829,0,0.0
2022-11-24,26315.0,26600.0,26085.0,26100.0,400,0,0.0
2022-11-25,26250.0,26405.0,25370.0,25485.0,925,0,0.0
2022-11-28,25110.0,25745.0,25000.0,25515.0,889,0,0.0
2022-11-29,26250.0,27500.0,25645.0,26765.0,1644,0,0.0
2022-11-30,27170.0,27170.0,25865.0,26805.0,2183,0,0.0
2022-12-01,27170.0,27700.0,26520.0,27310.0,2176,0,0.0
2022-12-02,27320.0,28940.0,27155.0,27965.0,1938,0,0.0
2022-12-05,28395.0,29135.0,28130.0,28340.0,1457,0,0.0
2022-12-06,28720.0,29365.0,27800.0,28905.0,1613,0,0.0
2022-12-07,29045.0,32230.0,28610.0,30600.0,2512,0,0.0
2022-12-08,30970.0,33575.0,29410.0,29410.0,2225,0,0.0
2022-12-09,29950.0,30670.0,28700.0,28775.0,1238,0,0.0
2022-12-12,29100.0,30010.0,28825.0,29100.0,1096,0,0.0
2022-12-13,29620.0,29850.0,28215.0,28250.0,1780,0,0.0
2022-12-14,28500.0,28965.0,28080.0,28380.0,1501,0,0.0
2022-12-15,28700.0,29200.0,28250.0,28255.0,1127,0,0.0
2022-12-16,28360.0,29715.0,28090.0,28265.0,1255,0,0.0
2022-12-19,28265.0,28400.0,27100.0,27150.0,1501,0,0.0
2022-12-20,27375.0,29500.0,27280.0,27810.0,1599,0,0.0
2022-12-21,28325.0,29900.0,27850.0,29675.0,1404,0,0.0
2022-12-22,29510.0,29820.0,28375.0,29130.0,1305,0,0.0
2022-12-23,29175.0,30250.0,29100.0,29400.0,995,0,0.0
2022-12-28,30345.0,31470.0,30100.0,30180.0,1317,0,0.0
2022-12-29,30425.0,30500.0,29555.0,30000.0,1164,0,0.0
2022-12-30,30800.0,30950.0,29920.0,29910.0,644,0,0.0
2023-01-03,30000.0,31975.0,29920.0,31105.0,2255,0,0.0
2023-01-04,31000.0,31000.0,29200.0,29190.0,2466,0,0.0
2023-01-05,29000.0,29010.0,27600.0,27765.0,2480,0,0.0
2023-01-06,27510.0,28980.0,27260.0,28800.0,2626,0,0.0
2023-01-09,28500.0,29370.0,27340.0,27320.0,2930,0,0.0
2023-01-10,27330.0,28180.0,27260.0,27270.0,2143,0,0.0
2023-01-11,27945.0,28155.0,25915.0,25925.0,2922,0,0.0
2023-01-12,26335.0,27900.0,25970.0,27410.0,3153,0,0.0
2023-01-13,27710.0,28300.0,26720.0,27000.0,1978,0,0.0
2023-01-16,26915.0,27500.0,26340.0,27355.0,1388,0,0.0
2023-01-17,27015.0,27395.0,26500.0,26505.0,1445,0,0.0
2023-01-18,26855.0,28250.0,26855.0,28055.0,2079,0,0.0
2023-01-19,28325.0,29520.0,28100.0,29155.0,2867,0,0.0
2023-01-20,29400.0,29520.0,28295.0,28500.0,1043,0,0.0
2023-01-23,28500.0,28650.0,27800.0,28400.0,1112,0,0.0
2023-01-24,28620.0,29340.0,27910.0,28760.0,1449,0,0.0
2023-01-25,28620.0,29490.0,28615.0,29095.0,1010,0,0.0
2023-01-26,29095.0,29490.0,28300.0,29455.0,787,0,0.0
2023-01-27,29430.0,29770.0,28820.0,28900.0,965,0,0.0
2023-01-30,29420.0,30040.0,29115.0,29650.0,1762,0,0.0
2023-01-31,29550.0,30535.0,29295.0,30410.0,0,0,0.0
2023-02-01,30730.0,30730.0,29000.0,29000.0,0,0,0.0
2023-02-02,29000.0,30000.0,28635.0,30000.0,0,0,0.0
2023-02-03,29950.0,30195.0,28460.0,28460.0,0,0,0.0
2023-02-06,28465.0,28465.0,26960.0,27175.0,0,0,0.0
2023-02-07,27220.0,27555.0,26740.0,27545.0,0,0,0.0
2023-02-08,27795.0,27900.0,27255.0,27395.0,0,0,0.0
2023-02-09,27645.0,29225.0,27150.0,29150.0,0,0,0.0
2023-02-10,29000.0,29130.0,27370.0,27450.0,0,0,0.0
2023-02-13,27245.0,27375.0,26420.0,26470.0,0,0,0.0
2023-02-14,26570.0,27105.0,26280.0,26450.0,1937,0,0.0
2023-02-15,26495.0,26495.0,25990.0,25990.0,1574,0,0.0
2023-02-16,26000.0,26700.0,25975.0,26595.0,1519,0,0.0
2023-02-17,26460.0,26465.0,25560.0,25630.0,1498,0,0.0
2023-02-20,26050.0,27160.0,25850.0,27040.0,1281,0,0.0
2023-02-21,26910.0,27395.0,26850.0,26740.0,1039,0,0.0
2023-02-22,26320.0,26680.0,26190.0,26460.0,1037,0,0.0
2023-02-23,26200.0,26325.0,25260.0,25275.0,2271,0,0.0
2023-02-24,25400.0,25520.0,24280.0,24330.0,3132,0,0.0
2023-02-27,24505.0,25570.0,24300.0,25325.0,2040,0,0.0
2023-02-28,25380.0,25505.0,24440.0,24880.0,2617,0,0.0
2023-03-01,25050.0,25505.0,24735.0,25000.0,2013,0,0.0
2023-03-02,24810.0,24895.0,24100.0,24160.0,2030,0,0.0
2023-03-03,24405.0,24950.0,24160.0,24465.0,1896,0,0.0
2023-03-06,24485.0,24705.0,24245.0,24445.0,1797,0,0.0
2023-03-07,24395.0,24475.0,23640.0,24125.0,2661,0,0.0
2023-03-08,24030.0,24085.0,23590.0,23840.0,2018,0,0.0
2023-03-09,23810.0,23945.0,23200.0,23200.0,2124,0,0.0
2023-03-10,23000.0,23230.0,22620.0,22630.0,3026,0,0.0
2023-03-13,22895.0,23665.0,22705.0,23000.0,2843,0,0.0
2023-03-14,23125.0,23715.0,22965.0,22980.0,2401,0,0.0
2023-03-15,22955.0,23400.0,22770.0,22880.0,2583,0,0.0
2023-03-16,23050.0,23560.0,22800.0,23455.0,2859,0,0.0
2023-03-17,23550.0,23615.0,23230.0,23450.0,1532,0,0.0
2023-03-20,23270.0,23270.0,22680.0,22650.0,1751,0,0.0
2023-03-21,22670.0,22970.0,22395.0,22475.0,2166,0,0.0
2023-03-22,22900.0,22930.0,22430.0,22655.0,2092,0,0.0
2023-03-23,22535.0,22735.0,22250.0,22415.0,2178,0,0.0
2023-03-24,22910.0,23695.0,22910.0,23510.0,2186,0,0.0
2023-03-27,23700.0,24200.0,22690.0,23660.0,3144,0,0.0
2023-03-28,23875.0,24310.0,23665.0,23985.0,2020,0,0.0
2023-03-29,24150.0,24400.0,23575.0,23710.0,2189,0,0.0
2023-03-30,23845.0,23910.0,22950.0,23005.0,1796,0,0.0
2023-03-31,23200.0,23895.0,22860.0,23625.0,2535,0,0.0
2023-04-03,23755.0,24000.0,22855.0,22960.0,2600,0,0.0
2023-04-04,23145.0,23625.0,22970.0,23050.0,1825,0,0.0
2023-04-05,23140.0,23340.0,22450.0,22480.0,1729,0,0.0
2023-04-06,22535.0,23080.0,22335.0,23040.0,1978,0,0.0
2023-04-11,22935.0,23615.0,22785.0,23495.0,2061,0,0.0
2023-04-12,23480.0,23680.0,23000.0,23615.0,1822,0,0.0
2023-04-13,23560.0,23750.0,23325.0,23670.0,1296,0,0.0
2023-04-14,23655.0,24785.0,23650.0,24515.0,3395,0,0.0
2023-04-17,24525.0,24995.0,24325.0,24690.0,3247,0,0.0
2023-04-18,24680.0,25695.0,24345.0,25520.0,3468,0,0.0
2023-04-19,25625.0,25710.0,24360.0,25500.0,3718,0,0.0
2023-04-20,25460.0,25950.0,24925.0,25070.0,2630,0,0.0
2023-04-21,25125.0,25190.0,24280.0,24420.0,2534,0,0.0
2023-04-24,24875.0,24880.0,23945.0,24230.0,2220,0,0.0
2023-04-25,24325.0,24510.0,23210.0,23215.0,2835,0,0.0
2023-04-26,23100.0,23760.0,23100.0,23610.0,2372,0,0.0
2023-04-27,23600.0,24145.0,23435.0,23965.0,2494,0,0.0
2023-04-28,24005.0,24315.0,23715.0,24180.0,2293,0,0.0
2023-05-02,24280.0,25025.0,23870.0,24875.0,2573,0,0.0
2023-05-03,24930.0,25420.0,24560.0,24600.0,2376,0,0.0
2023-05-04,24685.0,25220.0,23950.0,23970.0,3058,0,0.0
2023-05-05,24050.0,24720.0,23815.0,24675.0,2227,0,0.0
2023-05-09,24730.0,24730.0,23450.0,23475.0,2920,0,0.0
2023-05-10,23535.0,23675.0,22455.0,22450.0,4472,0,0.0
2023-05-11,22580.0,22600.0,21710.0,21870.0,4256,0,0.0
2023-05-12,21910.0,22465.0,21780.0,22210.0,2687,0,0.0
2023-05-15,22290.0,22390.0,21565.0,21785.0,3206,0,0.0
2023-05-16,21815.0,21890.0,21000.0,21005.0,2658,0,0.0
2023-05-17,21050.0,21660.0,20975.0,21475.0,3483,0,0.0
2023-05-18,21340.0,21410.0,20895.0,20900.0,2686,0,0.0
2023-05-19,20970.0,21840.0,20900.0,21440.0,2779,0,0.0
2023-05-22,21330.0,21570.0,21015.0,21280.0,2132,0,0.0
2023-05-23,21400.0,21500.0,20900.0,20910.0,3218,0,0.0
2023-05-24,21015.0,21245.0,20700.0,20755.0,3064,0,0.0
2023-05-25,20755.0,21650.0,20755.0,21065.0,3489,0,0.0
2023-05-26,21045.0,21690.0,20950.0,21035.0,2528,0,0.0
2023-05-30,21095.0,21725.0,20950.0,21000.0,3004,0,0.0
2023-05-31,21015.0,21085.0,20310.0,20585.0,3814,0,0.0
2023-06-01,20455.0,21420.0,20445.0,21335.0,3661,0,0.0
2023-06-02,21320.0,21720.0,21010.0,21000.0,2621,0,0.0
2023-06-05,21010.0,21120.0,20650.0,20810.0,1939,0,0.0
2023-06-06,20840.0,21200.0,20830.0,20950.0,1876,0,0.0
2023-06-07,21080.0,21595.0,20830.0,21425.0,2717,0,0.0
2023-06-08,21410.0,21575.0,20995.0,21055.0,2723,0,0.0
2023-06-09,21105.0,21650.0,21040.0,21150.0,2434,0,0.0
2023-06-12,21120.0,21405.0,20720.0,20825.0,2940,0,0.0
2023-06-13,21015.0,22100.0,20790.0,21950.0,4322,0,0.0
2023-06-14,22095.0,22900.0,21855.0,22650.0,4164,0,0.0
2023-06-15,22655.0,23075.0,22215.0,22915.0,3520,0,0.0
2023-06-16,22975.0,23400.0,22760.0,22970.0,3289,0,0.0
2023-06-19,22860.0,22860.0,22405.0,22450.0,1507,0,0.0
2023-06-20,22485.0,22575.0,21895.0,21935.0,2369,0,0.0
2023-06-21,21960.0,22160.0,21160.0,21240.0,2940,0,0.0
2023-06-22,21360.0,21550.0,21100.0,21135.0,1682,0,0.0
2023-06-23,21135.0,21415.0,20895.0,21375.0,1987,0,0.0
2023-06-26,21500.0,21575.0,20200.0,20370.0,5090,0,0.0
2023-06-27,20470.0,20865.0,20405.0,20785.0,3638,0,0.0
2023-06-28,20780.0,20830.0,19925.0,20035.0,3643,0,0.0
2023-06-29,20030.0,20690.0,19965.0,20540.0,3067,0,0.0
2023-06-30,20565.0,20800.0,20220.0,20400.0,2400,0,0.0
2023-07-03,20460.0,20660.0,20300.0,20600.0,1721,0,0.0
2023-07-04,20655.0,20680.0,20415.0,20510.0,1082,0,0.0
2023-07-05,20650.0,21250.0,20220.0,21190.0,3687,0,0.0
2023-07-06,21150.0,21440.0,20925.0,21160.0,2627,0,0.0
2023-07-07,21205.0,21285.0,20550.0,20775.0,2563,0,0.0
2023-07-10,20760.0,21065.0,20540.0,20895.0,1809,0,0.0
2023-07-11,20700.0,21090.0,20600.0,20665.0,2718,0,0.0
2023-07-12,20765.0,21775.0,20765.0,21575.0,3638,0,0.0
2023-07-13,21525.0,21590.0,21060.0,21225.0,3041,0,0.0
2023-07-14,21235.0,21750.0,21090.0,21630.0,2648,0,0.0
2023-07-17,21575.0,21655.0,20695.0,20880.0,2587,0,0.0
2023-07-18,20915.0,21215.0,20780.0,21120.0,2156,0,0.0
2023-07-19,21100.0,21290.0,20805.0,20900.0,2013,0,0.0
2023-07-20,20915.0,21610.0,20915.0,21285.0,2663,0,0.0
2023-07-21,21210.0,21450.0,20700.0,20750.0,2756,0,0.0
2023-07-24,20870.0,21480.0,20680.0,21420.0,2923,0,0.0
2023-07-25,21420.0,22580.0,21275.0,22420.0,4141,0,0.0
2023-07-26,22400.0,22425.0,21500.0,21485.0,4100,0,0.0
2023-07-27,21580.0,21965.0,21475.0,21680.0,2580,0,0.0
2023-07-28,21750.0,22395.0,21625.0,22170.0,2211,0,0.0
2023-07-31,22315.0,22400.0,21805.0,22305.0,3181,0,0.0
2023-08-01,22265.0,22700.0,21975.0,22235.0,3731,0,0.0
2023-08-02,22235.0,22370.0,21450.0,21550.0,3077,0,0.0
2023-08-03,21655.0,21690.0,21405.0,21690.0,2132,0,0.0
2023-08-04,21705.0,21950.0,21060.0,21280.0,3935,0,0.0
2023-08-07,21300.0,21670.0,21045.0,21125.0,3134,0,0.0
2023-08-08,21305.0,21310.0,20765.0,20835.0,3544,0,0.0
2023-08-09,20775.0,21075.0,20480.0,20485.0,4159,0,0.0
2023-08-10,20535.0,20650.0,20390.0,20400.0,3095,0,0.0
2023-08-11,20440.0,20710.0,20120.0,20275.0,3923,0,0.0
2023-08-14,20265.0,20660.0,20025.0,20050.0,3260,0,0.0
2023-08-15,20105.0,20320.0,19745.0,19745.0,4542,0,0.0
2023-08-16,19810.0,20235.0,19700.0,19845.0,3525,0,0.0
2023-08-17,19845.0,20470.0,19770.0,20295.0,2865,0,0.0
2023-08-18,20315.0,20450.0,20045.0,20130.0,2112,0,0.0
2023-08-21,20170.0,20330.0,19970.0,20120.0,1974,0,0.0
2023-08-22,20140.0,20700.0,20140.0,20565.0,2636,0,0.0
2023-08-23,20495.0,21000.0,20495.0,20860.0,2335,0,0.0
2023-08-24,20900.0,20935.0,20490.0,20810.0,3012,0,0.0
2023-08-25,20870.0,21350.0,20745.0,20720.0,2668,0,0.0
2023-08-29,20725.0,20825.0,20450.0,20600.0,2133,0,0.0
2023-08-30,20675.0,20765.0,20395.0,20610.0,2126,0,0.0
2023-08-31,20600.0,20645.0,20270.0,20275.0,2502,0,0.0
2023-09-01,20360.0,21125.0,20360.0,20975.0,3602,0,0.0
2023-09-04,20980.0,21075.0,20715.0,20980.0,2516,0,0.0
2023-09-05,21025.0,21125.0,20870.0,21065.0,2559,0,0.0
2023-09-06,21010.0,21065.0,20520.0,20535.0,3287,0,0.0
2023-09-07,20540.0,20610.0,20160.0,20450.0,3551,0,0.0
2023-09-08,20430.0,20515.0,19960.0,19990.0,2627,0,0.0
2023-09-11,20050.0,20580.0,19960.0,20460.0,2557,0,0.0
2023-09-12,20465.0,20470.0,19855.0,19865.0,3220,0,0.0
2023-09-13,19865.0,20250.0,19615.0,20100.0,3592,0,0.0
2023-09-14,20180.0,20575.0,20070.0,20230.0,4021,0,0.0
2023-09-15,20290.0,20360.0,19895.0,19835.0,2551,0,0.0
2023-09-18,19920.0,20170.0,19775.0,19890.0,2295,0,0.0
2023-09-19,19965.0,20010.0,19550.0,19950.0,2887,0,0.0
2023-09-20,19950.0,20200.0,19555.0,19555.0,3992,0,0.0
2023-09-21,19585.0,19590.0,19100.0,19140.0,4352,0,0.0
2023-09-22,19150.0,19490.0,19125.0,19350.0,2428,0,0.0
2023-09-25,19350.0,19450.0,19090.0,19100.0,2048,0,0.0
2023-09-26,19120.0,19240.0,18775.0,18890.0,2972,0,0.0
2023-09-27,18900.0,19050.0,18555.0,19045.0,3473,0,0.0
2023-09-28,19070.0,19345.0,18800.0,18935.0,2522,0,0.0
2023-09-29,19030.0,19250.0,18650.0,18665.0,2912,0,0.0
2023-10-02,18725.0,19040.0,18690.0,18790.0,2687,0,0.0
2023-10-03,19000.0,19030.0,18630.0,18650.0,1999,0,0.0
2023-10-04,18690.0,18975.0,18605.0,18605.0,2706,0,0.0
2023-10-05,18700.0,18720.0,18350.0,18380.0,2230,0,0.0
2023-10-06,18360.0,18670.0,18330.0,18515.0,2358,0,0.0
2023-10-09,18580.0,18995.0,18360.0,18925.0,2837,0,0.0
2023-10-10,18970.0,18985.0,18500.0,18580.0,2166,0,0.0
2023-10-11,18690.0,18695.0,18290.0,18385.0,3006,0,0.0
2023-10-12,18465.0,18950.0,18320.0,18675.0,3026,0,0.0
2023-10-13,18690.0,18795.0,18460.0,18580.0,2026,0,0.0
2023-10-16,18740.0,18880.0,18555.0,18575.0,2675,0,0.0
2023-10-17,18545.0,18645.0,18360.0,18575.0,1757,0,0.0
2023-10-18,18645.0,18760.0,18465.0,18555.0,2155,0,0.0
2023-10-19,18470.0,18675.0,18380.0,18530.0,2211,0,0.0
2023-10-20,18570.0,18760.0,18190.0,18600.0,3118,0,0.0
2023-10-23,18645.0,18735.0,18150.0,18210.0,2734,0,0.0
2023-10-24,18255.0,18410.0,17930.0,18300.0,3339,0,0.0
2023-10-25,18345.0,18490.0,18170.0,18205.0,2412,0,0.0
2023-10-26,18200.0,18295.0,17970.0,18005.0,2235,0,0.0
2023-10-27,18065.0,18435.0,17925.0,18295.0,2535,0,0.0
2023-10-30,18380.0,18650.0,18310.0,18445.0,2403,0,0.0
2023-10-31,18430.0,18430.0,18005.0,18070.0,2759,0,0.0
2023-11-01,18080.0,18185.0,17905.0,17930.0,2907,0,0.0
2023-11-02,18020.0,18075.0,17885.0,17895.0,3139,0,0.0
2023-11-03,17950.0,18240.0,17900.0,18180.0,2497,0,0.0
2023-11-06,18215.0,18495.0,18035.0,18390.0,2628,0,0.0
2023-11-07,18390.0,18395.0,17660.0,17900.0,4413,0,0.0
2023-11-08,17905.0,18190.0,17800.0,18010.0,2986,0,0.0
2023-11-09,18050.0,18090.0,17730.0,17735.0,2230,0,0.0
2023-11-10,17790.0,17850.0,17195.0,17190.0,4228,0,0.0
2023-11-13,17190.0,17540.0,17035.0,17355.0,3957,0,0.0
2023-11-14,17400.0,17590.0,17175.0,17425.0,3985,0,0.0
2023-11-15,17420.0,17560.0,17310.0,17435.0,2731,0,0.0
2023-11-16,17465.0,17485.0,16955.0,17115.0,3482,0,0.0
2023-11-17,17100.0,17220.0,16820.0,17080.0,3647,0,0.0
2023-11-20,17090.0,17100.0,16710.0,16905.0,3437,0,0.0
2023-11-21,17070.0,17160.0,16740.0,16930.0,3211,0,0.0
2023-11-22,16945.0,16975.0,16405.0,16445.0,4817,0,0.0
2023-11-23,16500.0,16690.0,16280.0,16555.0,3175,0,0.0
2023-11-24,16600.0,16615.0,15995.0,16120.0,4448,0,0.0
2023-11-27,16130.0,16240.0,15840.0,16025.0,5168,0,0.0
2023-11-28,16025.0,16840.0,15995.0,16730.0,6832,0,0.0
2023-11-29,16840.0,17270.0,16780.0,17200.0,4468,0,0.0
2023-11-30,17105.0,17105.0,16435.0,16640.0,5171,0,0.0
2023-12-01,16615.0,17090.0,16470.0,16895.0,4597,0,0.0
2023-12-04,16955.0,16970.0,16405.0,16640.0,3840,0,0.0
2023-12-05,16680.0,16680.0,16095.0,16250.0,4075,0,0.0
2023-12-06,16230.0,16830.0,16180.0,16180.0,4651,0,0.0
2023-12-07,16230.0,16685.0,16160.0,16600.0,4472,0,0.0
2023-12-08,16650.0,17070.0,16615.0,16760.0,4693,0,0.0
2023-12-11,16805.0,16860.0,16455.0,16535.0,2580,0,0.0
2023-12-12,16560.0,16700.0,16385.0,16480.0,3030,0,0.0
2023-12-13,16485.0,16575.0,16280.0,16400.0,2636,0,0.0
2023-12-14,16545.0,17060.0,16510.0,16910.0,4204,0,0.0
2023-12-15,17020.0,17375.0,16780.0,17040.0,4962,0,0.0
2023-12-18,16625.0,17080.0,16395.0,16425.0,3457,0,0.0
2023-12-19,16525.0,16785.0,16340.0,16650.0,3036,0,0.0
2023-12-20,16685.0,16935.0,16600.0,16775.0,2907,0,0.0
2023-12-21,16775.0,17050.0,16525.0,16825.0,3656,0,0.0
2023-12-22,16895.0,17035.0,16460.0,16550.0,3148,0,0.0
2023-12-27,16610.0,16960.0,16600.0,16860.0,3834,0,0.0
2023-12-28,16895.0,17025.0,16650.0,16650.0,2654,0,0.0
2023-12-29,16715.0,16810.0,16400.0,16615.0,3333,0,0.0
2024-01-02,16625.0,16850.0,16465.0,16530.0,4141,0,0.0
2024-01-03,16575.0,16685.0,16290.0,16380.0,3502,0,0.0
2024-01-04,16365.0,16450.0,16030.0,16090.0,4927,0,0.0
2024-01-05,16055.0,16405.0,15895.0,16305.0,4111,0,0.0
2024-01-08,16340.0,16475.0,16100.0,16230.0,5022,0,0.0
2024-01-09,16320.0,16400.0,16115.0,16180.0,4553,0,0.0
2024-01-10,16240.0,16480.0,16105.0,16370.0,4545,0,0.0
2024-01-11,16405.0,16565.0,16305.0,16405.0,6088,0,0.0
2024-01-12,16440.0,16525.0,16180.0,16250.0,3882,0,0.0
2024-01-15,16275.0,16470.0,16130.0,16140.0,3193,0,0.0
2024-01-16,16100.0,16255.0,16100.0,16200.0,3416,0,0.0
2024-01-17,16230.0,16240.0,16000.0,16075.0,4231,0,0.0
2024-01-18,16110.0,16270.0,16010.0,16125.0,3167,0,0.0
2024-01-19,16270.0,16345.0,16000.0,16020.0,2862,0,0.0
2024-01-22,16090.0,16100.0,15920.0,16000.0,4180,0,0.0
2024-01-23,15980.0,16370.0,15980.0,16260.0,5088,0,0.0
2024-01-24,16255.0,16700.0,16225.0,16635.0,5553,0,0.0
2024-01-25,16650.0,16775.0,16450.0,16750.0,4040,0,0.0
2024-01-26,16680.0,16795.0,16555.0,16550.0,3616,0,0.0
2024-01-29,16565.0,16630.0,16350.0,16435.0,3774,0,0.0
2024-01-30,16465.0,16545.0,16255.0,16470.0,4196,0,0.0
2024-01-31,16495.0,16525.0,16205.0,16220.0,3776,0,0.0
2024-02-01,16245.0,16345.0,16065.0,16200.0,3565,0,0.0
2024-02-02,16220.0,16430.0,16175.0,16215.0,3121,0,0.0
2024-02-05,16190.0,16270.0,15890.0,15965.0,5545,0,0.0
2024-02-06,15960.0,16135.0,15850.0,15900.0,4377,0,0.0
2024-02-07,15930.0,16050.0,15850.0,15965.0,3220,0,0.0
2024-02-08,16000.0,16175.0,15905.0,16090.0,2963,0,0.0
2024-02-09,16085.0,16140.0,15900.0,15900.0,2378,0,0.0
2024-02-12,15935.0,16085.0,15935.0,16045.0,1750,0,0.0
2024-02-13,16040.0,16300.0,16015.0,16230.0,2420,0,0.0
2024-02-14,16225.0,16575.0,16215.0,16300.0,3930,0,0.0
2024-02-15,16330.0,16590.0,16205.0,16210.0,3640,0,0.0
2024-02-16,16250.0,16465.0,16230.0,16350.0,2761,0,0.0
2024-02-19,16350.0,16475.0,16205.0,16345.0,3514,0,0.0
2024-02-20,16300.0,16555.0,16230.0,16455.0,3209,0,0.0
2024-02-21,16425.0,16950.0,16400.0,16795.0,7439,0,0.0
2024-02-22,16800.0,17430.0,16800.0,17365.0,9452,0,0.0
2024-02-23,17365.0,17600.0,17265.0,17500.0,7348,0,0.0
2024-02-26,17495.0,17520.0,17050.0,17075.0,5314,0,0.0
2024-02-27,17100.0,17545.0,17005.0,17515.0,5037,0,0.0
2024-02-28,17510.0,17700.0,17260.0,17680.0,6295,0,0.0
2024-02-29,17650.0,17935.0,17585.0,17840.0,7050,0,0.0
2024-03-01,17830.0,17880.0,17200.0,17730.0,7905,0,0.0
2024-03-04,17670.0,17970.0,17435.0,17900.0,5401,0,0.0
2024-03-05,17890.0,17970.0,17645.0,17645.0,5645,0,0.0
2024-03-06,17675.0,17750.0,17490.0,17585.0,5268,0,0.0
2024-03-07,17580.0,18000.0,17550.0,17865.0,4561,0,0.0
2024-03-08,17830.0,18165.0,17810.0,17960.0,4413,0,0.0
2024-03-11,17900.0,18480.0,17865.0,17900.0,6206,0,0.0
2024-03-12,18275.0,18570.0,18085.0,18520.0,6566,0,0.0
2024-03-13,18475.0,18590.0,18225.0,18290.0,5229,0,0.0
2024-03-14,18285.0,18425.0,17975.0,18285.0,6156,0,0.0
2024-03-15,18080.0,18340.0,17900.0,17915.0,4684,0,0.0
2024-03-18,18110.0,18115.0,17800.0,17825.0,4801,0,0.0
2024-03-19,17825.0,17930.0,17345.0,17375.0,5794,0,0.0
2024-03-20,17390.0,17625.0,17265.0,17565.0,5390,0,0.0
2024-03-21,17570.0,17685.0,17460.0,17500.0,4631,0,0.0
2024-03-22,17535.0,17535.0,17135.0,17135.0,5583,0,0.0
2024-03-25,17140.0,17325.0,16880.0,16975.0,6818,0,0.0
2024-03-26,16990.0,17000.0,16625.0,16655.0,6946,0,0.0
2024-03-27,16665.0,16690.0,16535.0,16665.0,5773,0,0.0
2024-03-28,16615.0,16905.0,16540.0,16615.0,4362,0,0.0
2024-04-02,16850.0,17240.0,16800.0,17005.0,6719,0,0.0
2024-04-03,17050.0,17485.0,16855.0,17280.0,5535,0,0.0
2024-04-04,17425.0,17750.0,17285.0,17605.0,4825,0,0.0
2024-04-05,17550.0,17830.0,17455.0,17720.0,4476,0,0.0
2024-04-08,17700.0,17940.0,17415.0,17760.0,7654,0,0.0
2024-04-09,17800.0,18295.0,17620.0,18220.0,8464,0,0.0
2024-04-10,18240.0,18900.0,18130.0,18440.0,13382,0,0.0
2024-04-11,18455.0,18455.0,17555.0,17705.0,7846,0,0.0
2024-04-12,17685.0,18145.0,17630.0,17680.0,6917,0,0.0
2024-04-15,18500.0,19355.0,17650.0,17915.0,11980,0,0.0
2024-04-16,17950.0,18055.0,17595.0,17770.0,4610,0,0.0
2024-04-17,17775.0,18285.0,17660.0,18100.0,4837,0,0.0
2024-04-18,18180.0,18800.0,18085.0,18510.0,8390,0,0.0
2024-04-19,18545.0,19480.0,18500.0,19410.0,11026,0,0.0
2024-04-22,19365.0,19775.0,19020.0,19365.0,9172,0,0.0
2024-04-23,19655.0,19675.0,18825.0,19055.0,7714,0,0.0
2024-04-24,19025.0,19325.0,18775.0,18865.0,6003,0,0.0
2024-04-25,18885.0,19190.0,18710.0,19120.0,4328,0,0.0
2024-04-26,19110.0,19460.0,19055.0,19200.0,4010,0,0.0
2024-04-29,19200.0,19390.0,19075.0,19225.0,4346,0,0.0
2024-04-30,19255.0,19355.0,19025.0,19215.0,4284,0,0.0
2024-05-01,19215.0,19250.0,18705.0,18755.0,3853,0,0.0
2024-05-02,18810.0,18975.0,18520.0,18725.0,3385,0,0.0
2024-05-03,18725.0,19285.0,18720.0,19155.0,3311,0,0.0
2024-05-07,19295.0,19505.0,18955.0,19095.0,5956,0,0.0
2024-05-08,19295.0,19135.0,18585.0,18820.0,4936,0,0.0
2024-05-09,18820.0,19075.0,18660.0,19070.0,3406,0,0.0
2024-05-10,19055.0,19150.0,18860.0,19060.0,3506,0,0.0
2024-05-13,19020.0,19250.0,18850.0,19130.0,3273,0,0.0
2024-05-14,19130.0,19335.0,19000.0,19005.0,4292,0,0.0
2024-05-15,19070.0,19550.0,18960.0,19070.0,6636,0,0.0
2024-05-16,19500.0,20140.0,19465.0,20015.0,6552,0,0.0
2024-05-17,20045.0,21365.0,19980.0,21100.0,11682,0,0.0
2024-05-20,21075.0,21750.0,21000.0,21335.0,8851,0,0.0
2024-05-21,21335.0,21690.0,21110.0,21220.0,6227,0,0.0
2024-05-22,21185.0,21270.0,20300.0,20335.0,6093,0,0.0
2024-05-23,20400.0,20415.0,19855.0,20400.0,5385,0,0.0
2024-05-24,20095.0,20355.0,20005.0,20265.0,2779,0,0.0
2024-05-28,20400.0,20575.0,20290.0,20490.0,4100,0,0.0
2024-05-29,20465.0,20750.0,20320.0,20475.0,4572,0,0.0
2024-05-30,20475.0,20480.0,19930.0,20065.0,5258,0,0.0
2024-05-31,20130.0,20325.0,19560.0,19600.0,4999,0,0.0
2024-06-03,19710.0,19950.0,19250.0,19435.0,5238,0,0.0
2024-06-04,19555.0,19615.0,18850.0,18860.0,6007,0,0.0
2024-06-05,18910.0,19075.0,18240.0,18580.0,10299,0,0.0
2024-06-06,18540.0,18695.0,18300.0,18560.0,5949,0,0.0
2024-06-07,18570.0,18690.0,17980.0,18100.0,6752,0,0.0
2024-06-10,18100.0,18170.0,17860.0,18075.0,4891,0,0.0
2024-06-11,18100.0,18245.0,17760.0,17990.0,7437,0,0.0
2024-06-12,17990.0,18175.0,17750.0,17925.0,6162,0,0.0
2024-06-13,17940.0,18020.0,17600.0,17735.0,6324,0,0.0
2024-06-14,17735.0,17795.0,17400.0,17580.0,5497,0,0.0
2024-06-17,17610.0,17740.0,17285.0,17395.0,5653,0,0.0
2024-06-18,17425.0,17590.0,17200.0,17310.0,5909,0,0.0
2024-06-19,17315.0,17450.0,17200.0,17320.0,4709,0,0.0
2024-06-20,17310.0,17570.0,17305.0,17370.0,4380,0,0.0
2024-06-21,17385.0,17475.0,17160.0,17385.0,4401,0,0.0
2024-06-24,17200.0,17415.0,17100.0,17200.0,3899,0,0.0
2024-06-25,17245.0,17390.0,17050.0,17190.0,5319,0,0.0
2024-06-26,17170.0,17365.0,17040.0,17090.0,6042,0,0.0
2024-06-27,17090.0,17290.0,16965.0,17260.0,5132,0,0.0
2024-06-28,17225.0,17330.0,17110.0,17190.0,4171,0,0.0
2024-07-01,17190.0,17480.0,17180.0,17420.0,4703,0,0.0
2024-07-02,17400.0,17570.0,16970.0,17005.0,6341,0,0.0
2024-07-03,17005.0,17600.0,17005.0,17380.0,6424,0,0.0
2024-07-04,17370.0,17435.0,17110.0,17370.0,2783,0,0.0
2024-07-05,17140.0,17550.0,17140.0,17330.0,4365,0,0.0
2024-07-08,17330.0,17500.0,17305.0,17330.0,4260,0,0.0
2024-07-09,17330.0,17470.0,17115.0,17120.0,4570,0,0.0
2024-07-10,17145.0,17180.0,16825.0,16825.0,6365,0,0.0
2024-07-11,16860.0,17310.0,16795.0,16860.0,6542,0,0.0
2024-07-12,16875.0,17000.0,16770.0,16860.0,4852,0,0.0
2024-07-15,16895.0,16955.0,16690.0,16725.0,4530,0,0.0
2024-07-16,16740.0,16835.0,16580.0,16710.0,6082,0,0.0
2024-07-17,16680.0,16700.0,16435.0,16680.0,4497,0,0.0
2024-07-18,16680.0,16565.0,16410.0,16680.0,4295,0,0.0
2024-07-19,16450.0,16480.0,16220.0,16220.0,5278,0,0.0
2024-07-22,16275.0,16335.0,16070.0,16180.0,5017,0,0.0
2024-07-23,16180.0,16275.0,16010.0,16180.0,4853,0,0.0
2024-07-24,16060.0,16115.0,15815.0,15835.0,6612,0,0.0
2024-07-25,15840.0,15945.0,15600.0,15760.0,6112,0,0.0
2024-07-26,15825.0,15965.0,15705.0,15795.0,4336,0,0.0
2024-07-29,15850.0,15960.0,15710.0,15910.0,3556,0,0.0
2024-07-30,15910.0,16165.0,15795.0,16050.0,5134,0,0.0
2024-07-31,16085.0,16775.0,16085.0,16475.0,7196,0,0.0
2024-08-01,16560.0,16680.0,16155.0,16185.0,5649,0,0.0
2024-08-02,16185.0,16545.0,16150.0,16265.0,4593,0,0.0
2024-08-05,16265.0,16430.0,15950.0,16180.0,6278,0,0.0
2024-08-06,16180.0,16450.0,16170.0,16345.0,4529,0,0.0
2024-08-07,16345.0,16390.0,16180.0,16200.0,4455,0,0.0
2024-08-08,16195.0,16250.0,16080.0,16175.0,3594,0,0.0
2024-08-09,16175.0,16465.0,16115.0,16240.0,5032,0,0.0
2024-08-12,16240.0,16425.0,16080.0,16245.0,4101,0,0.0
2024-08-13,16335.0,16450.0,16175.0,16375.0,4703,0,0.0
2024-08-14,16385.0,16455.0,16135.0,16200.0,4217,0,0.0
2024-08-15,16220.0,16470.0,16170.0,16315.0,4119,0,0.0
2024-08-16,16315.0,16450.0,16115.0,16375.0,4415,0,0.0
2024-08-19,16375.0,16795.0,16325.0,16785.0,6712,0,0.0
2024-08-20,16710.0,17080.0,16545.0,16855.0,9707,0,0.0
2024-08-21,16860.0,17065.0,16835.0,16835.0,5866,0,0.0
2024-08-22,16870.0,16920.0,16520.0,16535.0,5291,0,0.0
2024-08-23,16535.0,16905.0,16520.0,16660.0,5145,0,0.0
2024-08-27,16660.0,17165.0,16825.0,17105.0,7544,0,0.0
2024-08-28,17105.0,17125.0,16800.0,16945.0,4773,0,0.0
2024-08-29,17005.0,17050.0,16910.0,16985.0,4010,0,0.0
2024-08-30,17000.0,17130.0,16700.0,16700.0,5094,0,0.0
2024-09-02,16725.0,16745.0,16550.0,16655.0,3290,0,0.0
2024-09-03,16675.0,16740.0,16295.0,16460.0,7058,0,0.0
2024-09-04,16475.0,16485.0,16100.0,16150.0,7992,0,0.0
2024-09-05,16165.0,16195.0,15950.0,16060.0,10028,0,0.0
2024-09-06,16120.0,16140.0,15860.0,15860.0,6440,0,0.0
2024-09-09,15940.0,16055.0,15825.0,16005.0,5002,0,0.0
2024-09-10,15985.0,15985.0,15665.0,15735.0,6168,0,0.0
2024-09-11,15715.0,16145.0,15690.0,16080.0,6576,0,0.0
2024-09-12,16155.0,16270.0,16015.0,16030.0,4781,0,0.0
2024-09-13,16075.0,16145.0,15905.0,15905.0,3538,0,0.0
2024-09-16,15905.0,16325.0,15835.0,16265.0,4111,0,0.0
2024-09-17,16235.0,16400.0,16110.0,16115.0,3632,0,0.0
2024-09-18,16115.0,16325.0,16050.0,16200.0,4004,0,0.0
2024-09-19,16205.0,16470.0,16110.0,16290.0,5426,0,0.0
2024-09-20,16340.0,16530.0,16330.0,16450.0,4944,0,0.0
2024-09-23,16450.0,16555.0,16315.0,16520.0,4900,0,0.0
2024-09-24,16510.0,16750.0,16450.0,16715.0,5840,0,0.0
2024-09-25,16745.0,16830.0,16525.0,16765.0,6287,0,0.0
2024-09-26,16740.0,16870.0,16655.0,16750.0,6076,0,0.0
2024-09-27,16750.0,17035.0,16730.0,17000.0,6832,0,0.0
2024-09-30,17000.0,17575.0,16970.0,17490.0,10058,0,0.0
2024-10-01,17490.0,17795.0,17345.0,17665.0,7323,0,0.0
2024-10-02,17665.0,18245.0,17640.0,18180.0,9239,0,0.0
2024-10-03,18180.0,18290.0,17505.0,17755.0,9445,0,0.0
2024-10-04,17770.0,18045.0,17715.0,17770.0,6982,0,0.0
2024-10-07,17850.0,18225.0,17815.0,17955.0,6092,0,0.0
2024-10-08,17925.0,18085.0,17530.0,17730.0,9315,0,0.0
2024-10-09,17685.0,17880.0,17315.0,17475.0,6688,0,0.0
2024-10-10,17405.0,17600.0,17305.0,17525.0,4351,0,0.0
2024-10-11,17525.0,17950.0,17495.0,17860.0,4766,0,0.0
2024-10-14,17855.0,17885.0,17465.0,17625.0,4279,0,0.0
2024-10-15,17675.0,17745.0,17315.0,17390.0,5125,0,0.0
2024-10-16,17430.0,17435.0,17250.0,17330.0,3633,0,0.0
2024-10-17,17365.0,17435.0,16850.0,16985.0,6547,0,0.0
2024-10-18,17095.0,17140.0,16830.0,16940.0,4526,0,0.0
2024-10-21,16940.0,17135.0,16630.0,16635.0,5337,0,0.0
2024-10-22,16635.0,16690.0,16300.0,16450.0,8048,0,0.0
2024-10-23,16475.0,16485.0,16150.0,16255.0,7035,0,0.0
2024-10-24,16275.0,16400.0,16225.0,16260.0,6158,0,0.0
2024-10-25,16260.0,16330.0,16105.0,16120.0,5671,0,0.0
2024-10-28,16115.0,16215.0,15930.0,15985.0,6241,0,0.0
2024-10-29,15965.0,16070.0,15850.0,15885.0,6787,0,0.0
2024-10-30,15900.0,16080.0,15805.0,15805.0,7217,0,0.0
2024-10-31,15805.0,15885.0,15705.0,15715.0,6505,0,0.0
2024-11-01,15715.0,16155.0,15720.0,15915.0,8832,0,0.0
2024-11-04,15915.0,16150.0,15915.0,16090.0,5126,0,0.0
2024-11-05,16100.0,16375.0,16040.0,16120.0,8579,0,0.0
2024-11-06,16120.0,16210.0,15885.0,16175.0,7538,0,0.0
2024-11-07,16165.0,16650.0,16135.0,16590.0,7988,0,0.0
2024-11-08,16590.0,16685.0,16310.0,16310.0,6458,0,0.0
2024-11-11,16330.0,16380.0,16070.0,16060.0,4904,0,0.0
2024-11-12,16125.0,16150.0,15875.0,15970.0,5878,0,0.0
2024-11-13,15935.0,15975.0,15715.0,15735.0,5763,0,0.0
2024-11-14,15730.0,15845.0,15575.0,15705.0,7570,0,0.0
2024-11-15,15680.0,15865.0,15475.0,15475.0,8495,0,0.0
2024-11-18,15550.0,15745.0,15460.0,15700.0,5530,0,0.0
2024-11-19,15720.0,15990.0,15670.0,15785.0,6135,0,0.0
2024-11-20,15830.0,16140.0,15830.0,15855.0,5110,0,0.0
2024-11-21,15900.0,16055.0,15660.0,15665.0,6770,0,0.0
2024-11-22,15700.0,16040.0,15675.0,15810.0,6041,0,0.0
2024-11-25,15915.0,16290.0,15910.0,16135.0,6217,0,0.0
2024-11-26,16250.0,16250.0,15930.0,16250.0,5514,0,0.0
2024-11-27,16010.0,16085.0,15830.0,15880.0,5161,0,0.0
2024-11-28,15885.0,16125.0,15885.0,16090.0,3449,0,0.0
2024-11-29,16080.0,16115.0,15880.0,15975.0,4538,0,0.0
2024-12-02,15840.0,15945.0,15645.0,15725.0,5855,0,0.0
2024-12-03,15765.0,16095.0,15650.0,15765.0,6500,0,0.0
2024-12-04,16040.0,16205.0,15995.0,16045.0,4686,0,0.0
2024-12-05,16100.0,16100.0,15850.0,15880.0,5185,0,0.0
2024-12-06,15970.0,16125.0,15970.0,15995.0,4124,0,0.0
2024-12-09,16020.0,16135.0,15915.0,15975.0,5028,0,0.0
2024-12-10,16005.0,16040.0,15675.0,15760.0,5701,0,0.0
2024-12-11,15770.0,15890.0,15655.0,15795.0,4606,0,0.0
2024-12-12,15825.0,16230.0,15825.0,16140.0,7810,0,0.0
2024-12-13,16160.0,16270.0,15785.0,15850.0,6057,0,0.0
2024-12-16,15875.0,15880.0,15670.0,15670.0,4820,0,0.0
2024-12-17,15690.0,15710.0,15495.0,15500.0,5196,0,0.0
2024-12-18,15500.0,15585.0,15465.0,15540.0,4398,0,0.0
2024-12-19,15540.0,15540.0,15070.0,15070.0,8900,0,0.0
2024-12-20,15090.0,15370.0,15065.0,15315.0,5181,0,0.0
2024-12-23,15435.0,15530.0,15270.0,15395.0,3474,0,0.0
2024-12-24,15390.0,15575.0,15290.0,15420.0,3093,0,0.0
2024-12-27,15550.0,15590.0,15215.0,15280.0,4180,0,0.0
2024-12-30,15290.0,15680.0,15260.0,15465.0,4585,0,0.0
2024-12-31,15460.0,15510.0,15300.0,15300.0,2565,0,0.0
2025-01-02,15365.0,15505.0,15040.0,15040.0,4666,0,0.0
2025-01-03,15095.0,15240.0,14905.0,15135.0,5457,0,0.0
2025-01-06,15180.0,15360.0,14955.0,15215.0,5820,0,0.0
2025-01-07,15180.0,15440.0,15140.0,15395.0,5743,0,0.0
2025-01-08,15275.0,15475.0,15275.0,15435.0,4656,0,0.0
2025-01-09,15425.0,15510.0,15335.0,15480.0,4926,0,0.0
2025-01-10,15480.0,15670.0,15460.0,15645.0,5975,0,0.0
2025-01-13,15630.0,15920.0,15620.0,15880.0,8330,0,0.0
2025-01-14,15900.0,15965.0,15755.0,15925.0,6663,0,0.0
2025-01-15,15915.0,15925.0,15760.0,15785.0,5785,0,0.0
2025-01-16,15835.0,15980.0,15735.0,15930.0,5626,0,0.0
2025-01-17,15920.0,16115.0,15860.0,16060.0,6962,0,0.0
2025-01-20,16045.0,16135.0,15810.0,15995.0,4943,0,0.0
2025-01-21,16045.0,16135.0,15980.0,16045.0,7400,0,0.0
2025-01-22,16045.0,16080.0,15675.0,15760.0,6500,0,0.0
2025-01-23,15760.0,15760.0,15560.0,15635.0,5716,0,0.0
2025-01-24,15635.0,15755.0,15550.0,15580.0,4689,0,0.0
2025-01-27,15595.0,15830.0,15510.0,15595.0,4697,0,0.0
2025-01-28,15585.0,15660.0,15370.0,15565.0,4570,0,0.0
2025-01-29,15565.0,15565.0,15365.0,15400.0,3647,0,0.0
2025-01-30,15450.0,15470.0,15370.0,15390.0,2968,0,0.0
2025-01-31,15435.0,15440.0,15160.0,15205.0,4442,0,0.0
2025-02-03,15180.0,15255.0,15030.0,15075.0,6954,0,0.0
2025-02-04,15075.0,15340.0,15045.0,15325.0,6306,0,0.0
2025-02-05,15350.0,15610.0,15240.0,15555.0,6955,0,0.0
2025-02-06,15620.0,15875.0,15565.0,15865.0,6346,0,0.0
2025-02-07,15845.0,15845.0,15670.0,15735.0,6259,0,0.0
2025-02-10,15760.0,15835.0,15470.0,15530.0,5826,0,0.0
2025-02-11,15505.0,15585.0,15250.0,15475.0,6341,0,0.0
2025-02-12,15490.0,15500.0,15340.0,15380.0,4152,0,0.0
2025-02-13,15430.0,15505.0,15240.0,15460.0,5811,0,0.0
2025-02-14,15470.0,15595.0,15400.0,15415.0,4016,0,0.0
2025-02-17,15430.0,15550.0,15380.0,15495.0,2870,0,0.0
2025-02-18,15500.0,15510.0,15300.0,15380.0,5015,0,0.0
2025-02-19,15365.0,15465.0,15280.0,15395.0,5170,0,0.0
2025-02-20,15420.0,15725.0,15415.0,15680.0,6478,0,0.0
2025-02-21,15680.0,15660.0,15405.0,15470.0,5409,0,0.0
2025-02-24,15505.0,15675.0,15365.0,15370.0,4420,0,0.0
2025-02-25,15370.0,15435.0,15285.0,15360.0,6458,0,0.0
2025-02-26,15415.0,15680.0,15340.0,15550.0,6752,0,0.0
2025-02-27,15550.0,15915.0,15535.0,15785.0,8917,0,0.0
2025-02-28,15785.0,15845.0,15415.0,15560.0,6588,0,0.0
2025-03-03,15545.0,16040.0,15525.0,15920.0,9779,0,0.0
2025-03-04,15900.0,16060.0,15740.0,15950.0,8711,0,0.0
2025-03-05,15980.0,16160.0,15810.0,15875.0,10874,0,0.0
2025-03-06,15910.0,16340.0,15910.0,15910.0,8693,0,0.0
2025-03-07,16275.0,16580.0,16175.0,16275.0,13504,0,0.0
2025-03-10,16410.0,16720.0,16400.0,16400.0,10904,0,0.0
2025-03-11,16420.0,16590.0,16355.0,16480.0,8273,0,0.0
2025-03-12,16480.0,16770.0,16450.0,16695.0,7789,0,0.0
2025-03-13,16690.0,16700.0,16360.0,16435.0,8142,0,0.0
2025-03-14,16485.0,16780.0,16440.0,16550.0,8382,0,0.0
2025-03-17,16555.0,16685.0,16320.0,16410.0,7061,0,0.0
2025-03-18,16380.0,16470.0,16160.0,16255.0,7376,0,0.0
2025-03-19,16240.0,16620.0,16230.0,16385.0,6933,0,0.0
2025-03-20,16395.0,16415.0,16055.0,16215.0,6994,0,0.0
2025-03-21,16260.0,16310.0,16040.0,16195.0,4803,0,0.0
2025-03-24,16155.0,16240.0,16005.0,16005.0,3909,0,0.0
2025-03-25,16010.0,16285.0,15965.0,16220.0,6702,0,0.0
2025-03-26,16205.0,16330.0,16030.0,16180.0,5588,0,0.0
2025-03-27,16225.0,16330.0,16110.0,16230.0,4639,0,0.0
2025-03-28,16245.0,16480.0,16245.0,16380.0,5757,0,0.0
2025-03-31,16245.0,16405.0,15905.0,15920.0,9054,0,0.0
2025-04-01,15920.0,16215.0,15920.0,16130.0,7037,0,0.0
2025-04-02,16155.0,16170.0,15955.0,15955.0,5671,0,0.0
2025-04-03,15955.0,15985.0,15690.0,15715.0,9649,0,0.0
2025-04-04,15730.0,15735.0,14595.0,14645.0,13807,0,0.0
2025-04-07,14480.0,14905.0,13865.0,14420.0,23094,0,0.0
2025-04-08,14470.0,14665.0,14100.0,14150.0,12205,0,0.0
2025-04-09,14150.0,14500.0,14000.0,14410.0,11773,0,0.0
2025-04-10,14410.0,14895.0,14405.0,14675.0,8678,0,0.0
2025-04-11,14745.0,15345.0,14700.0,15020.0,11259,0,0.0
2025-04-14,15075.0,15560.0,15075.0,15320.0,8201,0,0.0
2025-04-15,15340.0,15700.0,15325.0,15540.0,9584,0,0.0
2025-04-16,15565.0,15780.0,15390.0,15590.0,9128,0,0.0
2025-04-17,15650.0,15765.0,15575.0,15650.0,6079,0,0.0
2025-04-22,15670.0,15790.0,15595.0,15755.0,5202,0,0.0
2025-04-23,15785.0,15840.0,15555.0,15570.0,6275,0,0.0
2025-04-24,15560.0,15880.0,15560.0,15870.0,6641,0,0.0
2025-04-25,15840.0,15875.0,15450.0,15450.0,8133,0,0.0
2025-04-28,15495.0,15735.0,15455.0,15640.0,6449,0,0.0
2025-04-29,15670.0,15670.0,15525.0,15605.0,4550,0,0.0
2025-04-30,15590.0,15635.0,15330.0,15330.0,6467,0,0.0
2025-05-01,15335.0,15460.0,15180.0,15225.0,5181,0,0.0
2025-05-02,15255.0,15630.0,15225.0,15430.0,5052,0,0.0
2025-05-06,15490.0,15710.0,15490.0,15655.0,6196,0,0.0
2025-05-07,15655.0,15750.0,15470.0,15580.0,5345,0,0.0
2025-05-08,15550.0,15625.0,15460.0,15535.0,4264,0,0.0
2025-05-09,15575.0,15850.0,15495.0,15825.0,6906,0,0.0
2025-05-12,15845.0,15905.0,15550.0,15560.0,8403,0,0.0
2025-05-13,15565.0,15755.0,15470.0,15705.0,6081,0,0.0
2025-05-14,15725.0,15980.0,15695.0,15780.0,7779,0,0.0
2025-05-15,15795.0,15825.0,15555.0,15780.0,5869,0,0.0
2025-05-16,15805.0,15855.0,15565.0,15605.0,5502,0,0.0
2025-05-19,15590.0,15695.0,15415.0,15500.0,5469,0,0.0
2025-05-20,15510.0,15605.0,15375.0,15510.0,4344,0,0.0
2025-05-21,15535.0,15690.0,15455.0,15620.0,3693,0,0.0
2025-05-22,15605.0,15625.0,15405.0,15490.0,4328,0,0.0
2025-05-23,15515.0,15640.0,15390.0,15570.0,4148,0,0.0
2025-05-27,15565.0,15570.0,15260.0,15380.0,6094,0,0.0
2025-05-28,15415.0,15425.0,15000.0,15075.0,9984,0,0.0
2025-05-29,15075.0,15400.0,15075.0,15375.0,8752,0,0.0
2025-05-30,15355.0,15460.0,15195.0,15260.0,5474,0,0.0
2025-06-02,15315.0,15565.0,15250.0,15505.0,5934,0,0.0
2025-06-03,15475.0,15490.0,15315.0,15440.0,4752,0,0.0
2025-06-04,15450.0,15535.0,15345.0,15330.0,3878,0,0.0
2025-06-05,15365.0,15560.0,15345.0,15430.0,7618,0,0.0
2025-06-06,15470.0,15540.0,15410.0,15490.0,5148,0,0.0
2025-06-09,15460.0,15560.0,15330.0,15360.0,5387,0,0.0
2025-06-10,15360.0,15420.0,15250.0,15310.0,4922,0,0.0
2025-06-11,15305.0,15405.0,15130.0,15145.0,6231,0,0.0
2025-06-12,15175.0,15240.0,15070.0,15100.0,5265,0,0.0
2025-06-13,15135.0,15200.0,15070.0,15100.0,5042,0,0.0
2025-06-16,15115.0,15275.0,15025.0,15040.0,6139,0,0.0
2025-06-17,15040.0,15070.0,14900.0,14900.0,6171,0,0.0
2025-06-18,14925.0,15100.0,14925.0,15055.0,6368,0,0.0
2025-06-19,15070.0,15140.0,15000.0,15005.0,3629,0,0.0
2025-06-20,15050.0,15080.0,14915.0,15045.0,3984,0,0.0
2025-06-23,15070.0,15070.0,14780.0,14810.0,6030,0,0.0
2025-06-24,14850.0,15015.0,14790.0,14905.0,6237,0,0.0
2025-06-25,14905.0,15095.0,14905.0,15075.0,4395,0,0.0
2025-06-26,15075.0,15270.0,15070.0,15145.0,6467,0,0.0
2025-06-27,15160.0,15300.0,15140.0,15190.0,5872,0,0.0
2025-06-30,15190.0,15260.0,15110.0,15120.0,4277,0,0.0
2025-07-01,15155.0,15250.0,15125.0,15190.0,5123,0,0.0
2025-07-02,15195.0,15345.0,15165.0,15335.0,6492,0,0.0
2025-07-03,15330.0,15480.0,15295.0,15355.0,7759,0,0.0
2025-07-04,15355.0,15445.0,15255.0,15255.0,4146,0,0.0
2025-07-07,15255.0,15325.0,15070.0,15130.0,5894,0,0.0
2025-07-08,15135.0,15185.0,15000.0,15005.0,5569,0,0.0
2025-07-09,15000.0,15060.0,14940.0,14970.0,5828,0,0.0
2025-07-10,14995.0,15310.0,14990.0,15260.0,7644,0,0.0
2025-07-11,15290.0,15345.0,15125.0,15220.0,5202,0,0.0
2025-07-14,15210.0,15265.0,15005.0,15065.0,5822,0,0.0
2025-07-15,15075.0,15250.0,14965.0,15215.0,6736,0,0.0
2025-07-16,15215.0,15260.0,14960.0,14975.0,6367,0,0.0
2025-07-17,15015.0,15115.0,14910.0,15045.0,6261,0,0.0
2025-07-18,15080.0,15245.0,15045.0,15230.0,5401,0,0.0
2025-07-21,15245.0,15585.0,15195.0,15470.0,11524,0,0.0
2025-07-22,15490.0,15580.0,15385.0,15515.0,7917,0,0.0
2025-07-23,15510.0,15605.0,15430.0,15550.0,7973,0,0.0
2025-07-24,15580.0,15640.0,15345.0,15430.0,7265,0,0.0
2025-07-25,15450.0,15605.0,15145.0,15225.0,7338,0,0.0
2025-07-28,15225.0,15335.0,15160.0,15230.0,4026,0,0.0
2025-07-29,15230.0,15330.0,15130.0,15290.0,5492,0,0.0
2025-07-30,15330.0,15330.0,15015.0,15060.0,6259,0,0.0
2025-07-31,15060.0,15110.0,14885.0,14945.0,9793,0,0.0
2025-08-01,14945.0,15020.0,14760.0,14990.0,10575,0,0.0
2025-08-04,14995.0,15175.0,14945.0,15080.0,5318,0,0.0
2025-08-05,15115.0,15150.0,14930.0,15050.0,5489,0,0.0
2025-08-06,15090.0,15235.0,15050.0,15105.0,5364,0,0.0
2025-08-07,15130.0,15250.0,15100.0,15115.0,4843,0,0.0
2025-08-08,15140.0,15225.0,15060.0,15085.0,4964,0,0.0
2025-08-11,15115.0,15365.0,15105.0,15310.0,6382,0,0.0
2025-08-12,15310.0,15360.0,15185.0,15315.0,5126,0,0.0
2025-08-13,15315.0,15380.0,15215.0,15215.0,4258,0,0.0
2025-08-14,15215.0,15315.0,15005.0,15050.0,7242,0,0.0
2025-08-15,15045.0,15195.0,15010.0,15160.0,5645,0,0.0
2025-08-18,15165.0,15180.0,15050.0,15140.0,4934,0,0.0
2025-08-19,15165.0,15180.0,14985.0,15035.0,6269,0,0.0
2025-08-20,15050.0,15060.0,14910.0,15015.0,6564,0,0.0
2025-08-21,15025.0,15055.0,14920.0,14940.0,4286,0,0.0
2025-08-22,14955.0,15115.0,14895.0,14975.0,7280,0,0.0
2025-08-26,14975.0,15320.0,15035.0,15250.0,8090,0,0.0
2025-08-27,15250.0,15370.0,15070.0,15175.0,6924,0,0.0
2025-08-28,15190.0,15305.0,15115.0,15290.0,5419,0,0.0
2025-08-29,15280.0,15440.0,15210.0,15360.0,8162,0,0.0
2025-09-01,15360.0,15520.0,15410.0,15430.0,6794,0,0.0
2025-09-02,15425.0,15465.0,15180.0,15240.0,7740,0,0.0
2025-09-03,15240.0,15380.0,15200.0,15270.0,5284,0,0.0
2025-09-04,15270.0,15270.0,15150.0,15230.0,4674,0,0.0
2025-09-05,15235.0,15380.0,15185.0,15280.0,5184,0,0.0
2025-09-08,15275.0,15430.0,15180.0,15180.0,5565,0,0.0
2025-09-09,15210.0,15245.0,15090.0,15105.0,6649,0,0.0
2025-09-10,15135.0,15195.0,15055.0,15145.0,5174,0,0.0
2025-09-11,15150.0,15255.0,15055.0,15220.0,6371,0,0.0
2025-09-12,15220.0,15400.0,15155.0,15360.0,7186,0,0.0
2025-09-15,15345.0,15535.0,15320.0,15385.0,9461,0,0.0
2025-09-16,15410.0,15450.0,15365.0,15415.0,5322,0,0.0
2025-09-17,15430.0,15460.0,15200.0,15395.0,6535,0,0.0
2025-09-18,15385.0,15395.0,15210.0,15315.0,5979,0,0.0
2025-09-19,15340.0,15375.0,15235.0,15260.0,4729,0,0.0
2025-09-22,15300.0,15350.0,15200.0,15200.0,4139,0,0.0
2025-09-23,15220.0,15375.0,15160.0,15320.0,5221,0,0.0
2025-09-24,15315.0,15445.0,15270.0,15415.0,6383,0,0.0
2025-09-25,15405.0,15510.0,15225.0,15240.0,9315,0,0.0
2025-09-26,15260.0,15275.0,15150.0,15155.0,5802,0,0.0
2025-09-29,15185.0,15345.0,15175.0,15295.0,6648,0,0.0
2025-09-30,15300.0,15315.0,15190.0,15215.0,4355,0,0.0
2025-10-01,15255.0,15280.0,15155.0,15170.0,4547,0,0.0
2025-10-02,15180.0,15350.0,15160.0,15255.0,5284,0,0.0
2025-10-03,15335.0,15490.0,15300.0,15420.0,5500,0,0.0
2025-10-06,15375.0,15495.0,15315.0,15440.0,4347,0,0.0
2025-10-07,15440.0,15530.0,15425.0,15450.0,6739,0,0.0
2025-10-08,15460.0,15480.0,15310.0,15370.0,5581,0,0.0
2025-10-09,15335.0,15620.0,15285.0,15455.0,14199,0,0.0
2025-10-10,15460.0,15460.0,15145.0,15210.0,10693,0,0.0
2025-10-13,15225.0,15340.0,15155.0,15175.0,7033,0,0.0
2025-10-14,15180.0,15210.0,15100.0,15100.0,9418,0,0.0
2025-10-15,15135.0,15255.0,15110.0,15125.0,6394,0,0.0
2025-10-16,15160.0,15290.0,15130.0,15230.0,5857,0,0.0
2025-10-17,15275.0,15290.0,15080.0,15110.0,6830,0,0.0
2025-10-20,15110.0,15240.0,15100.0,15215.0,4439,0,0.0
2025-10-21,15200.0,15265.0,15145.0,15175.0,4569,0,0.0
2025-10-22,15175.0,15215.0,15105.0,15125.0,4688,0,0.0
2025-10-23,15155.0,15395.0,15140.0,15335.0,7405,0,0.0
2025-10-24,15345.0,15385.0,15245.0,15320.0,6135,0,0.0
2025-10-27,15370.0,15420.0,15210.0,15325.0,6048,0,0.0
2025-10-28,15305.0,15325.0,15150.0,15235.0,6160,0,0.0
2025-10-29,15270.0,15445.0,15240.0,15400.0,6659,0,0.0
2025-10-30,15390.0,15390.0,15170.0,15240.0,6441,0,0.0
2025-10-31,15245.0,15270.0,15175.0,15230.0,5196,0,0.0
2025-11-03,15240.0,15295.0,15100.0,15115.0,6401,0,0.0
2025-11-04,15125.0,15165.0,15050.0,15060.0,9941,0,0.0
2025-11-05,15065.0,15135.0,15010.0,15015.0,9554,0,0.0
2025-11-06,15015.0,15175.0,15015.0,15055.0,7048,0,0.0
2025-11-07,15060.0,15115.0,15005.0,15015.0,5095,0,0.0
2025-11-10,15055.0,15180.0,15045.0,15100.0,5928,0,0.0
2025-11-11,15110.0,15125.0,15000.0,15015.0,6426,0,0.0
2025-11-12,15015.0,15075.0,14975.0,15015.0,6552,0,0.0
2025-11-13,15025.0,15080.0,14950.0,14950.0,6274,0,0.0
2025-11-14,14950.0,14985.0,14775.0,14875.0,10208,0,0.0
2025-11-17,14870.0,14880.0,14630.0,14675.0,9732,0,0.0
2025-11-18,14650.0,14665.0,14520.0,14635.0,9088,0,0.0
2025-11-19,14630.0,14705.0,14590.0,14630.0,7480,0,0.0
2025-11-20,14630.0,14670.0,14410.0,14455.0,9418,0,0.0
2025-11-21,14450.0,14635.0,14330.0,14605.0,7897,0,0.0
2025-11-24,14580.0,14750.0,14545.0,14720.0,9025,0,0.0
2025-11-25,14715.0,14930.0,14660.0,14905.0,9756,0,0.0
2025-11-26,14895.0,14915.0,14795.0,14820.0,6918,0,0.0
2025-11-27,14825.0,14860.0,14780.0,14830.0,3727,0,0.0
2025-11-28,14835.0,14900.0,14775.0,14795.0,5193,0,0.0
2025-12-01,14795.0,14975.0,14810.0,14875.0,8443,0,0.0
2025-12-02,14875.0,14940.0,14735.0,14740.0,6185,0,0.0
2025-12-03,14770.0,14940.0,14770.0,14875.0,8498,0,0.0
2025-12-04,14890.0,14945.0,14855.0,14885.0,5355,0,0.0
2025-12-05,14890.0,14970.0,14840.0,14945.0,6469,0,0.0
2025-12-08,14940.0,14960.0,14825.0,14885.0,5953,0,0.0
2025-12-09,14875.0,14895.0,14715.0,14740.0,6426,0,0.0
2025-12-10,14745.0,14825.0,14640.0,14650.0,5208,0,0.0
2025-12-11,14675.0,14750.0,14540.0,14595.0,6906,0,0.0
2025-12-12,14625.0,14725.0,14560.0,14585.0,8139,0,0.0
2025-12-15,14570.0,14605.0,14235.0,14295.0,12038,0,0.0
2025-12-16,14280.0,14350.0,14250.0,14255.0,7580,0,0.0
2025-12-17,14255.0,14490.0,14255.0,14365.0,8126,0,0.0
2025-12-18,14385.0,14665.0,14365.0,14630.0,9240,0,0.0
2025-12-19,14655.0,14920.0,14610.0,14880.0,12620,0,0.0
2025-12-22,14870.0,15300.0,14855.0,15250.0,18842,0,0.0
2025-12-23,15285.0,15980.0,15160.0,15635.0,31627,0,0.0
2025-12-24,15725.0,15970.0,15505.0,15655.0,15851,0,0.0
2025-12-29,15655.0,16025.0,15540.0,15755.0,21423,0,0.0
2025-12-30,15795.0,16855.0,15760.0,16765.0,26261,0,0.0
2025-12-31,16710.0,16850.0,16265.0,16740.0,10691,0,0.0
2026-01-02,16680.0,16950.0,16680.0,16760.0,9282,0,0.0
2026-01-05,16850.0,17350.0,16700.0,17280.0,19338,0,0.0
2026-01-06,16850.0,18785.0,17225.0,18425.0,35905,0,0.0
2026-01-07,18475.0,18800.0,17570.0,17650.0,34795,0,0.0
2026-01-08,17745.0,18160.0,16835.0,17065.0,26507,0,0.0
2026-01-09,17095.0,17925.0,16925.0,17700.0,16036,0,0.0
2026-01-12,17870.0,18280.0,17460.0,18040.0,15534,0,0.0
2026-01-13,17975.0,18190.0,17560.0,17600.0,13756,0,0.0
2026-01-14,17600.0,18905.0,17540.0,18765.0,28601,0,0.0
2026-01-15,18725.0,18810.0,17915.0,18565.0,19200,0,0.0
2026-01-16,18460.0,18760.0,17500.0,17795.0,16270,0,0.0
2026-01-19,17835.0,18195.0,17825.0,18130.0,10312,0,0.0
2026-01-20,18125.0,18155.0,17525.0,17740.0,10995,0,0.0
2026-01-21,17515.0,18155.0,17515.0,17975.0,8798,0,0.0
2026-01-22,17960.0,18175.0,17800.0,18080.0,7368,0,0.0
2026-01-23,18140.0,18880.0,18105.0,18675.0,15778,0,0.0
2026-01-26,18735.0,19160.0,18395.0,18585.0,13415,0,0.0
2026-01-27,18460.0,18730.0,18045.0,18220.0,11612,0,0.0
2026-01-28,18235.0,18645.0,18045.0,18330.0,11346,0,0.0
2026-01-29,18490.0,19150.0,18215.0,18475.0,20165,0,0.0
2026-01-30,18475.0,18345.0,17355.0,17555.0,16619,0,0.0
2026-02-02,17555.0,17610.0,16495.0,17020.0,18996,0,0.0
2026-02-03,17070.0,17520.0,16990.0,17380.0,10146,0,0.0
2026-02-04,17420.0,17680.0,17250.0,17310.0,8537,0,0.0
2026-02-05,17400.0,17440.0,16870.0,17040.0,8636,0,0.0
2026-02-06,16860.0,17235.0,16620.0,17225.0,9287,0,0.0
2026-02-09,17250.0,17545.0,17110.0,17405.0,6021,0,0.0
2026-02-10,17400.0,17695.0,17075.0,17530.0,7577,0,0.0
2026-02-11,17520.0,18070.0,17520.0,18020.0,10758,0,0.0
2026-02-12,18000.0,18070.0,17220.0,17245.0,11249,0,0.0
2026-02-13,17245.0,17405.0,16870.0,16975.0,7132,0,0.0
2026-02-16,16905.0,17195.0,16870.0,17115.0,3855,0,0.0
2026-02-17,17115.0,17180.0,16800.0,16825.0,4254,0,0.0
2026-02-18,16825.0,17475.0,16850.0,17415.0,5450,0,0.0
2026-02-19,17425.0,17520.0,17135.0,17285.0,3556,0,0.0
2026-02-20,17285.0,17475.0,17225.0,17405.0,4589,0,0.0
2026-02-23,17400.0,17645.0,17155.0,17285.0,7197,0,0.0
2026-02-24,17310.0,18060.0,17310.0,17910.0,11440,0,0.0
2026-02-25,17940.0,18155.0,17655.0,17940.0,12807,0,0.0
2026-02-26,18045.0,18045.0,17590.0,17700.0,7959,0,0.0
2026-02-27,17750.0,18025.0,17580.0,17665.0,7811,0,0.0
2026-03-02,17665.0,17925.0,17120.0,17200.0,9218,0,0.0
2026-03-03,17235.0,17660.0,17035.0,17135.0,11835,0,0.0
2026-03-04,17195.0,17730.0,17180.0,17550.0,10099,0,0.0
2026-03-05,17635.0,17665.0,17135.0,17210.0,5859,0,0.0
2026-03-06,17180.0,17535.0,17120.0,17455.0,5884,0,0.0
2026-03-09,17455.0,17600.0,16825.0,17405.0,11225,0,0.0
2026-03-10,17480.0,17710.0,17340.0,17515.0,6279,0,0.0
2026-03-11,17515.0,17780.0,17300.0,17705.0,5890,0,0.0
2026-03-12,17720.0,17780.0,17455.0,17745.0,5425,0,0.0
2026-03-13,17745.0,17820.0,17240.0,17295.0,6233,0,0.0
2026-03-16,17305.0,17590.0,17125.0,17485.0,5088,0,0.0
2026-03-17,17450.0,17545.0,17155.0,17250.0,6917,0,0.0
2026-03-18,17255.0,17360.0,17035.0,17155.0,6474,0,0.0
2026-03-19,17090.0,17090.0,16380.0,17045.0,21826,0,0.0
2026-03-20,17085.0,17280.0,16830.0,16860.0,7053,0,0.0
2026-03-23,16850.0,17340.0,16700.0,17165.0,11954,0,0.0
2026-03-24,17075.0,17140.0,16810.0,16955.0,6739,0,0.0
2026-03-25,17035.0,17640.0,17020.0,17340.0,12128,0,0.0
2026-03-26,17365.0,17450.0,17120.0,17155.0,5490,0,0.0
2026-03-27,17195.0,17435.0,17085.0,17215.0,4824,0,0.0
2026-03-30,17165.0,17390.0,17075.0,17295.0,5512,0,0.0
2026-03-31,17295.0,17310.0,17025.0,17180.0,8122,0,0.0
2026-04-01,17200.0,17465.0,17050.0,17270.0,9788,0,0.0
2026-04-02,17225.0,17280.0,16975.0,17075.0,5550,0,0.0
2026-04-07,17150.0,17270.0,16835.0,17010.0,7848,0,0.0
2026-04-08,17135.0,17435.0,17125.0,17250.0,8259,0,0.0
2026-04-09,17240.0,17320.0,17055.0,17215.0,5118,0,0.0
2026-04-10,17215.0,17330.0,17065.0,17290.0,5208,0,0.0
2026-04-13,17290.0,17810.0,17090.0,17725.0,12932,0,0.0
2026-04-14,17725.0,18235.0,17640.0,18175.0,12718,0,0.0
2026-04-15,18175.0,18400.0,18085.0,18210.0,12194,0,0.0
2026-04-16,18230.0,18400.0,18120.0,18275.0,5584,0,0.0
2026-04-17,18260.0,18655.0,17850.0,17985.0,12659,0,0.0
