date,open,high,low,close,volume,hold
2020-01-02,111490.0,112050.0,109820.0,111310.0,451446,141670
2020-01-03,111650.0,111900.0,107680.0,107800.0,832788,157883
2020-01-06,108060.0,108650.0,106810.0,108190.0,692853,150206
2020-01-07,108070.0,109480.0,107010.0,109390.0,744591,153721
2020-01-08,109060.0,109750.0,107810.0,109230.0,761302,156780
2020-01-09,109000.0,111890.0,108850.0,111540.0,827330,166877
2020-01-10,111780.0,112290.0,111090.0,111930.0,688236,169396
2020-01-13,111930.0,113390.0,111410.0,113210.0,686504,181716
2020-01-14,113100.0,113260.0,108870.0,108900.0,834688,169022
2020-01-15,108620.0,109930.0,108510.0,109140.0,371137,159262
2020-01-16,110000.0,112180.0,109750.0,111210.0,396389,148561
2020-01-17,111880.0,111890.0,107730.0,108440.0,402676,141080
2020-01-20,108500.0,108800.0,107710.0,108100.0,300674,138815
2020-01-21,108310.0,110300.0,107000.0,107480.0,382228,124003
2020-01-22,107630.0,109080.0,106160.0,108340.0,475829,87896
2020-01-23,108300.0,108330.0,105510.0,105690.0,424477,94440
2020-02-03,101000.0,102450.0,100670.0,102190.0,243482,94276
2020-02-04,102020.0,104780.0,101710.0,104420.0,383776,107944
2020-02-05,103810.0,106000.0,103810.0,105130.0,440237,110915
2020-02-06,105400.0,106200.0,104760.0,105070.0,490301,115835
2020-02-07,104760.0,105730.0,104180.0,105260.0,394455,118115
2020-02-10,103500.0,105220.0,103470.0,104450.0,353753,120805
2020-02-11,104310.0,106680.0,104300.0,106190.0,442115,131186
2020-02-12,105950.0,106460.0,103660.0,105130.0,513389,127368
2020-02-13,105400.0,106300.0,104790.0,105630.0,492607,128792
2020-02-14,106120.0,107050.0,104570.0,104650.0,328798,130210
2020-02-17,104770.0,105620.0,104300.0,105210.0,198346,128719
2020-02-18,105200.0,105590.0,103420.0,105090.0,276967,124178
2020-02-19,104430.0,104920.0,103650.0,103810.0,195076,126926
2020-02-20,104000.0,104550.0,103330.0,104080.0,222224,123984
2020-02-21,103680.0,103930.0,102330.0,102350.0,211444,130630
2020-02-24,102000.0,102970.0,101020.0,102720.0,218028,114549
2020-02-25,102040.0,102930.0,101330.0,102670.0,190771,104724
2020-02-26,102370.0,102850.0,101020.0,101020.0,276860,51122
2020-02-27,101000.0,101910.0,100910.0,101110.0,249947,53166
2020-02-28,100950.0,100960.0,98940.0,99010.0,332017,60890
2020-03-02,99220.0,102630.0,99150.0,102480.0,332213,61143
2020-03-03,103310.0,104440.0,102540.0,102870.0,300024,68414
2020-03-04,102920.0,103260.0,102350.0,102810.0,284101,75566
2020-03-05,102700.0,104160.0,102250.0,103400.0,388040,90414
2020-03-06,103700.0,103800.0,102920.0,103020.0,366713,85603
2020-03-09,102170.0,102220.0,99320.0,99610.0,447873,78954
2020-03-10,100680.0,104600.0,100620.0,104210.0,498604,87990
2020-03-11,103340.0,104420.0,102160.0,102350.0,419406,84670
2020-03-12,101000.0,101300.0,99860.0,100560.0,434247,91840
2020-03-13,97200.0,100350.0,96200.0,99300.0,558108,90913
2020-03-16,100000.0,101510.0,98820.0,99400.0,409185,83807
2020-03-17,99450.0,100250.0,99040.0,99550.0,381909,83079
2020-03-18,98290.0,99800.0,94950.0,95050.0,635183,98848
2020-03-19,95050.0,95790.0,90600.0,95250.0,697051,93287
2020-03-20,95010.0,96660.0,94420.0,95850.0,476788,87690
2020-03-23,93000.0,94360.0,91230.0,91920.0,482710,93798
2020-03-24,92590.0,93800.0,91030.0,91690.0,549758,94597
2020-03-25,93500.0,93920.0,91190.0,91890.0,480472,104986
2020-03-26,92500.0,93340.0,91550.0,91580.0,505998,95438
2020-03-27,92200.0,93460.0,91840.0,93440.0,529045,87401
2020-03-30,92980.0,94100.0,91520.0,93210.0,518543,83132
2020-03-31,93650.0,93980.0,91800.0,91830.0,401139,92556
2020-04-01,92600.0,93290.0,92220.0,92680.0,441868,83435
2020-04-02,92350.0,93250.0,89550.0,92900.0,659703,84229
2020-04-03,92900.0,93260.0,91950.0,92640.0,382922,79216
2020-04-07,93800.0,94420.0,92850.0,93330.0,386549,82014
2020-04-08,92960.0,95410.0,92440.0,95310.0,487833,107888
2020-04-09,95600.0,95860.0,94650.0,94970.0,371612,99192
2020-04-10,95400.0,97840.0,95220.0,97310.0,482986,107151
2020-04-13,97100.0,97570.0,96020.0,96430.0,346151,100998
2020-04-14,96600.0,97420.0,96060.0,97160.0,389144,104470
2020-04-15,97180.0,98700.0,96630.0,97240.0,337287,109235
2020-04-16,97100.0,97180.0,95700.0,95760.0,190089,104866
2020-04-17,96550.0,99140.0,96500.0,98970.0,234072,111097
2020-04-20,98970.0,102300.0,97990.0,102030.0,333322,123165
2020-04-21,102030.0,102500.0,100020.0,100920.0,289336,99334
2020-04-22,100580.0,100580.0,96560.0,98050.0,247032,89370
2020-04-23,98250.0,99850.0,98250.0,99650.0,311079,56150
2020-04-24,99400.0,101390.0,98860.0,99860.0,297982,56502
2020-04-27,102000.0,103750.0,100600.0,101580.0,339856,58982
2020-04-28,101000.0,101560.0,99520.0,100590.0,262396,62015
2020-04-29,101280.0,101720.0,99980.0,100150.0,255817,60384
2020-04-30,101000.0,101310.0,99900.0,99950.0,226263,58834
2020-05-06,98960.0,101660.0,97800.0,101350.0,356750,79814
2020-05-07,101100.0,102780.0,100720.0,101890.0,658157,91537
2020-05-08,102280.0,102750.0,100390.0,101720.0,701460,87520
2020-05-11,101570.0,103450.0,101300.0,101610.0,760702,90459
2020-05-12,101410.0,103050.0,100680.0,101040.0,726784,89308
2020-05-13,101450.0,101680.0,99720.0,101140.0,720032,88529
2020-05-14,101420.0,101570.0,100210.0,101170.0,560075,86828
2020-05-15,100770.0,100800.0,99060.0,99400.0,673044,100415
2020-05-18,98810.0,100360.0,98150.0,99860.0,665198,99467
2020-05-19,100000.0,102210.0,100000.0,102080.0,448080,103977
2020-05-20,102600.0,103120.0,102010.0,102580.0,305395,100050
2020-05-21,102520.0,105810.0,102290.0,105110.0,435297,116870
2020-05-22,105800.0,106160.0,96070.0,99760.0,635601,79672
2020-05-25,100000.0,101490.0,100000.0,100650.0,259251,69967
2020-05-26,101030.0,101900.0,100710.0,101020.0,276345,72343
2020-05-27,101480.0,101550.0,99700.0,100000.0,545383,82239
2020-05-28,99800.0,101100.0,99390.0,100730.0,529610,86660
2020-05-29,100660.0,101300.0,99850.0,100080.0,542120,90639
2020-06-01,100120.0,104020.0,99960.0,103250.0,615993,111438
2020-06-02,102850.0,103280.0,102090.0,103210.0,449544,112963
2020-06-03,103690.0,104540.0,102920.0,103470.0,612178,114991
2020-06-04,103850.0,103920.0,101770.0,102190.0,640539,113901
2020-06-05,102470.0,104070.0,102310.0,103790.0,590141,118718
2020-06-08,104000.0,104500.0,103230.0,103770.0,611001,118933
2020-06-09,104200.0,105490.0,104160.0,104700.0,644262,124235
2020-06-10,104300.0,104390.0,102550.0,103180.0,641156,119044
2020-06-11,103860.0,104410.0,101400.0,101830.0,741801,124343
2020-06-12,101380.0,102180.0,100700.0,101740.0,303084,116244
2020-06-15,101930.0,102350.0,100220.0,100290.0,326602,120827
2020-06-16,100590.0,103640.0,100500.0,103630.0,317714,113868
2020-06-17,103800.0,103880.0,102510.0,103480.0,256724,114339
2020-06-18,103400.0,104130.0,102600.0,103250.0,257058,110142
2020-06-19,102840.0,104560.0,102560.0,104200.0,291508,114557
2020-06-22,104190.0,104250.0,101660.0,101860.0,304679,114890
2020-06-23,102000.0,102740.0,101240.0,101550.0,240220,110885
2020-06-24,101710.0,102110.0,101330.0,101640.0,161646,99485
2020-06-29,102000.0,103400.0,100930.0,102910.0,201870,46072
2020-06-30,102900.0,103440.0,102360.0,103180.0,241239,51105
2020-07-01,103360.0,103470.0,101720.0,102240.0,292526,61907
2020-07-02,101550.0,103250.0,101500.0,103190.0,345814,64154
2020-07-03,103250.0,105970.0,102930.0,105840.0,529804,94053
2020-07-06,106030.0,107500.0,104560.0,107110.0,712363,127788
2020-07-07,107430.0,108100.0,106520.0,107070.0,652267,131401
2020-07-08,107290.0,108430.0,106710.0,107530.0,670778,137617
2020-07-09,107500.0,107830.0,106000.0,107630.0,720179,145081
2020-07-10,107900.0,108800.0,105060.0,105450.0,912928,134331
2020-07-13,105800.0,109250.0,105650.0,108510.0,945364,146138
2020-07-14,108300.0,110190.0,107650.0,109050.0,839095,149953
2020-07-15,109000.0,109470.0,107700.0,108570.0,691219,145344
2020-07-16,108680.0,108830.0,105200.0,106170.0,938051,142424
2020-07-17,106530.0,107350.0,106130.0,106320.0,682312,133487
2020-07-20,106390.0,106610.0,104320.0,105610.0,756025,130313
2020-07-21,105690.0,106720.0,105300.0,105970.0,634502,131630
2020-07-22,106250.0,108450.0,106250.0,106640.0,797671,124724
2020-07-23,105900.0,106120.0,104640.0,106040.0,689170,133767
2020-07-24,106990.0,109190.0,106250.0,107620.0,1066009,118735
2020-07-27,107620.0,110810.0,107520.0,110140.0,1045277,147737
2020-07-28,110000.0,112150.0,108400.0,108740.0,851351,138200
2020-07-29,108400.0,110520.0,108300.0,109500.0,652825,135088
2020-07-30,109550.0,111960.0,109380.0,111340.0,933359,155487
2020-07-31,110500.0,111320.0,108930.0,110440.0,980776,140972
2020-08-03,110450.0,110700.0,108220.0,109040.0,863839,152342
2020-08-04,109560.0,111580.0,109560.0,110860.0,796599,149607
2020-08-05,110820.0,113050.0,110370.0,112990.0,1005710,183336
2020-08-06,113000.0,117220.0,112630.0,114540.0,1677592,182174
2020-08-07,114830.0,116500.0,113630.0,115080.0,1073065,174890
2020-08-10,115150.0,115680.0,112060.0,113180.0,1017273,159713
2020-08-11,113700.0,114550.0,111880.0,112130.0,807216,155912
2020-08-12,112470.0,113550.0,110520.0,112300.0,969864,136013
2020-08-13,112300.0,113200.0,111820.0,112560.0,762589,135250
2020-08-14,112400.0,114800.0,111750.0,114100.0,526188,133275
2020-08-17,114380.0,116090.0,113860.0,115950.0,395347,135784
2020-08-18,116100.0,116870.0,115360.0,116150.0,292957,127670
2020-08-19,116700.0,117540.0,115590.0,116340.0,472940,72157
2020-08-20,117100.0,117470.0,114580.0,116130.0,548418,76144
2020-08-21,116700.0,117070.0,114840.0,115460.0,481581,80105
2020-08-24,115100.0,117490.0,114850.0,117310.0,548317,91199
2020-08-25,117540.0,118210.0,116530.0,117420.0,557851,97809
2020-08-26,117580.0,119940.0,116950.0,119680.0,721599,150151
2020-08-27,119540.0,120750.0,119000.0,119430.0,705081,145962
2020-08-28,119480.0,120400.0,118550.0,120350.0,743986,153258
2020-08-31,121010.0,121550.0,120010.0,121240.0,695976,157330
2020-09-01,121300.0,123370.0,120290.0,123080.0,697304,181495
2020-09-02,122900.0,123050.0,121020.0,122180.0,689625,164599
2020-09-03,122200.0,123930.0,119650.0,120010.0,989913,166434
2020-09-04,119100.0,120250.0,117820.0,119250.0,866758,148092
2020-09-07,119530.0,120500.0,118680.0,119080.0,741569,146827
2020-09-08,119260.0,120050.0,118600.0,119610.0,636315,140302
2020-09-09,118350.0,118490.0,115630.0,115850.0,817972,128863
2020-09-10,116490.0,117120.0,115420.0,115770.0,614121,132692
2020-09-11,116220.0,116980.0,114730.0,116150.0,712269,126581
2020-09-14,116610.0,119000.0,116220.0,118820.0,487943,135093
2020-09-15,118800.0,119470.0,118440.0,118790.0,324880,125671
2020-09-16,118900.0,118920.0,116840.0,117540.0,384739,119471
2020-09-17,117600.0,118150.0,115260.0,115560.0,352680,123277
2020-09-18,115520.0,117530.0,115360.0,116760.0,372194,67499
2020-09-21,116150.0,116520.0,113950.0,114210.0,477949,76398
2020-09-22,114220.0,114580.0,110620.0,113400.0,557581,80565
2020-09-23,113700.0,114080.0,111150.0,112940.0,535319,85693
2020-09-24,112320.0,113390.0,111080.0,112140.0,533391,88203
2020-09-25,111500.0,113730.0,111350.0,113610.0,600075,94290
2020-09-28,113200.0,113810.0,111730.0,113470.0,626984,100697
2020-09-29,113840.0,114100.0,112760.0,113850.0,541529,98031
2020-09-30,113720.0,114670.0,111670.0,111700.0,636609,97740
2020-10-09,113490.0,116180.0,113410.0,115940.0,265381,97609
2020-10-12,116200.0,117670.0,115630.0,117080.0,530825,110509
2020-10-13,117400.0,117610.0,116260.0,117100.0,500868,108946
2020-10-14,117060.0,117370.0,116100.0,117030.0,625304,110514
2020-10-15,117650.0,119100.0,117240.0,117860.0,621042,117305
2020-10-16,117900.0,119680.0,117370.0,119450.0,636624,128166
2020-10-19,119750.0,120950.0,119230.0,119430.0,709104,130175
2020-10-20,120040.0,120410.0,118920.0,120200.0,495588,133246
2020-10-21,120570.0,122190.0,120430.0,121730.0,669431,147809
2020-10-22,121730.0,121770.0,119290.0,119860.0,445197,126265
2020-10-23,119840.0,120330.0,119140.0,119840.0,315586,117770
2020-10-26,120200.0,120800.0,117580.0,117880.0,317249,104875
2020-10-27,117600.0,119600.0,117460.0,119390.0,228422,103906
2020-10-28,119400.0,125670.0,118700.0,125210.0,489993,139175
2020-10-29,123000.0,123160.0,120290.0,121620.0,438488,110901
2020-10-30,119610.0,120810.0,116300.0,116980.0,481066,86461
2020-11-02,116660.0,117640.0,115200.0,115510.0,284711,82575
2020-11-03,115690.0,116820.0,115600.0,116240.0,310712,80536
2020-11-04,116870.0,117650.0,114760.0,116320.0,493061,90438
2020-11-05,117000.0,117470.0,115500.0,116380.0,502937,96665
2020-11-06,116860.0,117800.0,115800.0,115960.0,546586,107126
2020-11-09,116840.0,118290.0,114020.0,117930.0,763186,115391
2020-11-10,119330.0,119600.0,117000.0,117940.0,619961,113548
2020-11-11,117750.0,119390.0,117390.0,118150.0,645004,126999
2020-11-12,118400.0,120380.0,117500.0,119010.0,682381,137135
2020-11-13,118950.0,120140.0,118110.0,118580.0,590987,138500
2020-11-16,118600.0,120940.0,118510.0,120240.0,743880,151593
2020-11-17,120370.0,120440.0,115950.0,116100.0,798863,159741
2020-11-18,116450.0,116920.0,115700.0,116280.0,541375,154539
2020-11-19,116380.0,117070.0,115150.0,116470.0,583615,149038
2020-11-20,116380.0,117960.0,116310.0,116900.0,578779,146755
2020-11-23,117210.0,120040.0,117200.0,119780.0,723927,151399
2020-11-24,119090.0,121430.0,118560.0,121200.0,687996,162669
2020-11-25,120600.0,121640.0,119540.0,119660.0,736423,156527
2020-11-26,119230.0,120800.0,118520.0,120750.0,709564,155117
2020-11-27,120100.0,123160.0,119970.0,122850.0,892264,183010
2020-11-30,122600.0,123600.0,120400.0,121960.0,871392,166755
2020-12-01,122360.0,122730.0,118670.0,119240.0,808607,153493
2020-12-02,119510.0,120780.0,119260.0,119730.0,722934,151332
2020-12-03,118850.0,119130.0,117120.0,117550.0,712199,151680
2020-12-04,118000.0,118280.0,116410.0,117750.0,686756,143478
2020-12-07,118000.0,121100.0,117740.0,120990.0,811223,147241
2020-12-08,120510.0,122000.0,120100.0,121490.0,737561,148969
2020-12-09,121490.0,122470.0,120520.0,121690.0,717582,145757
2020-12-10,121700.0,124950.0,121700.0,123580.0,947732,157469
2020-12-11,124370.0,130880.0,124170.0,129250.0,1326024,171393
2020-12-14,128700.0,133190.0,127610.0,130930.0,834720,174599
2020-12-15,132000.0,132120.0,129780.0,131480.0,447237,177687
2020-12-16,131500.0,134180.0,128260.0,129370.0,637162,159593
2020-12-17,129490.0,130760.0,128650.0,130450.0,374216,156328
2020-12-18,131060.0,132100.0,128900.0,131530.0,479129,148084
2020-12-21,131480.0,133570.0,129360.0,133050.0,736995,122341
2020-12-22,131480.0,131550.0,125100.0,125740.0,751353,118771
2020-12-23,126300.0,126620.0,121160.0,124010.0,834543,127083
2020-12-24,124010.0,125850.0,124000.0,125140.0,649866,135413
2020-12-25,125320.0,128150.0,125300.0,127520.0,754580,142098
2020-12-28,127710.0,128850.0,126280.0,127800.0,792362,147173
2020-12-29,128090.0,129470.0,126300.0,126790.0,788919,152025
2020-12-30,126490.0,127260.0,124530.0,125250.0,865884,152984
2020-12-31,124800.0,125250.0,123500.0,123580.0,790341,154265
2021-01-04,123500.0,128950.0,123260.0,128210.0,546456,167792
2021-01-05,128260.0,130250.0,128020.0,129580.0,846858,175333
2021-01-06,129480.0,130740.0,128220.0,129470.0,776117,170286
2021-01-07,130230.0,133950.0,129160.0,133270.0,996704,193751
2021-01-08,132350.0,134490.0,130930.0,132490.0,931869,184217
2021-01-11,132400.0,132870.0,126800.0,127490.0,1058810,170195
2021-01-12,127060.0,130240.0,125700.0,129920.0,924052,168529
2021-01-13,130040.0,131650.0,129290.0,131180.0,937328,182424
2021-01-14,130800.0,132260.0,129000.0,132150.0,961456,198042
2021-01-15,132660.0,136500.0,132000.0,132390.0,926750,201567
2021-01-18,132660.0,135180.0,131700.0,134930.0,614432,198598
2021-01-19,134550.0,134750.0,132660.0,133460.0,443753,187656
2021-01-20,133700.0,136700.0,133200.0,134020.0,581785,189776
2021-01-21,133690.0,136880.0,133000.0,135690.0,496772,202159
2021-01-22,135810.0,136370.0,132800.0,133380.0,507231,178368
2021-01-25,132540.0,137280.0,132080.0,135930.0,538874,179803
2021-01-26,135690.0,136260.0,133900.0,134000.0,398765,154452
2021-01-27,134500.0,134940.0,133120.0,133690.0,503790,110217
2021-01-28,132300.0,132580.0,130600.0,131280.0,631283,117004
2021-01-29,131050.0,133070.0,130230.0,130570.0,667263,129265
2021-02-01,131200.0,133300.0,131030.0,132740.0,835303,140305
2021-02-02,132750.0,132770.0,130730.0,131010.0,742227,143289
2021-02-03,131140.0,131740.0,128840.0,129630.0,803569,154373
2021-02-04,130000.0,130850.0,129160.0,130500.0,705533,156811
2021-02-05,130340.0,133280.0,129920.0,132850.0,759696,163678
2021-02-08,133380.0,134460.0,132760.0,133550.0,591782,158211
2021-02-09,133520.0,135770.0,133310.0,135250.0,521831,169583
2021-02-10,135550.0,136470.0,133850.0,136220.0,527095,166307
2021-02-18,137290.0,139790.0,137280.0,138590.0,268371,172557
2021-02-19,139890.0,144990.0,139740.0,144050.0,567694,209459
2021-02-22,144300.0,149350.0,143440.0,146230.0,718837,201191
2021-02-23,146000.0,147470.0,143230.0,144970.0,608412,175610
2021-02-24,143160.0,144080.0,141260.0,142340.0,507853,154131
2021-02-25,143660.0,147670.0,142210.0,144990.0,562073,145594
2021-02-26,145080.0,145510.0,139310.0,140490.0,535383,127725
2021-03-01,139220.0,141790.0,138000.0,138640.0,397563,115679
2021-03-02,138640.0,139470.0,136010.0,138080.0,331679,108466
2021-03-03,138770.0,139860.0,137230.0,138300.0,488819,51554
2021-03-04,133000.0,134050.0,130510.0,130510.0,426846,64751
2021-03-05,124770.0,124770.0,120190.0,121750.0,765174,68701
2021-03-08,122700.0,125300.0,121190.0,122070.0,733066,75644
2021-03-09,121450.0,123860.0,118690.0,119240.0,714065,85507
2021-03-10,119600.0,121640.0,118860.0,119770.0,780148,100699
2021-03-11,120550.0,123380.0,120350.0,122540.0,882316,107357
2021-03-12,123070.0,123440.0,120390.0,120950.0,890430,123690
2021-03-15,121300.0,122190.0,118750.0,121990.0,1056997,125373
2021-03-16,121830.0,122600.0,120150.0,120450.0,761499,129417
2021-03-17,121100.0,121940.0,119740.0,120170.0,730662,143499
2021-03-18,120410.0,122190.0,119500.0,120520.0,770341,140996
2021-03-19,120290.0,121260.0,118000.0,120610.0,889108,130204
2021-03-22,121000.0,123370.0,120900.0,122730.0,876095,132518
2021-03-23,123480.0,124760.0,122020.0,124720.0,837027,139489
2021-03-24,124260.0,124470.0,120000.0,120820.0,801715,143866
2021-03-25,121190.0,121860.0,119530.0,119900.0,713106,154180
2021-03-26,119700.0,123730.0,119660.0,123190.0,777050,135038
2021-03-29,123050.0,124200.0,122540.0,123750.0,711829,136683
2021-03-30,123300.0,124360.0,122250.0,123500.0,757519,141952
2021-03-31,123750.0,123890.0,119920.0,120650.0,976848,150916
2021-04-01,121450.0,121760.0,120510.0,121010.0,649863,141157
2021-04-02,121300.0,123950.0,121300.0,123470.0,711997,144090
2021-04-06,123460.0,126460.0,123410.0,125080.0,389513,157066
2021-04-07,125500.0,126580.0,125050.0,126000.0,572157,160283
2021-04-08,125750.0,127040.0,124010.0,126690.0,778117,170805
2021-04-09,127090.0,127750.0,125740.0,126170.0,628885,163288
2021-04-12,126430.0,126780.0,121920.0,122260.0,835335,158632
2021-04-13,122350.0,122840.0,121090.0,121720.0,667594,160607
2021-04-14,122310.0,122470.0,120840.0,121520.0,619639,164254
2021-04-15,122200.0,123060.0,120660.0,121350.0,507427,169559
2021-04-16,121230.0,124090.0,121130.0,123490.0,580000,151482
2021-04-19,123770.0,123970.0,120310.0,121390.0,592477,166740
2021-04-20,121250.0,122100.0,120300.0,120960.0,547487,167648
2021-04-21,120910.0,121650.0,119280.0,120850.0,689347,167500
2021-04-22,120580.0,121650.0,119060.0,119780.0,661463,176701
2021-04-23,119790.0,121050.0,118750.0,120240.0,714055,164961
2021-04-26,120700.0,123370.0,120330.0,123150.0,741435,145265
2021-04-27,123310.0,127200.0,123310.0,126560.0,726798,157132
2021-04-28,126300.0,127470.0,125120.0,127330.0,630683,154473
2021-04-29,128610.0,131280.0,127920.0,129920.0,718205,151532
2021-04-30,130300.0,131800.0,128080.0,131410.0,720529,136460
2021-05-06,133000.0,134240.0,130040.0,132220.0,351762,129459
2021-05-07,133260.0,134360.0,131940.0,133670.0,668360,128050
2021-05-10,133980.0,135570.0,132130.0,133150.0,775353,118685
2021-05-11,133240.0,133660.0,129570.0,131690.0,718873,103627
2021-05-12,132200.0,134000.0,131260.0,132890.0,611603,101164
2021-05-13,131550.0,132350.0,127820.0,128780.0,674016,89678
2021-05-14,127600.0,129340.0,126130.0,128770.0,573910,84347
2021-05-17,128770.0,131980.0,128540.0,130790.0,546921,86995
2021-05-18,130800.0,134840.0,130330.0,134450.0,454399,89234
2021-05-19,134380.0,134380.0,132180.0,132810.0,458448,72718
2021-05-20,131800.0,131800.0,127100.0,128290.0,464209,53545
2021-05-21,127770.0,128300.0,124210.0,124270.0,401965,44157
2021-05-24,125930.0,126330.0,122570.0,123970.0,321387,33990
2021-05-25,123880.0,126510.0,123810.0,125220.0,396502,114887
2021-05-26,125220.0,126980.0,124540.0,125420.0,480823,112073
2021-05-27,125530.0,127470.0,124800.0,126420.0,580112,114064
2021-05-28,126880.0,133180.0,126540.0,132310.0,859644,125805
2021-05-31,131380.0,133530.0,130830.0,132890.0,697577,124181
2021-06-01,132390.0,134990.0,131680.0,134920.0,669594,134933
2021-06-02,133810.0,134480.0,131720.0,133590.0,596642,125115
2021-06-03,133410.0,135800.0,132760.0,133140.0,721528,138955
2021-06-04,131800.0,132270.0,130140.0,131350.0,516650,127667
2021-06-07,132120.0,133280.0,129410.0,129530.0,437893,118275
2021-06-08,129600.0,131990.0,129210.0,130080.0,415027,111659
2021-06-09,130000.0,133390.0,129840.0,132800.0,481960,129421
2021-06-10,132990.0,133520.0,130540.0,131110.0,502026,114647
2021-06-11,131300.0,135360.0,131110.0,135350.0,518317,139821
2021-06-15,135650.0,136260.0,131370.0,132500.0,281241,116767
2021-06-16,131790.0,132970.0,127800.0,128260.0,499557,108186
2021-06-17,128300.0,129730.0,126530.0,127720.0,498108,99089
2021-06-18,127380.0,129360.0,126300.0,128300.0,569027,96338
2021-06-21,127910.0,129870.0,126840.0,128900.0,464024,88519
2021-06-22,128900.0,132780.0,127760.0,132750.0,478067,96073
2021-06-23,132750.0,134280.0,132080.0,133700.0,409854,91254
2021-06-24,134130.0,136190.0,133610.0,134820.0,457816,89545
2021-06-25,135460.0,139070.0,135280.0,137570.0,485413,74662
2021-06-28,138000.0,138750.0,136530.0,137580.0,390362,48482
2021-06-29,136810.0,137420.0,134520.0,135560.0,239195,23142
2021-06-30,135980.0,138120.0,135200.0,138060.0,424105,139793
2021-07-01,137300.0,137590.0,133840.0,134090.0,459832,133835
2021-07-02,134500.0,136100.0,133550.0,134000.0,447388,122792
2021-07-05,135360.0,137680.0,135160.0,136900.0,491688,134444
2021-07-06,136600.0,138790.0,135960.0,138020.0,432700,135473
2021-07-07,138010.0,138010.0,133160.0,135480.0,551253,121668
2021-07-08,135480.0,137490.0,135340.0,137050.0,496732,115184
2021-07-09,136550.0,140300.0,135840.0,139910.0,589026,156710
2021-07-12,140300.0,141110.0,137880.0,139090.0,447376,133766
2021-07-13,139020.0,141100.0,138830.0,140500.0,420984,143446
2021-07-14,139940.0,140460.0,138010.0,139960.0,492177,126537
2021-07-15,140080.0,140280.0,137120.0,139080.0,489731,115981
2021-07-16,139080.0,143710.0,138620.0,141370.0,566169,123309
2021-07-19,141460.0,143780.0,141170.0,142390.0,433425,125073
2021-07-20,141130.0,141170.0,137380.0,138830.0,486295,97232
2021-07-21,138700.0,139840.0,136340.0,136830.0,358546,85462
2021-07-22,136940.0,139480.0,136940.0,139020.0,327380,74129
2021-07-23,140350.0,143940.0,139730.0,143260.0,370541,67258
2021-07-26,143390.0,146870.0,143210.0,145720.0,308735,57504
2021-07-27,145600.0,148030.0,144140.0,144840.0,260193,42542
2021-07-28,145300.0,148560.0,143970.0,146580.0,533057,156461
2021-07-29,146530.0,147760.0,145200.0,147500.0,471703,161623
2021-07-30,147820.0,148780.0,145330.0,146900.0,656828,153409
2021-08-02,147160.0,147820.0,143690.0,146270.0,647536,142220
2021-08-03,146270.0,146410.0,141810.0,142270.0,581529,127990
2021-08-04,142200.0,144200.0,141890.0,143510.0,551873,124464
2021-08-05,143090.0,144260.0,141800.0,142580.0,587539,121885
2021-08-06,143130.0,145540.0,143000.0,145190.0,530602,125710
2021-08-09,144710.0,145030.0,139600.0,140220.0,627848,120800
2021-08-10,139220.0,140380.0,138020.0,140120.0,470131,115831
2021-08-11,139410.0,141600.0,139180.0,140370.0,469706,110530
2021-08-12,140950.0,147480.0,140920.0,146720.0,700733,125502
2021-08-13,146500.0,147550.0,145500.0,146810.0,613821,126174
2021-08-16,147330.0,147910.0,145650.0,146220.0,627429,123048
2021-08-17,146220.0,147650.0,145400.0,145840.0,537455,111813
2021-08-18,144640.0,145390.0,142280.0,142310.0,629133,105152
2021-08-19,142310.0,142750.0,140530.0,141220.0,549578,94344
2021-08-20,139220.0,141350.0,138290.0,140010.0,628646,94029
2021-08-23,139800.0,142970.0,138630.0,141590.0,591105,85462
2021-08-24,142120.0,143680.0,141050.0,142310.0,441321,72909
2021-08-25,142780.0,144640.0,142660.0,144430.0,385208,68353
2021-08-26,144800.0,145190.0,142120.0,142200.0,330284,58424
2021-08-27,142200.0,143800.0,140420.0,143480.0,264761,39513
2021-08-30,141680.0,147860.0,141640.0,147280.0,598611,150155
2021-08-31,148010.0,149870.0,147030.0,148850.0,640073,169154
2021-09-01,148490.0,149320.0,146900.0,148250.0,650623,180974
2021-09-02,148500.0,148520.0,145990.0,146890.0,662221,152213
2021-09-03,145670.0,147500.0,145020.0,145540.0,661172,142914
2021-09-06,146500.0,149380.0,145500.0,146100.0,752847,139130
2021-09-07,146100.0,147340.0,144700.0,145120.0,600108,127536
2021-09-08,145960.0,148690.0,144700.0,148170.0,687737,140914
2021-09-09,148100.0,152500.0,146700.0,150750.0,759916,151341
2021-09-10,150960.0,155140.0,150320.0,153000.0,654466,151085
2021-09-13,152890.0,154970.0,148750.0,149010.0,718847,133722
2021-09-14,149410.0,149500.0,146230.0,146540.0,638554,110324
2021-09-15,147130.0,147980.0,145510.0,146870.0,589794,101758
2021-09-16,147680.0,149960.0,142830.0,145040.0,781219,96544
2021-09-17,145140.0,146200.0,143090.0,143490.0,526550,86941
2021-09-22,141700.0,145420.0,140930.0,144030.0,272688,83103
2021-09-23,144150.0,146100.0,143180.0,145590.0,550856,76039
2021-09-24,145410.0,148400.0,143300.0,145800.0,604364,54993
2021-09-27,145600.0,147460.0,142100.0,142470.0,507709,43076
2021-09-28,142470.0,144050.0,139730.0,141060.0,371176,32329
2021-09-29,141360.0,142720.0,140730.0,141960.0,244176,19088
2021-09-30,139580.0,140000.0,135700.0,138070.0,527883,92554
2021-10-08,138830.0,143760.0,138710.0,142230.0,266300,94511
2021-10-11,142860.0,146860.0,142350.0,145950.0,467758,100629
2021-10-12,146300.0,146700.0,143580.0,144730.0,498036,96762
2021-10-13,145700.0,146120.0,142160.0,143880.0,576786,93506
2021-10-14,144600.0,147110.0,141800.0,144920.0,618417,93863
2021-10-15,145120.0,147860.0,143960.0,147390.0,641502,93097
2021-10-18,149000.0,151920.0,147180.0,150990.0,633099,90566
2021-10-19,151300.0,151600.0,149280.0,151040.0,566340,88553
2021-10-20,151860.0,153440.0,147110.0,149580.0,647006,82943
2021-10-21,149750.0,161600.0,149750.0,155880.0,939881,85098
2021-10-22,154350.0,156200.0,148880.0,151330.0,778347,65326
2021-10-25,150400.0,151630.0,147200.0,149880.0,566961,48547
2021-10-26,150440.0,153540.0,150170.0,152560.0,430952,47183
2021-10-27,152060.0,153120.0,148000.0,148340.0,393058,32246
2021-10-28,147120.0,147480.0,143500.0,146180.0,323603,19673
2021-10-29,145390.0,146680.0,143100.0,144210.0,495987,102069
2021-11-01,143000.0,147480.0,142710.0,143220.0,546075,104391
2021-11-02,145000.0,146360.0,141500.0,143640.0,401281,111664
2021-11-03,144320.0,146960.0,143090.0,146040.0,402965,109593
2021-11-04,145350.0,145730.0,141180.0,142820.0,397944,105554
2021-11-05,142800.0,143800.0,139630.0,142250.0,330407,96098
2021-11-08,142570.0,145070.0,141430.0,142740.0,269949,110216
2021-11-09,143740.0,145690.0,143220.0,144810.0,200480,105025
2021-11-10,144970.0,145100.0,141750.0,143050.0,230492,111322
2021-11-11,142730.0,146600.0,141900.0,146170.0,240874,113155
2021-11-12,145770.0,147680.0,145380.0,145810.0,196644,114279
2021-11-15,146080.0,148450.0,144800.0,145000.0,229447,113644
2021-11-16,145690.0,145860.0,142820.0,143500.0,186712,100194
2021-11-17,143300.0,143810.0,142020.0,143020.0,156911,95645
2021-11-18,143020.0,143150.0,140850.0,141020.0,195758,99824
2021-11-19,141010.0,147840.0,140500.0,147440.0,228189,94237
2021-11-22,146740.0,148970.0,146280.0,148530.0,153380,89106
2021-11-23,149080.0,153510.0,148570.0,152750.0,180290,97159
2021-11-24,150650.0,152730.0,149630.0,152640.0,216781,89774
2021-11-25,154000.0,156480.0,152880.0,154540.0,432443,135719
2021-11-26,154540.0,154540.0,149580.0,149780.0,413507,131694
2021-11-29,147950.0,150890.0,146610.0,149200.0,429690,136743
2021-11-30,149200.0,149660.0,147000.0,147790.0,373643,133988
2021-12-01,148330.0,150380.0,147370.0,149090.0,332820,163529
2021-12-02,149250.0,149700.0,146940.0,147390.0,363150,155444
2021-12-03,148000.0,151770.0,147230.0,148890.0,391917,178848
2021-12-06,148890.0,149880.0,144500.0,145660.0,393616,171046
2021-12-07,146220.0,147480.0,145800.0,146800.0,210610,158105
2021-12-08,147780.0,149680.0,147410.0,148200.0,298769,165994
2021-12-09,148890.0,149280.0,145920.0,146120.0,294187,165265
2021-12-10,146500.0,146600.0,144810.0,145230.0,210992,164435
2021-12-13,145330.0,145790.0,143520.0,145170.0,260975,160944
2021-12-14,144930.0,145080.0,142080.0,142690.0,293484,170052
2021-12-15,143010.0,143520.0,141190.0,141210.0,254588,170425
2021-12-16,140500.0,143480.0,139930.0,142950.0,317520,164568
2021-12-17,143310.0,146000.0,143130.0,145430.0,286340,152568
2021-12-20,145780.0,146820.0,141960.0,142120.0,319591,150611
2021-12-21,142500.0,144840.0,141890.0,144080.0,226891,141514
2021-12-22,144080.0,146080.0,144050.0,145820.0,221084,150340
2021-12-23,146550.0,149080.0,146280.0,149020.0,249895,156201
2021-12-24,148420.0,148880.0,147670.0,148710.0,198198,153092
2021-12-27,148940.0,149580.0,147200.0,147900.0,290399,155334
2021-12-28,148200.0,149920.0,147570.0,149150.0,238962,148677
2021-12-29,149400.0,149760.0,146550.0,149350.0,262857,152116
2021-12-30,149350.0,151380.0,149080.0,150220.0,282255,152555
2021-12-31,150570.0,152220.0,150420.0,152080.0,243192,154950
2022-01-04,152690.0,153700.0,150440.0,152570.0,149508,151777
2022-01-05,152510.0,155000.0,151200.0,152160.0,307661,156861
2022-01-06,152150.0,152650.0,149900.0,149930.0,224722,142924
2022-01-07,150100.0,153550.0,149200.0,152490.0,254252,148690
2022-01-10,152490.0,155160.0,152050.0,154840.0,247193,151882
2022-01-11,154840.0,160060.0,153280.0,158960.0,367596,181438
2022-01-12,158960.0,163200.0,158500.0,162340.0,325545,170248
2022-01-13,163420.0,165680.0,160900.0,162120.0,396706,170335
2022-01-14,162890.0,167300.0,162060.0,167260.0,388196,166347
2022-01-17,166890.0,167000.0,160880.0,162580.0,406313,144211
2022-01-18,161500.0,165200.0,161250.0,164170.0,313918,132146
2022-01-19,163210.0,165250.0,161120.0,163760.0,324879,125036
2022-01-20,164080.0,176280.0,164080.0,176280.0,450183,135295
2022-01-21,175600.0,179780.0,174480.0,178040.0,405214,105882
2022-01-24,176600.0,182180.0,174230.0,174610.0,386686,85449
2022-01-25,170790.0,171440.0,163460.0,163460.0,495447,152113
2022-01-26,163930.0,166860.0,162240.0,165240.0,443333,153379
2022-01-27,166100.0,168120.0,163830.0,163880.0,250419,142091
2022-01-28,165940.0,166830.0,163500.0,163750.0,224504,130522
2022-02-07,168200.0,174350.0,166640.0,170470.0,164707,132314
2022-02-08,171100.0,175600.0,170020.0,172280.0,193043,132744
2022-02-09,171810.0,173470.0,166000.0,170050.0,230203,137253
2022-02-10,170940.0,174920.0,170810.0,173890.0,190194,134228
2022-02-11,175000.0,176520.0,170600.0,172070.0,247141,141784
2022-02-14,172800.0,177790.0,169800.0,176520.0,266742,136582
2022-02-15,176000.0,176310.0,168580.0,172860.0,274813,135518
2022-02-16,172860.0,174250.0,171530.0,173420.0,175936,121285
2022-02-17,173950.0,174800.0,171810.0,173010.0,180979,118555
2022-02-18,174010.0,178520.0,174000.0,177890.0,216003,122441
2022-02-21,177600.0,180770.0,175880.0,179530.0,189107,114001
2022-02-22,179250.0,181350.0,177740.0,179620.0,163134,95272
2022-02-23,180000.0,180180.0,174630.0,175300.0,294678,137525
2022-02-24,175950.0,182170.0,174400.0,179540.0,332068,153099
2022-02-25,182000.0,184650.0,172800.0,174450.0,440732,157981
2022-02-28,174450.0,179950.0,172120.0,177780.0,322013,143225
2022-03-01,177300.0,177450.0,174120.0,176000.0,232081,135529
2022-03-02,177000.0,180900.0,177000.0,180260.0,256019,147921
2022-03-03,182000.0,199800.0,177630.0,188180.0,319941,152039
2022-03-04,190000.0,191970.0,185200.0,187190.0,358568,153359
2022-03-07,189750.0,210950.0,188780.0,210950.0,502429,157942
2022-03-08,228810.0,228810.0,228810.0,228810.0,15881,145656
2022-03-09,267700.0,267700.0,267700.0,267700.0,43718,114596
2022-03-11,210000.0,211040.0,191000.0,195610.0,27696,8502
2022-03-14,197010.0,206570.0,187620.0,202520.0,24241,5812
2022-03-15,214050.0,230760.0,210810.0,216490.0,216524,66218
2022-03-16,216490.0,237000.0,213000.0,235200.0,193780,63378
2022-03-17,225200.0,230470.0,217000.0,219440.0,154961,56826
2022-03-18,218000.0,224610.0,215660.0,219620.0,108744,53010
2022-03-21,215000.0,220930.0,204990.0,205670.0,119381,53799
2022-03-22,202000.0,211000.0,200220.0,206780.0,91118,51054
2022-03-23,206390.0,214660.0,205300.0,212150.0,99376,46854
2022-03-24,226550.0,245740.0,226490.0,245740.0,65264,43636
2022-03-25,279990.0,281250.0,246010.0,264200.0,189404,39636
2022-03-28,240000.0,251800.0,218530.0,224480.0,146987,29186
2022-03-29,227190.0,227990.0,215640.0,223130.0,140274,52794
2022-03-30,217550.0,230660.0,213170.0,230050.0,188097,60010
2022-03-31,227600.0,229000.0,213840.0,217780.0,184118,58758
2022-04-01,220000.0,223380.0,216200.0,217910.0,123012,51415
2022-04-06,221060.0,224880.0,215180.0,223300.0,70274,49306
2022-04-07,223300.0,223300.0,212160.0,213330.0,118826,55736
2022-04-08,214000.0,221070.0,213900.0,218170.0,92663,49409
2022-04-11,217700.0,218000.0,206580.0,210900.0,108685,56912
2022-04-12,207510.0,213500.0,205500.0,212620.0,89736,49127
2022-04-13,212620.0,226880.0,211580.0,221050.0,123426,56196
2022-04-14,221000.0,225200.0,217800.0,223880.0,94695,51210
2022-04-15,223480.0,231000.0,223480.0,229400.0,99573,54747
2022-04-18,230190.0,236500.0,227800.0,232140.0,96332,51968
2022-04-19,234470.0,246000.0,232580.0,239830.0,121313,53781
2022-04-20,239790.0,244200.0,232210.0,233780.0,110789,50807
2022-04-21,234940.0,238280.0,232620.0,235930.0,74161,46917
2022-04-22,235930.0,241800.0,235790.0,238580.0,67395,45477
2022-04-25,240000.0,240190.0,218900.0,221030.0,120963,41563
2022-04-26,219000.0,223780.0,212520.0,222450.0,78372,30283
2022-04-27,219200.0,231500.0,219200.0,229540.0,56098,21515
2022-04-28,227490.0,230440.0,224650.0,227280.0,68948,52068
2022-04-29,228000.0,233490.0,222890.0,232230.0,90463,54145
2022-05-05,227000.0,227470.0,217900.0,223310.0,52240,49349
2022-05-06,222000.0,222800.0,211220.0,214090.0,97549,57030
2022-05-09,212580.0,214560.0,205300.0,209210.0,113316,59399
2022-05-10,201890.0,204000.0,196000.0,202400.0,119105,60757
2022-05-11,199360.0,208240.0,197630.0,206030.0,100466,59777
2022-05-12,203000.0,208830.0,198930.0,200680.0,105981,61543
2022-05-13,200000.0,207240.0,194360.0,203600.0,134105,63220
2022-05-16,200000.0,205220.0,196500.0,202070.0,113885,61984
2022-05-17,197020.0,204660.0,196560.0,204450.0,99263,60783
2022-05-18,204200.0,205980.0,196850.0,198860.0,107605,58303
2022-05-19,198870.0,208800.0,198660.0,205770.0,105213,56547
2022-05-20,204480.0,216000.0,203060.0,212800.0,114018,55667
2022-05-23,211130.0,214180.0,206240.0,207750.0,86413,49487
2022-05-24,207750.0,211160.0,205160.0,206020.0,69001,45333
2022-05-25,206010.0,206500.0,200710.0,202930.0,73024,43358
2022-05-26,203500.0,206700.0,200330.0,203970.0,66118,35965
2022-05-27,206500.0,213600.0,206300.0,211080.0,61183,32157
2022-05-30,213600.0,222010.0,212220.0,221090.0,51708,19219
2022-05-31,217730.0,220420.0,214830.0,216750.0,79885,60034
2022-06-01,215200.0,215200.0,208400.0,212440.0,93364,62430
2022-06-02,211500.0,218680.0,211500.0,215380.0,89800,59297
2022-06-06,219010.0,224300.0,216080.0,218240.0,52675,58539
2022-06-07,220500.0,224970.0,219450.0,219500.0,75004,63323
2022-06-08,218990.0,226500.0,215190.0,226270.0,91356,64202
2022-06-09,224110.0,224770.0,217110.0,218060.0,81983,60491
2022-06-10,217000.0,219420.0,213000.0,216780.0,84026,62043
2022-06-13,216000.0,216190.0,205010.0,205650.0,96093,62772
2022-06-14,204980.0,204980.0,199590.0,204100.0,87388,56944
2022-06-15,202110.0,202800.0,196590.0,199160.0,89859,57717
2022-06-16,200300.0,206000.0,200010.0,200650.0,92818,58027
2022-06-17,198820.0,200290.0,194800.0,197000.0,95020,59081
2022-06-20,197110.0,200010.0,193800.0,195290.0,101445,54616
2022-06-21,195690.0,204400.0,195290.0,198690.0,105341,58302
2022-06-22,198100.0,201750.0,190010.0,191900.0,98768,54844
2022-06-23,191900.0,193500.0,183740.0,187140.0,114117,57632
2022-06-24,186100.0,189300.0,168000.0,172310.0,117325,51442
2022-06-27,172310.0,182130.0,163800.0,179480.0,128946,45851
2022-06-28,179480.0,182600.0,172600.0,181620.0,84949,25179
2022-06-29,178000.0,178000.0,168000.0,170970.0,128531,71731
2022-06-30,177780.0,179890.0,175010.0,176090.0,113828,68126
2022-07-01,171790.0,175200.0,162920.0,164990.0,139876,78854
2022-07-04,167010.0,171880.0,163940.0,166540.0,133053,72948
2022-07-05,170050.0,174000.0,167600.0,168790.0,113994,76810
2022-07-06,165400.0,170000.0,160510.0,169370.0,146380,80746
2022-07-07,167520.0,167990.0,158000.0,164230.0,157674,83048
2022-07-08,166400.0,169300.0,160540.0,160800.0,119388,78303
2022-07-11,160800.0,168860.0,159140.0,167680.0,138316,83663
2022-07-12,166850.0,172720.0,164890.0,166810.0,117717,77168
2022-07-13,167730.0,171450.0,165120.0,169850.0,123792,86533
2022-07-14,168000.0,168990.0,157330.0,158560.0,173837,89100
2022-07-15,158300.0,158300.0,142500.0,143430.0,171805,91187
2022-07-18,147000.0,154380.0,144620.0,153290.0,184291,86448
2022-07-19,155520.0,160300.0,152910.0,154880.0,137924,76281
2022-07-20,159900.0,166970.0,156080.0,165820.0,139159,81839
2022-07-21,165660.0,169000.0,164130.0,167420.0,122539,75327
2022-07-22,167420.0,170700.0,165100.0,168200.0,110232,74950
2022-07-25,168200.0,174940.0,167000.0,170680.0,105799,66573
2022-07-26,172800.0,181000.0,171130.0,180960.0,90176,58709
2022-07-27,180960.0,180960.0,170580.0,173060.0,88493,48023
2022-07-28,167660.0,171950.0,164020.0,169060.0,133107,81113
2022-07-29,168000.0,173980.0,164100.0,171490.0,132471,84268
2022-08-01,172100.0,183990.0,171760.0,180390.0,170562,96944
2022-08-02,182500.0,182500.0,173200.0,177460.0,136035,81252
2022-08-03,172810.0,175800.0,170890.0,174250.0,122941,82891
2022-08-04,174250.0,175200.0,170810.0,172280.0,102810,79507
2022-08-05,172000.0,179600.0,168090.0,177260.0,150529,93752
2022-08-08,174200.0,174900.0,168200.0,169820.0,143591,82161
2022-08-09,168900.0,169740.0,165500.0,168470.0,120483,83826
2022-08-10,167430.0,169950.0,164690.0,166060.0,105876,80348
2022-08-11,170000.0,178100.0,168700.0,177020.0,142529,92803
2022-08-12,178420.0,183500.0,178420.0,181200.0,111927,83116
2022-08-15,180000.0,180000.0,173000.0,174160.0,105486,78337
2022-08-16,170000.0,175480.0,169800.0,173600.0,88902,70787
2022-08-17,175890.0,177100.0,172050.0,172680.0,85152,66969
2022-08-18,173200.0,175320.0,169070.0,169670.0,99936,68503
2022-08-19,171200.0,172400.0,169260.0,171580.0,81537,58191
2022-08-22,170000.0,179440.0,169990.0,178500.0,90651,65093
2022-08-23,177800.0,178980.0,176200.0,177270.0,58992,52250
2022-08-24,171940.0,174640.0,167650.0,170920.0,114523,46398
2022-08-25,170500.0,175860.0,168120.0,175640.0,147952,58228
2022-08-26,174500.0,175260.0,172050.0,174200.0,129204,56462
2022-08-29,173870.0,177790.0,164110.0,165060.0,217543,57704
2022-08-30,165060.0,167040.0,162330.0,164960.0,152369,56756
2022-08-31,166190.0,172500.0,165940.0,170570.0,183710,56641
2022-09-01,170700.0,171790.0,163630.0,165020.0,192379,51548
2022-09-02,164500.0,164500.0,159000.0,161610.0,194257,50373
2022-09-05,161500.0,170970.0,160820.0,169570.0,214045,47968
2022-09-06,169800.0,175000.0,169800.0,174800.0,168191,57977
2022-09-07,174000.0,174280.0,170800.0,172330.0,118980,76773
2022-09-08,172830.0,177500.0,170440.0,175020.0,139584,76344
2022-09-09,174390.0,189680.0,173250.0,189000.0,170911,92242
2022-09-13,192210.0,198850.0,188380.0,191800.0,89319,81994
2022-09-14,194000.0,194000.0,186580.0,189000.0,128258,85407
2022-09-15,188430.0,194400.0,186940.0,189050.0,142880,82529
2022-09-16,185670.0,187970.0,183170.0,186860.0,122361,73993
2022-09-19,188990.0,198500.0,187400.0,189600.0,171747,84572
2022-09-20,191600.0,198600.0,190710.0,195010.0,131478,77822
2022-09-21,194410.0,202800.0,194400.0,202000.0,142179,84215
2022-09-22,198770.0,200750.0,192160.0,196800.0,163867,73641
2022-09-23,197840.0,198790.0,191800.0,192570.0,112320,60019
2022-09-26,187150.0,192400.0,185800.0,187500.0,110819,56731
2022-09-27,185500.0,189440.0,182520.0,187330.0,103973,42557
2022-09-28,185800.0,186600.0,179220.0,181900.0,83725,28429
2022-09-29,177340.0,183000.0,177000.0,180220.0,111186,69224
2022-09-30,184200.0,188220.0,182090.0,184370.0,127228,68332
2022-10-10,182640.0,183000.0,176250.0,179200.0,61776,59952
2022-10-11,180100.0,185490.0,180100.0,183600.0,95907,67381
2022-10-12,184310.0,184950.0,177010.0,179410.0,105099,61919
2022-10-13,178200.0,184730.0,177630.0,178910.0,127301,68638
2022-10-14,177000.0,186590.0,176000.0,185400.0,126238,66715
2022-10-17,183920.0,184210.0,179900.0,181810.0,113714,61565
2022-10-18,182000.0,182180.0,178300.0,180100.0,94313,57465
2022-10-19,179680.0,185100.0,179680.0,184310.0,102670,60796
2022-10-20,183120.0,189980.0,182120.0,188160.0,107257,64344
2022-10-21,188160.0,188650.0,181030.0,181400.0,103615,57736
2022-10-24,181700.0,188990.0,181180.0,187220.0,99389,57422
2022-10-25,186830.0,190590.0,185130.0,189160.0,79185,50528
2022-10-26,188500.0,191590.0,187120.0,189200.0,63889,44257
2022-10-27,188730.0,190480.0,185620.0,186960.0,57937,31316
2022-10-28,185500.0,188500.0,181000.0,182200.0,126187,75168
2022-10-31,183510.0,186100.0,177550.0,178900.0,135252,70390
2022-11-01,179500.0,191080.0,178000.0,189200.0,155950,86352
2022-11-02,189800.0,194450.0,187600.0,192220.0,124151,81922
2022-11-03,192820.0,195000.0,190210.0,191600.0,108925,82656
2022-11-04,190010.0,194500.0,188160.0,192310.0,131285,85231
2022-11-07,195210.0,198000.0,188610.0,190410.0,146164,84231
2022-11-08,188050.0,192780.0,188000.0,192190.0,105519,76464
2022-11-09,192780.0,194200.0,190100.0,192980.0,99934,79174
2022-11-10,193940.0,201700.0,193570.0,200750.0,147743,93742
2022-11-11,198840.0,208950.0,198160.0,206280.0,145814,89613
2022-11-14,206500.0,209000.0,199200.0,200570.0,149406,83407
2022-11-15,202000.0,207880.0,202000.0,206460.0,111952,74945
2022-11-16,208540.0,210800.0,204380.0,206370.0,107696,75483
2022-11-17,204820.0,205860.0,198580.0,202520.0,120132,65657
2022-11-18,201250.0,203150.0,196500.0,200200.0,95952,62278
2022-11-21,199380.0,201330.0,194220.0,197130.0,99034,59025
2022-11-22,196480.0,200960.0,195550.0,198230.0,79365,54995
2022-11-23,198990.0,203730.0,198000.0,198610.0,89847,57505
2022-11-24,198610.0,202790.0,196680.0,198360.0,74913,48086
2022-11-25,199220.0,201210.0,196390.0,199620.0,67876,40522
2022-11-28,199620.0,199710.0,192600.0,193250.0,67882,27316
2022-11-29,192000.0,196450.0,191000.0,194950.0,99041,72131
2022-11-30,197300.0,200700.0,196580.0,200190.0,103949,82535
2022-12-01,200010.0,203450.0,199040.0,202440.0,90844,78332
2022-12-02,202440.0,202860.0,200210.0,202320.0,78707,79014
2022-12-05,201370.0,211270.0,199100.0,207750.0,127059,89196
2022-12-06,206200.0,208550.0,204800.0,206700.0,76407,78294
2022-12-07,206700.0,211990.0,205500.0,207650.0,102013,83734
2022-12-08,208740.0,219800.0,208600.0,218810.0,126508,92162
2022-12-09,222000.0,224230.0,216220.0,221520.0,139109,88895
2022-12-12,220110.0,223840.0,216490.0,218040.0,109712,81458
2022-12-13,219070.0,225100.0,219070.0,224180.0,101904,84505
2022-12-14,219990.0,222220.0,217000.0,219700.0,114327,77812
2022-12-15,218810.0,219120.0,215030.0,217450.0,92111,70919
2022-12-16,218030.0,222920.0,213800.0,215610.0,106801,73807
2022-12-19,217860.0,219990.0,213360.0,213730.0,96989,64532
2022-12-20,213810.0,219700.0,211120.0,215280.0,87178,63413
2022-12-21,216780.0,217290.0,213600.0,215090.0,100643,59055
2022-12-22,217290.0,222800.0,214350.0,218960.0,158657,75979
2022-12-23,215950.0,218460.0,214510.0,217520.0,132789,71583
2022-12-26,217520.0,220500.0,216680.0,218690.0,113748,72116
2022-12-27,218440.0,228200.0,216580.0,227750.0,158178,84087
2022-12-28,226800.0,229960.0,225850.0,228250.0,111797,81368
2022-12-29,228800.0,231000.0,226260.0,228890.0,131224,80402
2022-12-30,227240.0,232290.0,226060.0,232000.0,157054,77678
2023-01-03,229800.0,229940.0,224810.0,228820.0,96517,71622
2023-01-04,232110.0,234870.0,229220.0,229420.0,149735,72586
2023-01-05,226900.0,226900.0,220000.0,220290.0,165081,63011
2023-01-06,220290.0,222110.0,207500.0,210200.0,270883,61693
2023-01-09,210220.0,214250.0,208940.0,212110.0,184630,54319
2023-01-10,209760.0,210650.0,204180.0,206020.0,196845,53844
2023-01-11,207560.0,210570.0,205320.0,209530.0,169833,48985
2023-01-12,208500.0,209970.0,200130.0,203530.0,159091,46542
2023-01-13,203580.0,210990.0,203580.0,208370.0,182743,37251
2023-01-16,208200.0,208450.0,200700.0,203250.0,155657,36222
2023-01-17,204600.0,207180.0,202200.0,204800.0,120813,28686
2023-01-18,203250.0,207180.0,201530.0,205670.0,104493,26459
2023-01-19,208100.0,215500.0,208000.0,214420.0,82695,24216
2023-01-20,210850.0,219290.0,209150.0,219240.0,100014,70830
2023-01-30,217700.0,222950.0,216040.0,219960.0,63872,68458
2023-01-31,220800.0,224140.0,219220.0,222540.0,87984,75841
2023-02-01,222000.0,226700.0,221200.0,225410.0,107360,79044
2023-02-02,224950.0,224960.0,215880.0,217980.0,131069,77954
2023-02-03,219110.0,223990.0,218930.0,221760.0,123365,79296
2023-02-06,220000.0,220170.0,210340.0,213610.0,143607,78042
2023-02-07,211800.0,212330.0,207560.0,209850.0,102432,69501
2023-02-08,208780.0,213460.0,206990.0,212370.0,109273,71197
2023-02-09,212360.0,213070.0,208280.0,210500.0,89223,63172
2023-02-10,209850.0,219600.0,209270.0,218560.0,140772,74862
2023-02-13,215280.0,216180.0,207120.0,208500.0,136890,65556
2023-02-14,207800.0,208470.0,205320.0,207190.0,91335,61066
2023-02-15,206600.0,210000.0,203830.0,205060.0,116618,63530
2023-02-16,204700.0,205530.0,202410.0,205000.0,89800,57598
2023-02-17,204200.0,207400.0,202510.0,203100.0,92956,59047
2023-02-20,203100.0,204500.0,200180.0,204500.0,84968,54073
2023-02-21,205000.0,211280.0,204860.0,210210.0,82926,49520
2023-02-22,211260.0,214130.0,207050.0,207050.0,84122,45212
2023-02-23,207200.0,208460.0,204320.0,205430.0,75308,37681
2023-02-24,203500.0,203900.0,199170.0,203370.0,66073,25468
2023-02-27,197410.0,199760.0,193920.0,194910.0,122365,77121
2023-02-28,197700.0,199480.0,196690.0,197930.0,106524,71679
2023-03-01,196370.0,196590.0,192020.0,195620.0,130601,80300
2023-03-02,195600.0,197300.0,187200.0,188180.0,156307,86550
2023-03-03,187610.0,188390.0,185200.0,187090.0,122393,81040
2023-03-06,188090.0,190980.0,187330.0,188620.0,111127,75865
2023-03-07,188620.0,191440.0,187630.0,188780.0,106660,74471
2023-03-08,189000.0,189980.0,185580.0,186830.0,129214,79923
2023-03-09,186500.0,189170.0,184600.0,186510.0,111131,70346
2023-03-10,185670.0,186790.0,179580.0,179670.0,131329,81812
2023-03-13,179670.0,181000.0,174070.0,178300.0,144138,75836
2023-03-14,177440.0,180040.0,175710.0,177570.0,118622,68929
2023-03-15,179300.0,179770.0,176120.0,176560.0,111078,68125
2023-03-16,176600.0,178750.0,171350.0,173890.0,134980,69047
2023-03-17,175180.0,178900.0,174310.0,175960.0,122735,62981
2023-03-20,175980.0,180400.0,174030.0,174860.0,111226,60016
2023-03-21,176000.0,177380.0,171880.0,173510.0,93319,57457
2023-03-22,174630.0,178070.0,172810.0,177310.0,90592,54758
2023-03-23,176890.0,177670.0,171500.0,173060.0,89780,53141
2023-03-24,173570.0,182770.0,172650.0,181410.0,116342,50001
2023-03-27,180360.0,184700.0,176130.0,177940.0,109039,39780
2023-03-28,179100.0,180170.0,176010.0,179060.0,112287,71936
2023-03-29,180100.0,183500.0,177400.0,179550.0,133207,75886
2023-03-30,180730.0,181500.0,175250.0,176580.0,133419,77466
2023-03-31,175800.0,177300.0,173210.0,174170.0,126312,79306
2023-04-03,176100.0,180980.0,175200.0,179900.0,156412,82398
2023-04-04,180450.0,181610.0,175220.0,176860.0,129427,73839
2023-04-06,174200.0,175660.0,172000.0,173350.0,80855,75475
2023-04-07,174330.0,179970.0,172930.0,179300.0,152671,83751
2023-04-10,177810.0,180880.0,176460.0,178530.0,134137,75938
2023-04-11,178310.0,180320.0,176000.0,180000.0,129386,81202
2023-04-12,180000.0,183800.0,179800.0,182460.0,144220,76178
2023-04-13,181640.0,183160.0,180360.0,181290.0,116848,73985
2023-04-14,183010.0,186800.0,182000.0,185250.0,141799,73567
2023-04-17,187060.0,191630.0,185120.0,189830.0,168420,71565
2023-04-18,190860.0,191150.0,185590.0,188720.0,141259,67471
2023-04-19,190360.0,197800.0,189790.0,195910.0,186684,75413
2023-04-20,193000.0,198880.0,192510.0,195680.0,142165,62750
2023-04-21,193030.0,193060.0,185030.0,185200.0,236912,86115
2023-04-24,185000.0,185980.0,180620.0,181900.0,229802,81951
2023-04-25,182440.0,185070.0,181280.0,183140.0,206051,83484
2023-04-26,181610.0,182280.0,176620.0,179570.0,242044,74187
2023-04-27,179860.0,181650.0,178420.0,179420.0,191043,68357
2023-04-28,179960.0,184600.0,179000.0,182320.0,208819,65877
2023-05-04,185020.0,189000.0,184450.0,187280.0,122634,68703
2023-05-05,187800.0,187840.0,181020.0,183260.0,209533,70650
2023-05-08,182700.0,187200.0,182420.0,185130.0,216911,69669
2023-05-09,185250.0,186490.0,179670.0,179710.0,205173,71654
2023-05-10,180450.0,180490.0,178000.0,179460.0,189071,72105
2023-05-11,177350.0,177920.0,169450.0,169580.0,299380,80266
2023-05-12,168960.0,169870.0,167110.0,168910.0,236500,75734
2023-05-15,170000.0,172550.0,169100.0,170850.0,221367,74977
2023-05-16,171000.0,171490.0,164040.0,165500.0,284423,75705
2023-05-17,165000.0,166630.0,162530.0,165300.0,250621,74013
2023-05-18,166310.0,168500.0,164120.0,165450.0,265369,66066
2023-05-19,165790.0,167320.0,161200.0,167300.0,279870,63568
2023-05-22,169000.0,169350.0,164010.0,166310.0,275331,56322
2023-05-23,167150.0,168730.0,162400.0,162500.0,231211,50296
2023-05-24,162560.0,167420.0,162050.0,167070.0,236305,41138
2023-05-25,166380.0,169490.0,162800.0,169080.0,235676,38451
2023-05-26,169680.0,170000.0,166230.0,168110.0,120285,34364
2023-05-29,163590.0,163700.0,158310.0,162140.0,212546,99825
2023-05-30,162140.0,167500.0,160300.0,163790.0,265675,100810
2023-05-31,163910.0,164530.0,155800.0,156100.0,288748,108001
2023-06-01,155000.0,159940.0,153050.0,159790.0,307207,102983
2023-06-02,159790.0,163450.0,158230.0,163060.0,244116,91226
2023-06-05,162500.0,162920.0,156380.0,158160.0,239356,98143
2023-06-06,158650.0,160800.0,157200.0,158590.0,203604,88214
2023-06-07,159500.0,162460.0,158720.0,159090.0,210385,92157
2023-06-08,159530.0,163200.0,158200.0,158980.0,233249,92060
2023-06-09,160270.0,162750.0,157210.0,162640.0,279110,96035
2023-06-12,163150.0,164660.0,161250.0,163500.0,240806,89131
2023-06-13,163490.0,164400.0,159140.0,161310.0,240617,88037
2023-06-14,162810.0,171430.0,162810.0,169950.0,285828,90875
2023-06-15,171370.0,173390.0,169620.0,171110.0,219789,80272
2023-06-16,172600.0,174340.0,171530.0,173320.0,199059,78845
2023-06-19,173640.0,173890.0,167540.0,168560.0,205481,68150
2023-06-20,168180.0,169490.0,167200.0,168410.0,130978,58709
2023-06-21,167170.0,169800.0,166500.0,167950.0,127970,52597
2023-06-26,165870.0,167490.0,162500.0,163500.0,83091,43962
2023-06-27,161100.0,162810.0,160360.0,162410.0,85703,32899
2023-06-28,159150.0,159900.0,157000.0,157910.0,130834,99330
2023-06-29,155370.0,157000.0,153700.0,155190.0,180860,108735
2023-06-30,155050.0,158550.0,154790.0,157500.0,169867,100072
2023-07-03,156800.0,160930.0,156600.0,159240.0,172854,101453
2023-07-04,158700.0,160110.0,158140.0,159500.0,136065,93867
2023-07-05,158950.0,159400.0,157000.0,158290.0,147482,99435
2023-07-06,158980.0,167080.0,158500.0,165760.0,270305,110809
2023-07-07,165000.0,166170.0,163350.0,163440.0,157139,92877
2023-07-10,162550.0,163300.0,160550.0,161030.0,151740,92554
2023-07-11,161260.0,164500.0,161260.0,164020.0,152813,85584
2023-07-12,162660.0,165410.0,162110.0,165090.0,153649,91108
2023-07-13,165500.0,169860.0,165500.0,166890.0,192216,94633
2023-07-14,166890.0,168350.0,165110.0,166200.0,171285,86549
2023-07-17,168240.0,170770.0,164600.0,165080.0,220512,92241
2023-07-18,164330.0,164980.0,161130.0,164810.0,166753,80536
2023-07-19,163470.0,167460.0,163080.0,165370.0,160433,78753
2023-07-20,165500.0,171460.0,165250.0,170490.0,199501,81128
2023-07-21,170900.0,171760.0,167890.0,170530.0,159577,74566
2023-07-24,169040.0,171490.0,167300.0,168910.0,169974,70119
2023-07-25,168400.0,172600.0,168400.0,170930.0,159002,60741
2023-07-26,171470.0,174220.0,170390.0,172990.0,139856,46598
2023-07-27,171600.0,173250.0,169020.0,170180.0,108283,32055
2023-07-28,168940.0,170500.0,168120.0,170460.0,165702,98054
2023-07-31,171250.0,173470.0,170540.0,172260.0,192087,99553
2023-08-01,172000.0,173920.0,170450.0,171270.0,182926,89813
2023-08-02,172000.0,173200.0,171420.0,172020.0,148287,90896
2023-08-03,170360.0,170360.0,166820.0,167580.0,184068,92342
2023-08-04,168080.0,171850.0,167800.0,169970.0,159681,86513
2023-08-07,168110.0,168180.0,165480.0,166080.0,154592,85795
2023-08-08,167000.0,167630.0,165870.0,165940.0,110331,75622
2023-08-09,164600.0,166600.0,164000.0,166580.0,106043,77076
2023-08-10,164500.0,165260.0,163040.0,163950.0,125729,76423
2023-08-11,164030.0,165670.0,163550.0,165280.0,104503,69193
2023-08-14,163000.0,167000.0,162630.0,164710.0,133040,72916
2023-08-15,163050.0,165450.0,162030.0,164980.0,125621,64670
2023-08-16,163330.0,164270.0,161230.0,162300.0,110446,65901
2023-08-17,163200.0,165300.0,163040.0,164960.0,112493,57804
2023-08-18,166380.0,168720.0,166260.0,167170.0,98590,57899
2023-08-21,166440.0,167970.0,166020.0,166620.0,93953,50385
2023-08-22,167100.0,169840.0,166410.0,169340.0,87439,46354
2023-08-23,168900.0,169480.0,167200.0,168590.0,150856,67203
2023-08-24,169270.0,170490.0,167820.0,167980.0,177013,67395
2023-08-25,167980.0,170270.0,167500.0,169500.0,168804,69664
2023-08-28,169490.0,171000.0,167230.0,169490.0,206494,66122
2023-08-29,167070.0,167780.0,164040.0,164950.0,153118,62067
2023-08-30,164950.0,165990.0,164630.0,165800.0,126168,61388
2023-08-31,165300.0,166800.0,163510.0,164840.0,170845,63245
2023-09-01,164410.0,168460.0,163470.0,168200.0,182314,62738
2023-09-04,169780.0,173770.0,168700.0,170710.0,257995,66919
2023-09-05,170000.0,171850.0,168640.0,171800.0,168520,65493
2023-09-06,172000.0,173980.0,171050.0,171860.0,158934,66036
2023-09-07,170210.0,170900.0,166600.0,167620.0,203511,63250
2023-09-08,167890.0,168220.0,165400.0,166220.0,143842,57413
2023-09-11,165950.0,167280.0,165200.0,166450.0,137299,58847
2023-09-12,166450.0,167280.0,162020.0,162170.0,182309,62268
2023-09-13,162990.0,163130.0,160630.0,161600.0,140385,61222
2023-09-14,161190.0,162360.0,159390.0,162300.0,154134,57225
2023-09-15,163090.0,163630.0,161820.0,162800.0,119759,52921
2023-09-18,162100.0,163000.0,160260.0,162900.0,152595,50979
2023-09-19,162250.0,162730.0,160010.0,161670.0,123588,48971
2023-09-20,161500.0,165870.0,160950.0,163540.0,168645,39539
2023-09-21,162270.0,162720.0,157480.0,157480.0,188519,43290
2023-09-22,156600.0,157900.0,156010.0,157210.0,133076,35129
2023-09-25,157210.0,159280.0,157210.0,158160.0,118371,27175
2023-09-26,156690.0,157640.0,155100.0,155200.0,177053,73462
2023-09-27,154800.0,155000.0,149610.0,149990.0,209546,85435
2023-09-28,151520.0,153950.0,150820.0,151910.0,194947,70197
2023-10-09,150370.0,151680.0,148000.0,150990.0,101200,69478
2023-10-10,151970.0,153880.0,151300.0,151650.0,175014,63849
2023-10-11,151190.0,151800.0,149110.0,150710.0,168410,67903
2023-10-12,149950.0,152630.0,147400.0,152330.0,194997,67082
2023-10-13,152330.0,153550.0,150400.0,151220.0,137013,66202
2023-10-16,151820.0,153650.0,151020.0,152380.0,171411,65864
2023-10-17,152980.0,153260.0,149430.0,149760.0,175774,69382
2023-10-18,149760.0,151800.0,148970.0,149530.0,163206,65984
2023-10-19,150210.0,152200.0,148660.0,148920.0,178592,67393
2023-10-20,149680.0,151670.0,145230.0,146000.0,224074,69117
2023-10-23,148170.0,149700.0,147440.0,148710.0,174582,53740
2023-10-24,148200.0,148780.0,145750.0,147560.0,170594,52036
2023-10-25,146500.0,149060.0,146300.0,147900.0,134346,44159
2023-10-26,148980.0,148980.0,145880.0,146990.0,128298,33932
2023-10-27,146700.0,147280.0,144820.0,145960.0,85130,27714
2023-10-30,146750.0,146980.0,145740.0,146470.0,146210,77025
2023-10-31,147300.0,147430.0,142620.0,143580.0,210998,89760
2023-11-01,143470.0,143500.0,140200.0,140640.0,185689,98619
2023-11-02,141370.0,142840.0,140550.0,140830.0,155463,95911
2023-11-03,141570.0,143460.0,141110.0,142830.0,187517,86535
2023-11-06,142830.0,143860.0,141700.0,142840.0,166812,83216
2023-11-07,143110.0,143680.0,140920.0,141450.0,183071,90968
2023-11-08,140470.0,141440.0,137000.0,141240.0,249577,91380
2023-11-09,140330.0,142820.0,140320.0,142270.0,182952,80711
2023-11-10,141450.0,142660.0,139320.0,140280.0,197842,85308
2023-11-13,139110.0,140250.0,136600.0,139660.0,274382,90187
2023-11-14,138430.0,139750.0,137300.0,138270.0,203570,87052
2023-11-15,138710.0,139910.0,138200.0,139300.0,194964,82159
2023-11-16,139220.0,139840.0,137600.0,138810.0,200550,80232
2023-11-17,138000.0,138470.0,135010.0,136290.0,219427,83428
2023-11-20,135780.0,136700.0,134220.0,134950.0,188385,79698
2023-11-21,134950.0,135730.0,132370.0,132510.0,215421,75013
2023-11-22,132510.0,133980.0,129080.0,129410.0,213933,64775
2023-11-23,129730.0,130550.0,126440.0,127720.0,210061,55185
2023-11-24,128100.0,130190.0,127570.0,129150.0,157497,40035
2023-11-27,127500.0,127500.0,121880.0,122780.0,377701,119789
2023-11-28,123400.0,129850.0,122710.0,129160.0,429883,105652
2023-11-29,129160.0,132680.0,128010.0,131110.0,443479,99042
2023-11-30,131590.0,134670.0,130260.0,131210.0,463346,97087
2023-12-01,130000.0,131760.0,128020.0,129380.0,426868,95936
2023-12-04,131380.0,132170.0,127080.0,128460.0,429899,97124
2023-12-05,128140.0,129640.0,125010.0,125120.0,341113,97782
2023-12-06,125250.0,130840.0,123200.0,130550.0,436397,93548
2023-12-07,129810.0,131760.0,126380.0,130540.0,359487,113125
2023-12-08,129350.0,135450.0,127710.0,133820.0,424314,107304
2023-12-11,133530.0,134760.0,130520.0,132060.0,295767,99025
2023-12-12,131090.0,132880.0,129310.0,131800.0,243789,97142
2023-12-13,131320.0,133170.0,128790.0,130400.0,276959,97770
2023-12-14,130000.0,132960.0,129980.0,132130.0,217040,86873
2023-12-15,134280.0,134500.0,130770.0,132080.0,209322,90818
2023-12-18,133540.0,134200.0,132230.0,133390.0,210342,83682
2023-12-19,132820.0,133090.0,128510.0,131070.0,193523,78604
2023-12-20,132000.0,132880.0,130150.0,131200.0,185166,75452
2023-12-21,131060.0,132000.0,128310.0,129830.0,184619,70466
2023-12-22,130990.0,132580.0,130210.0,130740.0,170792,61014
2023-12-25,130740.0,131780.0,127230.0,130900.0,156725,52621
2023-12-26,130970.0,132000.0,129100.0,129140.0,199255,99432
2023-12-27,129000.0,130600.0,128550.0,129550.0,207551,101527
2023-12-28,129650.0,131370.0,128860.0,129510.0,239332,99868
2023-12-29,129180.0,129930.0,125120.0,125210.0,234264,116347
2024-01-02,125640.0,128060.0,125350.0,127510.0,95576,104829
2024-01-03,128010.0,128980.0,127030.0,128090.0,151673,102473
2024-01-04,126850.0,127690.0,124280.0,125400.0,188111,114277
2024-01-05,125400.0,125650.0,122750.0,123540.0,169874,120384
2024-01-08,123300.0,125470.0,123110.0,124450.0,160545,113302
2024-01-09,124380.0,126380.0,123500.0,125750.0,172750,103590
2024-01-10,125110.0,125550.0,124300.0,124920.0,135475,101743
2024-01-11,124700.0,129380.0,124600.0,128970.0,193673,96071
2024-01-12,128700.0,129720.0,128230.0,129420.0,138013,81679
2024-01-15,128760.0,129020.0,126210.0,127200.0,142052,85292
2024-01-16,126680.0,128000.0,126020.0,126850.0,117260,80044
2024-01-17,127300.0,128460.0,126520.0,127030.0,125543,77420
2024-01-18,126000.0,128500.0,125610.0,128260.0,136514,72522
2024-01-19,127780.0,129300.0,127330.0,127950.0,114920,66320
2024-01-22,127750.0,128500.0,125280.0,125940.0,118246,66705
2024-01-23,126520.0,130060.0,125750.0,129650.0,121429,50398
2024-01-24,130000.0,130430.0,128700.0,129780.0,149788,84787
2024-01-25,130370.0,130880.0,129030.0,129720.0,157162,83879
2024-01-26,130330.0,132130.0,129810.0,130400.0,230299,84038
2024-01-29,131200.0,132350.0,128790.0,129280.0,209209,80587
2024-01-30,129800.0,129800.0,126760.0,127190.0,191432,84426
2024-01-31,127000.0,127880.0,126280.0,126990.0,159207,83836
2024-02-01,127530.0,127600.0,125780.0,126240.0,176062,88064
2024-02-02,126320.0,127300.0,125600.0,126430.0,156984,84894
2024-02-05,126870.0,127140.0,122000.0,124860.0,227740,90876
2024-02-06,124860.0,125640.0,123760.0,124960.0,157341,87278
2024-02-07,123860.0,124750.0,123620.0,124050.0,131406,84655
2024-02-08,125720.0,126500.0,124120.0,126250.0,123369,68706
2024-02-19,126650.0,127200.0,125480.0,125900.0,58759,68616
2024-02-20,126850.0,127880.0,126360.0,126570.0,104262,64805
2024-02-21,126630.0,128680.0,126030.0,128280.0,130207,59228
2024-02-22,128650.0,131470.0,128400.0,131320.0,165182,51856
2024-02-23,132230.0,136640.0,132230.0,135620.0,231379,44343
2024-02-26,136000.0,136190.0,132450.0,132730.0,178706,31523
2024-02-27,133830.0,134470.0,132010.0,134210.0,224497,111271
2024-02-28,135000.0,136660.0,134270.0,134290.0,316769,119195
2024-02-29,134500.0,138660.0,134000.0,137710.0,415432,133747
2024-03-01,138180.0,138660.0,136760.0,137070.0,346666,136268
2024-03-04,135500.0,139040.0,135000.0,136620.0,400769,134693
2024-03-05,138000.0,138470.0,136240.0,136420.0,274653,133503
2024-03-06,137260.0,137470.0,133630.0,135240.0,334861,133718
2024-03-07,135950.0,136660.0,135030.0,136120.0,249048,133244
2024-03-08,137410.0,138500.0,136610.0,138480.0,283336,137210
2024-03-11,138810.0,138950.0,136110.0,137640.0,277511,132291
2024-03-12,138330.0,142000.0,137870.0,140290.0,454148,139497
2024-03-13,140800.0,142860.0,139680.0,142050.0,405276,144479
2024-03-14,141420.0,143100.0,139960.0,140280.0,441342,142858
2024-03-15,140230.0,142080.0,139350.0,141870.0,361918,140807
2024-03-18,142030.0,142220.0,139050.0,139950.0,412264,143544
2024-03-19,139600.0,140930.0,137030.0,137460.0,397256,142685
2024-03-20,137000.0,138070.0,135400.0,136560.0,323881,135141
2024-03-21,136360.0,138190.0,135660.0,137980.0,312534,133256
2024-03-22,137600.0,137800.0,134210.0,134710.0,319158,127925
2024-03-25,135110.0,135910.0,133000.0,133330.0,276110,122710
2024-03-26,132880.0,133940.0,131330.0,131780.0,255134,121021
2024-03-27,131430.0,131930.0,128650.0,129510.0,308964,119772
2024-03-28,128990.0,130790.0,128600.0,130530.0,265979,117198
2024-03-29,130810.0,131320.0,129620.0,130920.0,225647,110354
2024-04-01,131190.0,131680.0,129050.0,131600.0,225854,107817
2024-04-02,130850.0,133360.0,130840.0,132590.0,253352,102183
2024-04-03,133430.0,134380.0,132600.0,133450.0,249948,92787
2024-04-08,135870.0,137540.0,133850.0,136620.0,189877,90380
2024-04-09,137630.0,138330.0,135680.0,137090.0,222839,85742
2024-04-10,138500.0,139950.0,137950.0,139680.0,273596,81592
2024-04-11,141970.0,142000.0,138700.0,139610.0,286638,75201
2024-04-12,138820.0,138990.0,136170.0,138250.0,284160,71288
2024-04-15,138300.0,140850.0,135060.0,139240.0,340848,66135
2024-04-16,138250.0,138660.0,134120.0,134540.0,279670,57583
2024-04-17,134890.0,136380.0,133780.0,136100.0,184585,54981
2024-04-18,136790.0,138300.0,136200.0,138270.0,160258,53384
2024-04-19,138170.0,141160.0,135760.0,140910.0,190511,46041
2024-04-22,143400.0,148270.0,142500.0,143580.0,428973,106773
2024-04-23,144110.0,146840.0,140800.0,140970.0,472233,104054
2024-04-24,139970.0,143360.0,139130.0,142990.0,307135,100172
2024-04-25,143000.0,143890.0,141070.0,143820.0,269417,96926
2024-04-26,143940.0,145920.0,142060.0,145870.0,269520,99522
2024-04-29,145000.0,145580.0,141860.0,142850.0,291042,100654
2024-04-30,143140.0,146460.0,142300.0,143140.0,270739,95566
2024-05-06,143530.0,145570.0,142500.0,145040.0,122479,91765
2024-05-07,145800.0,146800.0,143410.0,144170.0,221659,98178
2024-05-08,143580.0,144720.0,140650.0,141190.0,221666,98025
2024-05-09,140460.0,142470.0,140160.0,141770.0,168181,90022
2024-05-10,141790.0,144800.0,141700.0,144760.0,207668,85095
2024-05-13,143920.0,144520.0,142000.0,143510.0,207092,79961
2024-05-14,143880.0,145650.0,142700.0,144460.0,199212,80017
2024-05-15,144460.0,145880.0,142280.0,144380.0,215865,78586
2024-05-16,144870.0,147460.0,144300.0,146620.0,240731,78605
2024-05-17,146620.0,154690.0,145950.0,153460.0,348541,82357
2024-05-20,155010.0,159800.0,154230.0,157390.0,335163,75518
2024-05-21,156600.0,160500.0,154810.0,157810.0,293344,63713
2024-05-22,158980.0,159910.0,155540.0,157410.0,219479,60133
2024-05-23,154850.0,155660.0,150900.0,151410.0,208158,50313
2024-05-24,151510.0,153840.0,150530.0,152780.0,170966,45263
2024-05-27,151990.0,154140.0,151700.0,152930.0,110830,34145
2024-05-28,153980.0,156800.0,153320.0,154880.0,98409,26657
2024-05-29,155660.0,157150.0,153210.0,156410.0,196286,90854
2024-05-30,155010.0,155850.0,150720.0,151400.0,254279,97020
2024-05-31,151000.0,151780.0,148820.0,151650.0,228955,91006
2024-06-03,151650.0,152990.0,146030.0,147430.0,244756,90396
2024-06-04,147110.0,147900.0,145110.0,146580.0,201997,86369
2024-06-05,145000.0,145400.0,142000.0,142000.0,194730,87637
2024-06-06,141500.0,143300.0,140140.0,142920.0,236541,83880
2024-06-07,142280.0,144390.0,141810.0,142770.0,189548,79673
2024-06-11,140000.0,141690.0,138620.0,139610.0,111899,78043
2024-06-12,138880.0,140610.0,138050.0,139770.0,159100,76665
2024-06-13,140310.0,141180.0,136680.0,138520.0,191136,76743
2024-06-14,138520.0,138680.0,136130.0,137010.0,170514,74187
2024-06-17,136000.0,137630.0,135010.0,135170.0,203129,74513
2024-06-18,135000.0,136650.0,133750.0,133810.0,175668,76128
2024-06-19,133160.0,134580.0,132810.0,134470.0,168034,71007
2024-06-20,134300.0,135950.0,134150.0,135400.0,177856,70371
2024-06-21,135020.0,136530.0,133500.0,133510.0,153107,64627
2024-06-24,132950.0,135360.0,132830.0,134050.0,144319,56627
2024-06-25,134500.0,135780.0,133750.0,135550.0,133949,46604
2024-06-26,134310.0,136300.0,132470.0,136040.0,127495,38914
2024-06-27,135800.0,135900.0,133840.0,134110.0,78327,25952
2024-06-28,135140.0,136470.0,134310.0,135480.0,161026,108893
2024-07-01,135600.0,137870.0,134800.0,137000.0,186939,112098
2024-07-02,137600.0,138200.0,137010.0,138020.0,148889,113332
2024-07-03,138480.0,138510.0,136100.0,137880.0,188281,119951
2024-07-04,139280.0,139380.0,137050.0,137590.0,171697,113204
2024-07-05,137590.0,138500.0,136110.0,138090.0,196633,117533
2024-07-08,138500.0,139110.0,137300.0,138610.0,217752,119625
2024-07-09,138320.0,139380.0,136380.0,137430.0,201010,115593
2024-07-10,136570.0,137070.0,133600.0,133740.0,189572,124489
2024-07-11,134030.0,134790.0,133310.0,133880.0,147844,122210
2024-07-12,134960.0,135200.0,132140.0,135010.0,201019,124809
2024-07-15,135410.0,135430.0,133740.0,134330.0,158279,116436
2024-07-16,133820.0,134240.0,132890.0,133980.0,128851,117791
2024-07-17,133070.0,133490.0,131640.0,131810.0,160294,127381
2024-07-18,132030.0,132240.0,129890.0,130740.0,143199,128932
2024-07-19,130020.0,131430.0,129980.0,130170.0,147394,127526
2024-07-22,129420.0,130080.0,128100.0,128610.0,150737,127730
2024-07-23,128460.0,129200.0,127700.0,127980.0,128163,123893
2024-07-24,128000.0,129310.0,127430.0,128530.0,150552,124791
2024-07-25,128140.0,128290.0,124030.0,124550.0,190131,130007
2024-07-26,124810.0,127360.0,124800.0,126700.0,153557,114758
2024-07-29,126240.0,128000.0,126070.0,127260.0,134751,109798
2024-07-30,127250.0,128180.0,126560.0,126650.0,140727,107354
2024-07-31,126630.0,132170.0,126560.0,131840.0,237141,115761
2024-08-01,132530.0,133960.0,131720.0,132250.0,184136,98339
2024-08-02,131530.0,131750.0,129500.0,130990.0,157975,96133
2024-08-05,131380.0,132160.0,128460.0,128580.0,168803,95736
2024-08-06,127970.0,129770.0,127700.0,128710.0,134752,88928
2024-08-07,128710.0,130560.0,128640.0,129200.0,123324,85897
2024-08-08,128860.0,129180.0,126710.0,127180.0,120683,88099
2024-08-09,127790.0,131770.0,127440.0,130900.0,156872,84430
2024-08-12,130870.0,130990.0,127320.0,128310.0,136279,82961
2024-08-13,128320.0,129920.0,127120.0,128330.0,129464,80364
2024-08-14,128660.0,129350.0,126360.0,127240.0,136445,80222
2024-08-15,128090.0,129900.0,127420.0,129450.0,168600,79199
2024-08-16,129910.0,130280.0,127800.0,127920.0,139255,74613
2024-08-19,127400.0,130500.0,127110.0,130360.0,133034,71841
2024-08-20,130500.0,131000.0,129160.0,129320.0,113365,63330
2024-08-21,130740.0,131700.0,129920.0,131550.0,115928,62873
2024-08-22,131330.0,131550.0,128200.0,128700.0,111166,56459
2024-08-23,128950.0,131000.0,128060.0,130720.0,86270,47010
2024-08-26,130200.0,131500.0,129410.0,131350.0,146997,73023
2024-08-27,131350.0,132680.0,130980.0,132030.0,154738,73799
2024-08-28,132760.0,132960.0,130690.0,131110.0,138449,72036
2024-08-29,130620.0,132240.0,130500.0,131760.0,111770,69031
2024-08-30,131500.0,132290.0,131020.0,131510.0,128200,74150
2024-09-02,131280.0,131330.0,127500.0,127760.0,175944,84925
2024-09-03,128010.0,129420.0,127900.0,128810.0,112086,77270
2024-09-04,128160.0,128450.0,125260.0,125500.0,155125,82512
2024-09-05,125500.0,126450.0,123450.0,123450.0,141948,83527
2024-09-06,123680.0,124770.0,122100.0,123920.0,149321,82031
2024-09-09,124160.0,124350.0,121400.0,122800.0,155487,81881
2024-09-10,122240.0,122440.0,121000.0,121610.0,137015,83598
2024-09-11,121490.0,123300.0,119300.0,123030.0,178729,78176
2024-09-12,122800.0,125090.0,121900.0,124300.0,166842,72900
2024-09-13,124420.0,124870.0,123530.0,124110.0,126338,66137
2024-09-18,124410.0,125280.0,123040.0,124370.0,80408,64915
2024-09-19,124620.0,126120.0,123420.0,125920.0,129182,62713
2024-09-20,125500.0,126170.0,124780.0,125350.0,118038,57354
2024-09-23,125930.0,126390.0,124230.0,124830.0,130079,48999
2024-09-24,125050.0,127070.0,124990.0,126690.0,114412,38134
2024-09-25,126880.0,129130.0,126800.0,127560.0,102104,29723
2024-09-26,128190.0,129200.0,127550.0,128540.0,69795,18812
2024-09-27,129050.0,129590.0,128040.0,129360.0,134442,63988
2024-09-30,129360.0,132970.0,128550.0,132900.0,169623,67205
2024-10-08,138210.0,138800.0,132970.0,133020.0,108233,62599
2024-10-09,133980.0,135960.0,133720.0,135080.0,147683,62310
2024-10-10,133590.0,133600.0,131280.0,132330.0,144558,60667
2024-10-11,133700.0,134760.0,133000.0,134450.0,112905,57831
2024-10-14,135690.0,136340.0,134020.0,134610.0,115274,55300
2024-10-15,134310.0,134700.0,132550.0,132680.0,103341,52943
2024-10-16,132660.0,133870.0,132350.0,132550.0,93125,50205
2024-10-17,133050.0,133950.0,128400.0,128550.0,129487,50607
2024-10-18,128170.0,129830.0,127860.0,128750.0,99398,47747
2024-10-21,129310.0,130900.0,127880.0,130720.0,88243,43438
2024-10-22,129720.0,130030.0,126010.0,127310.0,111478,37947
2024-10-23,127480.0,127480.0,125660.0,126000.0,83276,35263
2024-10-24,125000.0,126700.0,125000.0,126410.0,67773,30911
2024-10-25,126480.0,127200.0,125820.0,125870.0,62639,27657
2024-10-28,125480.0,126880.0,125480.0,126400.0,94004,69165
2024-10-29,125700.0,126030.0,123750.0,123890.0,123080,80681
2024-10-30,124300.0,125120.0,123600.0,124690.0,100282,76299
2024-10-31,124400.0,124680.0,123210.0,123840.0,98229,79767
2024-11-01,123720.0,124310.0,122270.0,124050.0,109613,76838
2024-11-04,125310.0,125900.0,124070.0,124720.0,115612,78580
2024-11-05,124210.0,124620.0,123660.0,124520.0,88239,79832
2024-11-06,124760.0,127600.0,124110.0,124460.0,205528,75781
2024-11-07,124220.0,127500.0,124110.0,127260.0,125433,70680
2024-11-08,127960.0,130470.0,127660.0,129580.0,183114,67340
2024-11-11,128200.0,129920.0,127120.0,128040.0,143564,61543
2024-11-12,127300.0,128460.0,125920.0,126760.0,118127,59320
2024-11-13,126500.0,127380.0,124810.0,125870.0,110545,59472
2024-11-14,125250.0,125640.0,124500.0,124880.0,122080,59828
2024-11-15,124010.0,124330.0,122800.0,123140.0,135634,61110
2024-11-18,123900.0,125310.0,122110.0,124710.0,134167,56071
2024-11-19,124350.0,126180.0,123220.0,125360.0,109334,50290
2024-11-20,125880.0,127100.0,125250.0,126760.0,93170,45531
2024-11-21,127290.0,128050.0,126420.0,127760.0,75535,42867
2024-11-22,127710.0,127750.0,124600.0,125090.0,99182,35752
2024-11-25,125770.0,127580.0,125630.0,126950.0,81072,27696
2024-11-26,127460.0,128990.0,127410.0,127510.0,136435,74219
2024-11-27,127710.0,127940.0,125260.0,126520.0,120759,72997
2024-11-28,126280.0,127480.0,125210.0,127000.0,124038,71904
2024-11-29,127150.0,128170.0,125540.0,126010.0,142713,73479
2024-12-02,126010.0,126700.0,124450.0,125690.0,129915,75122
2024-12-03,124880.0,126150.0,124060.0,126010.0,121919,77116
2024-12-04,126920.0,128460.0,126550.0,127890.0,156804,74829
2024-12-05,127630.0,127830.0,124880.0,125070.0,133917,73161
2024-12-06,125180.0,126380.0,124440.0,126320.0,101962,74434
2024-12-09,126520.0,127990.0,126410.0,127000.0,121618,70563
2024-12-10,127000.0,128020.0,125970.0,126820.0,128370,68350
2024-12-11,126160.0,126510.0,124820.0,125590.0,125468,71642
2024-12-12,125850.0,129660.0,125480.0,129610.0,178586,69275
2024-12-13,129760.0,129980.0,128470.0,129110.0,153761,65298
2024-12-16,128500.0,128840.0,125960.0,126510.0,143873,56657
2024-12-17,126190.0,127060.0,124200.0,124200.0,119928,58213
2024-12-18,124570.0,125280.0,123300.0,123670.0,109369,57785
2024-12-19,123600.0,124480.0,122640.0,122830.0,113894,53910
2024-12-20,122120.0,123000.0,121800.0,122410.0,95217,51836
2024-12-23,122360.0,125480.0,122320.0,125180.0,95996,82631
2024-12-24,124800.0,125290.0,123830.0,125100.0,75373,83170
2024-12-25,125300.0,126170.0,125040.0,125330.0,93136,83417
2024-12-26,125400.0,126720.0,124720.0,126490.0,110277,80961
2024-12-27,126720.0,126930.0,124700.0,124800.0,115175,77758
2024-12-30,124000.0,125370.0,123400.0,124820.0,121520,78598
2024-12-31,125620.0,125650.0,123870.0,124750.0,114267,78312
2025-01-02,124500.0,125090.0,123500.0,123820.0,90325,79893
2025-01-03,122950.0,123860.0,122270.0,122640.0,127433,86042
2025-01-06,122200.0,123980.0,120400.0,122260.0,209766,83996
2025-01-07,123500.0,124200.0,122530.0,122720.0,114735,80385
2025-01-08,123320.0,125600.0,123100.0,125230.0,159739,68527
2025-01-09,125000.0,125780.0,123840.0,125510.0,125801,62512
2025-01-10,125300.0,126070.0,124650.0,125480.0,108158,58927
2025-01-13,126200.0,127740.0,125730.0,127700.0,137353,57897
2025-01-14,127830.0,128420.0,127240.0,127680.0,104287,54991
2025-01-15,127800.0,128450.0,127070.0,127920.0,46543,63600
2025-01-16,127800.0,129100.0,127150.0,128970.0,60337,70585
2025-01-17,129000.0,129050.0,127800.0,128490.0,52482,70807
2025-01-20,129310.0,129460.0,126650.0,126900.0,80057,69722
2025-01-21,126600.0,129000.0,126600.0,128430.0,67693,72392
2025-01-22,128500.0,128540.0,126370.0,126750.0,83524,74337
2025-01-23,126460.0,126550.0,123880.0,124150.0,126236,82460
2025-01-24,124540.0,124600.0,123220.0,123710.0,103935,79135
2025-01-27,124000.0,125060.0,123410.0,124150.0,88630,70645
2025-02-05,123300.0,123930.0,122610.0,123240.0,70496,77301
2025-02-06,123010.0,127430.0,123010.0,127400.0,141863,69601
2025-02-07,126910.0,127670.0,126710.0,127190.0,109256,67144
2025-02-10,127190.0,127950.0,126320.0,127680.0,123064,66297
2025-02-11,127510.0,127560.0,124400.0,124760.0,132795,67341
2025-02-12,123870.0,124970.0,123770.0,124550.0,89644,65475
2025-02-13,124030.0,124930.0,124010.0,124280.0,86878,67885
2025-02-14,123660.0,125080.0,123000.0,124690.0,117438,66157
2025-02-17,125080.0,125210.0,123260.0,123860.0,101987,65757
2025-02-18,124000.0,124980.0,124000.0,124160.0,43691,73953
2025-02-19,124100.0,124820.0,123650.0,124220.0,42261,79281
2025-02-20,123720.0,126720.0,123720.0,126490.0,76824,76927
2025-02-21,127090.0,127090.0,124100.0,124400.0,81310,84188
2025-02-24,124580.0,126340.0,124510.0,125940.0,98726,88783
2025-02-25,125590.0,125760.0,124010.0,124350.0,108690,105646
2025-02-26,124000.0,124670.0,123600.0,124130.0,113228,115635
2025-02-27,124620.0,125800.0,124470.0,125570.0,166531,107081
2025-02-28,126470.0,127820.0,126070.0,126650.0,202741,107477
2025-03-03,126540.0,127370.0,124800.0,127090.0,175304,105732
2025-03-04,127600.0,129150.0,126740.0,127210.0,223556,112584
2025-03-05,128090.0,128900.0,127360.0,128850.0,185838,119356
2025-03-06,128500.0,128890.0,126880.0,128390.0,190514,118742
2025-03-07,129200.0,131770.0,129020.0,129550.0,333967,134909
2025-03-10,130000.0,132960.0,129720.0,132680.0,338709,151450
2025-03-11,133610.0,134250.0,130800.0,132990.0,296957,148447
2025-03-12,132500.0,133690.0,131630.0,133680.0,254243,154135
2025-03-13,134890.0,134960.0,132530.0,133310.0,195893,153708
2025-03-14,132500.0,135960.0,132200.0,133660.0,371276,157877
2025-03-17,134200.0,134380.0,132350.0,133900.0,231286,153518
2025-03-18,133860.0,133860.0,128830.0,129490.0,324416,133490
2025-03-19,130240.0,131850.0,129260.0,131660.0,222966,132180
2025-03-20,132360.0,132640.0,128130.0,129670.0,329554,112365
2025-03-21,130090.0,130650.0,128800.0,129190.0,245247,111607
2025-03-24,129500.0,130320.0,128640.0,129950.0,208366,110564
2025-03-25,129300.0,129480.0,128250.0,129220.0,190892,109887
2025-03-26,129180.0,131150.0,128700.0,129670.0,260865,109402
2025-03-27,129810.0,131080.0,129400.0,130030.0,197474,108101
2025-03-28,130480.0,132170.0,129540.0,131600.0,249977,106286
2025-03-31,131920.0,132270.0,128480.0,129220.0,271455,99966
2025-04-01,128590.0,130630.0,120000.0,130360.0,212827,90488
2025-04-02,129800.0,130120.0,128720.0,129460.0,182352,89600
2025-04-03,129140.0,129370.0,127180.0,127330.0,184999,89599
2025-04-07,115450.0,121670.0,115450.0,118640.0,261277,84686
2025-04-08,118110.0,120080.0,117880.0,119280.0,261743,80225
2025-04-09,118820.0,119810.0,117400.0,118950.0,260036,77096
2025-04-10,117000.0,121640.0,116880.0,121600.0,265141,75758
2025-04-11,121880.0,121890.0,120060.0,121300.0,170331,71047
2025-04-14,123350.0,123790.0,122110.0,123090.0,173645,67260
2025-04-15,123480.0,124420.0,122710.0,124240.0,142349,64226
2025-04-16,124850.0,125690.0,123850.0,124140.0,164679,57317
2025-04-17,125000.0,126400.0,124720.0,126030.0,146631,52838
2025-04-18,126000.0,126450.0,125040.0,125740.0,73489,58436
2025-04-21,125380.0,126530.0,124780.0,126020.0,73412,57402
2025-04-22,126020.0,126270.0,125020.0,125620.0,70049,57505
2025-04-23,125930.0,126650.0,125320.0,126320.0,99311,60210
2025-04-24,126080.0,126850.0,124910.0,125770.0,151901,66699
2025-04-25,126130.0,126360.0,125110.0,125800.0,167402,66380
2025-04-28,125250.0,125260.0,123570.0,124690.0,201951,70157
2025-04-29,125260.0,125500.0,123600.0,124180.0,135881,71950
2025-04-30,123860.0,124850.0,123510.0,123720.0,129214,69395
2025-05-06,123570.0,125070.0,123500.0,124630.0,101917,67940
2025-05-07,124430.0,124910.0,123100.0,124450.0,149603,68873
2025-05-08,123880.0,124540.0,123030.0,123630.0,144478,68575
2025-05-09,123800.0,124190.0,123250.0,123450.0,111203,70991
2025-05-12,124150.0,126800.0,123910.0,126130.0,235469,67717
2025-05-13,125370.0,125400.0,123150.0,123860.0,159883,71637
2025-05-14,123230.0,125390.0,122820.0,125230.0,136563,63077
2025-05-15,126100.0,126300.0,123400.0,123600.0,137729,63702
2025-05-16,123870.0,125490.0,123800.0,124060.0,124511,55628
2025-05-19,123660.0,124360.0,123400.0,123850.0,116247,57470
2025-05-20,123200.0,123760.0,122620.0,122870.0,109167,63519
2025-05-21,123450.0,123800.0,122960.0,123280.0,107562,59648
2025-05-22,123400.0,124210.0,123250.0,123540.0,55731,65949
2025-05-23,123270.0,123640.0,122600.0,122700.0,58143,71747
2025-05-26,122700.0,123450.0,122500.0,123000.0,67173,68605
2025-05-27,122800.0,122940.0,122150.0,122310.0,83267,82390
2025-05-28,121990.0,122430.0,119590.0,119950.0,158844,106713
2025-05-29,119640.0,120930.0,118630.0,120480.0,181192,102540
2025-05-30,121160.0,121620.0,120520.0,121100.0,145554,94854
2025-06-03,121770.0,122080.0,121120.0,121250.0,73462,91891
2025-06-04,121250.0,122850.0,120930.0,122590.0,117416,83546
2025-06-05,122200.0,122220.0,121120.0,121570.0,102375,85713
2025-06-06,122190.0,122500.0,121730.0,122200.0,98620,80736
2025-06-09,122280.0,123180.0,122000.0,122710.0,115890,76246
2025-06-10,122030.0,122250.0,121240.0,121390.0,107520,78763
2025-06-11,121300.0,121950.0,120990.0,121790.0,89964,76472
2025-06-12,121200.0,121340.0,119810.0,120000.0,109748,85673
2025-06-13,120200.0,120600.0,119650.0,119920.0,86947,82485
2025-06-16,119800.0,120330.0,119040.0,119690.0,98243,79723
2025-06-17,119740.0,120050.0,118150.0,118570.0,100455,83823
2025-06-18,118790.0,118790.0,118050.0,118480.0,76829,84114
2025-06-19,118550.0,119300.0,118460.0,118890.0,88475,75358
2025-06-20,118930.0,119270.0,118220.0,118280.0,82593,73598
2025-06-23,118190.0,118790.0,116670.0,117440.0,117067,68780
2025-06-24,117530.0,117840.0,117000.0,117630.0,75890,90594
2025-06-25,117830.0,118680.0,117640.0,118670.0,82515,92419
2025-06-26,118950.0,120950.0,118450.0,120830.0,150555,80909
2025-06-27,120550.0,121000.0,120340.0,120480.0,94188,78738
2025-06-30,120700.0,121410.0,120600.0,120830.0,86158,76791
2025-07-01,120750.0,120800.0,120020.0,120720.0,69295,74939
2025-07-02,120660.0,121360.0,120310.0,121220.0,69206,74763
2025-07-03,121280.0,121930.0,121070.0,121790.0,78989,71229
2025-07-04,121970.0,123100.0,121760.0,122270.0,111042,69807
2025-07-07,121730.0,121900.0,120200.0,120540.0,99191,69366
2025-07-08,120860.0,121240.0,119980.0,120370.0,88116,67223
2025-07-09,120010.0,120350.0,118800.0,119140.0,111063,72919
2025-07-10,119140.0,121230.0,118990.0,121140.0,102155,65815
2025-07-11,121200.0,121830.0,120410.0,121390.0,101921,61527
2025-07-14,120960.0,121280.0,120160.0,121100.0,80732,59940
2025-07-15,120510.0,120530.0,118900.0,119520.0,52164,69857
2025-07-16,119620.0,121750.0,119620.0,120710.0,70382,71801
2025-07-17,120000.0,120300.0,119410.0,119970.0,56494,74948
2025-07-18,119520.0,120970.0,119130.0,120580.0,68495,76227
2025-07-21,120330.0,123000.0,120330.0,122700.0,116130,82046
2025-07-22,123320.0,124380.0,122530.0,123720.0,131577,91828
2025-07-23,123890.0,124410.0,122630.0,123370.0,133744,95734
2025-07-24,123810.0,124660.0,123520.0,124360.0,162621,98904
2025-07-25,123850.0,124420.0,122750.0,124360.0,165710,99007
2025-07-28,123980.0,125370.0,120840.0,121620.0,297904,96124
2025-07-29,121910.0,122440.0,121220.0,121800.0,119935,91177
2025-07-30,121500.0,122780.0,121220.0,121720.0,153323,92635
2025-07-31,121050.0,121440.0,119550.0,119830.0,143818,97451
2025-08-01,119830.0,120550.0,119480.0,119770.0,106856,96880
2025-08-04,119510.0,120690.0,119180.0,120630.0,120522,95467
2025-08-05,120630.0,121190.0,120450.0,120910.0,84818,90543
2025-08-06,120500.0,121260.0,120150.0,121070.0,87840,86052
2025-08-07,121440.0,121920.0,120770.0,121850.0,96611,81102
2025-08-08,121420.0,121670.0,120570.0,121180.0,74864,78955
2025-08-11,121000.0,122550.0,120700.0,122130.0,112549,77193
2025-08-12,122020.0,123070.0,122000.0,122440.0,96355,73889
2025-08-13,122520.0,123110.0,122330.0,122340.0,89510,70930
2025-08-14,122700.0,123050.0,120900.0,121200.0,102257,66437
2025-08-15,121100.0,121300.0,120300.0,120770.0,56909,78889
2025-08-18,120770.0,121580.0,120280.0,120460.0,65609,83896
2025-08-19,120430.0,121080.0,120200.0,120450.0,63118,86630
2025-08-20,120650.0,120940.0,119620.0,120060.0,77982,93301
2025-08-21,120010.0,120590.0,119780.0,119830.0,90715,102385
2025-08-22,119810.0,120080.0,119230.0,119610.0,111254,111421
2025-08-25,119550.0,120690.0,119530.0,120310.0,119179,110337
2025-08-26,120310.0,120720.0,120120.0,120370.0,88775,109267
2025-08-27,120620.0,122690.0,120620.0,121760.0,196852,98903
2025-08-28,121220.0,121260.0,120330.0,120990.0,129831,92205
2025-08-29,121190.0,121760.0,120710.0,121700.0,136812,89621
2025-09-01,122110.0,123620.0,121790.0,123450.0,171897,91963
2025-09-02,123210.0,123810.0,122420.0,122530.0,128782,90762
2025-09-03,122000.0,122070.0,121000.0,121790.0,125550,84729
2025-09-04,121930.0,122390.0,120650.0,120850.0,104598,82558
2025-09-05,121160.0,121460.0,120610.0,121310.0,84018,82639
2025-09-08,121720.0,122250.0,120930.0,122140.0,92780,77473
2025-09-09,121490.0,121700.0,120500.0,120700.0,100281,80837
2025-09-10,120500.0,120940.0,120150.0,120850.0,75006,81612
2025-09-11,120520.0,120910.0,120110.0,120620.0,87538,81691
2025-09-12,120380.0,122320.0,119880.0,121980.0,145101,72640
2025-09-15,122000.0,122900.0,121540.0,122580.0,102679,70610
2025-09-16,122910.0,123550.0,122050.0,122610.0,104592,66538
2025-09-17,122760.0,122930.0,121300.0,121990.0,52643,72021
2025-09-18,121650.0,122480.0,120900.0,121110.0,55541,72646
2025-09-19,121000.0,122070.0,120960.0,121730.0,46629,72964
2025-09-22,121500.0,122320.0,121210.0,121560.0,63650,78010
2025-09-23,121600.0,121630.0,120670.0,120910.0,78821,84260
2025-09-24,121150.0,122000.0,121150.0,121450.0,107755,85526
2025-09-25,121900.0,123550.0,121650.0,122990.0,177030,99642
2025-09-26,122790.0,122900.0,121320.0,121380.0,163506,83884
2025-09-29,121560.0,121580.0,120730.0,121100.0,97757,83149
2025-09-30,121300.0,122420.0,120830.0,120900.0,127190,76140
2025-10-09,121300.0,124680.0,121220.0,124480.0,130864,86038
2025-10-10,124210.0,124880.0,122040.0,122180.0,159070,77840
2025-10-13,122190.0,122540.0,121000.0,121410.0,149002,74700
2025-10-14,121580.0,121960.0,120650.0,120990.0,63564,89012
2025-10-15,121090.0,121480.0,120840.0,121330.0,51062,97694
2025-10-16,121060.0,121550.0,120720.0,121420.0,47474,103070
2025-10-17,121200.0,122160.0,120900.0,121330.0,58355,105800
2025-10-20,121080.0,121250.0,120520.0,120860.0,63970,113769
2025-10-21,121000.0,121870.0,120950.0,121380.0,74063,116289
2025-10-22,121180.0,121390.0,120800.0,121380.0,73851,121311
2025-10-23,121100.0,121510.0,120980.0,121380.0,93921,127005
2025-10-24,121960.0,122420.0,121380.0,122150.0,145203,121442
2025-10-27,122150.0,122650.0,121990.0,122400.0,129533,108989
2025-10-28,122060.0,122320.0,120100.0,120560.0,156296,115046
2025-10-29,120760.0,121930.0,120580.0,121540.0,109262,109686
2025-10-30,121770.0,121800.0,120700.0,120980.0,99113,107897
2025-10-31,120750.0,120940.0,120360.0,120590.0,98491,112517
2025-11-03,120790.0,121300.0,120620.0,120950.0,97352,108671
2025-11-04,120800.0,120940.0,119510.0,119700.0,122871,118460
2025-11-05,119860.0,120390.0,119000.0,120030.0,123448,115162
2025-11-06,119280.0,119880.0,118980.0,119750.0,110740,118664
2025-11-07,120200.0,120450.0,119040.0,119440.0,92050,121879
2025-11-10,119670.0,119830.0,119220.0,119680.0,82864,117784
2025-11-11,119780.0,119890.0,119080.0,119380.0,69857,114900
2025-11-12,119300.0,119590.0,118260.0,118710.0,98248,116829
2025-11-13,119000.0,119150.0,118510.0,118930.0,80848,112711
2025-11-14,118470.0,118840.0,117010.0,117080.0,118721,112249
2025-11-17,117020.0,117150.0,116370.0,116750.0,102806,107341
2025-11-18,116750.0,116750.0,114780.0,115000.0,98924,133269
2025-11-19,115350.0,115930.0,115200.0,115830.0,83609,140084
2025-11-20,115750.0,116650.0,115360.0,115380.0,124692,152848
2025-11-21,115250.0,115580.0,113980.0,114050.0,138197,160660
2025-11-24,114500.0,116160.0,114340.0,115530.0,148534,147554
2025-11-25,115880.0,116620.0,115630.0,116160.0,116438,141215
2025-11-26,116500.0,118000.0,116410.0,117260.0,176566,128268
2025-11-27,116920.0,117230.0,116640.0,116900.0,97221,127765
2025-11-28,117100.0,117480.0,116850.0,117080.0,85929,127335
2025-12-01,117080.0,118700.0,116730.0,117850.0,145829,122891
2025-12-02,117800.0,118140.0,117330.0,118050.0,88522,121924
2025-12-03,118050.0,118220.0,116900.0,117870.0,112442,118618
2025-12-04,117870.0,118210.0,117380.0,117760.0,103322,118041
2025-12-05,117800.0,118350.0,117430.0,117790.0,107217,117636
2025-12-08,117900.0,118480.0,117540.0,118030.0,124513,111585
2025-12-09,118040.0,118240.0,117150.0,117350.0,102405,107986
2025-12-10,117620.0,117920.0,116220.0,117090.0,120009,102583
2025-12-11,116970.0,116970.0,115520.0,115870.0,106815,106302
2025-12-12,116050.0,116170.0,115320.0,115590.0,100436,104957
2025-12-15,115070.0,115970.0,114520.0,114690.0,129657,105210
2025-12-16,114540.0,114590.0,111770.0,112290.0,157287,105568
2025-12-17,112400.0,114280.0,111700.0,113800.0,139596,94064
2025-12-18,113600.0,114090.0,113010.0,113940.0,97677,85352
2025-12-19,114290.0,117680.0,114240.0,117460.0,165767,94148
2025-12-22,117050.0,121710.0,116780.0,121700.0,214551,112632
2025-12-23,120280.0,124190.0,120280.0,123440.0,386982,134425
2025-12-24,125000.0,130880.0,122770.0,128000.0,1095331,152202
2025-12-25,127500.0,127810.0,123130.0,125410.0,650804,144401
2025-12-26,125790.0,127980.0,125580.0,126750.0,616999,136636
2025-12-29,126700.0,129820.0,124180.0,125710.0,785240,131411
2025-12-30,126480.0,134480.0,125710.0,132390.0,1000593,149615
2025-12-31,133210.0,135570.0,129800.0,132850.0,1141519,132795
2026-01-05,135000.0,136120.0,133000.0,134100.0,366893,134729
2026-01-06,134100.0,139960.0,133160.0,139800.0,738159,131254
2026-01-07,143500.0,147720.0,142020.0,147720.0,1132212,132952
2026-01-08,146500.0,149600.0,133800.0,136440.0,1520545,127979
2026-01-09,136440.0,139800.0,133430.0,139090.0,1121424,120595
2026-01-12,140000.0,144310.0,139320.0,144200.0,1083051,124098
2026-01-13,145000.0,145470.0,138130.0,138450.0,1277651,119384
2026-01-14,140330.0,143780.0,139130.0,140940.0,1070684,109855
2026-01-15,143000.0,151750.0,142570.0,146750.0,1737987,101498
2026-01-16,144520.0,149200.0,140320.0,141590.0,402205,123588
2026-01-19,140800.0,143300.0,138000.0,142530.0,295442,118469
2026-01-20,142960.0,144290.0,140090.0,141560.0,266870,120725
2026-01-21,142880.0,144180.0,138000.0,143170.0,323391,124786
2026-01-22,143170.0,143910.0,140600.0,142740.0,281018,122184
2026-01-23,141700.0,150190.0,141060.0,148360.0,438057,139282
2026-01-26,149690.0,152500.0,145600.0,145730.0,546905,140308
2026-01-27,148000.0,148670.0,144400.0,146370.0,462311,136578
2026-01-28,147200.0,148350.0,142130.0,144730.0,609806,134297
2026-01-29,145240.0,149930.0,143500.0,147470.0,783275,136550
2026-01-30,149300.0,151050.0,139260.0,140000.0,1012443,132447
2026-02-02,138000.0,141100.0,129650.0,129650.0,808140,110945
2026-02-03,132620.0,136100.0,130740.0,135430.0,220877,123898
2026-02-04,136000.0,138400.0,135210.0,138270.0,154988,125793
2026-02-05,137210.0,138500.0,133000.0,135100.0,193374,125895
2026-02-06,133760.0,135170.0,130030.0,132330.0,193496,123852
2026-02-09,133510.0,135860.0,132330.0,135020.0,141872,123204
2026-02-10,135430.0,135430.0,133200.0,133900.0,102678,122907
2026-02-11,133760.0,140750.0,133530.0,140000.0,215313,129046
2026-02-12,141000.0,142020.0,139720.0,140160.0,199864,134120
2026-02-13,138500.0,139230.0,134850.0,135950.0,208824,126320
2026-02-24,137030.0,139860.0,136880.0,138970.0,127922,151002
2026-02-25,139010.0,142870.0,138800.0,142180.0,317653,188430
2026-02-26,141000.0,141870.0,139500.0,141040.0,368199,205915
2026-02-27,140280.0,141650.0,138020.0,141560.0,498687,218744
2026-03-02,141550.0,141550.0,138020.0,140890.0,554437,219113
2026-03-03,139500.0,139600.0,134630.0,135450.0,730033,218764
2026-03-04,134800.0,138920.0,134480.0,137410.0,520078,218571
2026-03-05,138320.0,139190.0,135280.0,136270.0,464447,217527
2026-03-06,136290.0,138100.0,135340.0,137140.0,381533,213479
2026-03-09,137000.0,138350.0,132350.0,136520.0,630657,208527
2026-03-10,137950.0,139920.0,136380.0,137050.0,501905,211524
2026-03-11,137480.0,138000.0,136400.0,137160.0,309179,210843
2026-03-12,136800.0,139760.0,135730.0,138100.0,491504,212958
2026-03-13,138860.0,140340.0,136810.0,136930.0,402936,211607
2026-03-16,137080.0,137590.0,135340.0,136400.0,350916,208187
2026-03-17,136930.0,138250.0,135600.0,135940.0,342807,207749
2026-03-18,136420.0,136540.0,134890.0,135200.0,260586,198227
2026-03-19,134940.0,135270.0,129820.0,131550.0,398352,186756
2026-03-20,129490.0,136000.0,128800.0,133160.0,537401,173136
2026-03-23,133100.0,135800.0,132160.0,132980.0,463882,179706
2026-03-24,134000.0,136740.0,132460.0,133480.0,442345,181146
2026-03-25,133920.0,137600.0,133100.0,136130.0,460381,188819
2026-03-26,138750.0,138860.0,135030.0,135860.0,412306,179895
2026-03-27,135050.0,137470.0,135050.0,137100.0,316027,182492
2026-03-30,136080.0,137360.0,134600.0,137120.0,336342,176244
2026-03-31,137080.0,137120.0,134030.0,134780.0,290411,164700
2026-04-01,134680.0,136280.0,134040.0,134540.0,241170,159367
2026-04-02,135100.0,135110.0,133260.0,133730.0,247416,156414
2026-04-03,133360.0,134920.0,133260.0,133990.0,209959,150027
2026-04-07,133990.0,135500.0,133110.0,133230.0,136101,153839
2026-04-08,133080.0,134680.0,131840.0,134380.0,229986,147479
2026-04-09,134880.0,135420.0,133220.0,133300.0,182166,143681
2026-04-10,133310.0,134300.0,132880.0,133010.0,185130,142947
2026-04-13,133840.0,136960.0,132520.0,136900.0,293438,141416
2026-04-14,137780.0,139580.0,137110.0,139480.0,336743,134114
2026-04-15,139660.0,142610.0,139300.0,141400.0,395093,124013
2026-04-16,142000.0,142610.0,140430.0,141900.0,245907,115850
2026-04-17,141700.0,145590.0,141300.0,144240.0,192968,146132
