datetime,open,high,low,close,volume,open_interest
2026-01-05 14:14:00,3080.0,3080.0,3080.0,3080.0,0,17280
2026-01-05 14:15:00,3080.0,3080.0,3080.0,3080.0,0,17280
2026-01-05 14:16:00,3080.0,3080.0,3080.0,3080.0,0,17280
2026-01-05 14:17:00,3080.0,3080.0,3080.0,3080.0,0,17280
2026-01-05 14:18:00,3080.0,3080.0,3080.0,3080.0,0,17280
2026-01-05 14:19:00,3080.0,3080.0,3080.0,3080.0,0,17280
2026-01-05 14:20:00,3080.0,3080.0,3080.0,3080.0,0,17280
2026-01-05 14:21:00,3080.0,3080.0,3080.0,3080.0,0,17280
2026-01-05 14:22:00,3080.0,3080.0,3080.0,3080.0,0,17280
2026-01-05 14:26:00,3080.0,3083.0,3080.0,3083.0,60,17250
2026-01-05 14:27:00,3083.0,3083.0,3083.0,3083.0,180,17040
2026-01-05 14:28:00,3083.0,3083.0,3083.0,3083.0,90,16950
2026-01-05 14:30:00,3083.0,3083.0,3083.0,3083.0,0,16950
2026-01-05 14:32:00,3083.0,3083.0,3083.0,3083.0,0,16950
2026-01-05 14:36:00,3083.0,3083.0,3083.0,3083.0,0,16950
2026-01-05 14:37:00,3083.0,3083.0,3083.0,3083.0,0,16950
2026-01-05 14:38:00,3083.0,3083.0,3083.0,3083.0,0,16950
2026-01-05 14:41:00,3081.0,3081.0,3081.0,3081.0,30,16920
2026-01-05 14:42:00,3081.0,3081.0,3081.0,3081.0,30,16890
2026-01-05 14:43:00,3081.0,3081.0,3081.0,3081.0,0,16890
2026-01-05 14:44:00,3081.0,3081.0,3081.0,3081.0,0,16890
2026-01-05 14:45:00,3081.0,3081.0,3081.0,3081.0,0,16890
2026-01-05 14:46:00,3081.0,3081.0,3081.0,3081.0,0,16890
2026-01-05 14:47:00,3081.0,3081.0,3080.0,3080.0,30,16860
2026-01-05 14:48:00,3080.0,3080.0,3080.0,3080.0,0,16860
2026-01-05 14:49:00,3080.0,3080.0,3080.0,3080.0,0,16860
2026-01-05 14:50:00,3080.0,3080.0,3080.0,3080.0,0,16860
2026-01-05 14:51:00,3080.0,3080.0,3079.0,3079.0,150,16800
2026-01-05 14:52:00,3078.0,3078.0,3076.0,3076.0,120,16590
2026-01-05 14:53:00,3076.0,3076.0,3076.0,3076.0,0,16590
2026-01-05 14:54:00,3074.0,3074.0,3074.0,3074.0,0,16560
2026-01-05 14:55:00,3074.0,3074.0,3074.0,3074.0,0,16560
2026-01-05 14:56:00,3074.0,3083.0,3074.0,3083.0,150,16470
2026-01-05 14:57:00,3083.0,3083.0,3083.0,3083.0,0,16470
2026-01-05 14:58:00,3083.0,3083.0,3083.0,3083.0,0,16470
2026-01-05 14:59:00,3083.0,3083.0,3083.0,3083.0,0,16470
2026-01-05 15:00:00,3083.0,3089.0,3081.0,3088.0,150,16410
2026-01-05 21:03:00,3071.0,3071.0,3071.0,3071.0,30,16380
2026-01-05 21:04:00,3071.0,3071.0,3071.0,3071.0,0,16380
2026-01-05 21:05:00,3071.0,3071.0,3071.0,3071.0,0,16380
2026-01-05 21:06:00,3071.0,3071.0,3071.0,3071.0,0,16380
2026-01-05 21:07:00,3076.0,3076.0,3071.0,3076.0,60,16320
2026-01-05 21:08:00,3076.0,3076.0,3076.0,3076.0,0,16320
2026-01-05 21:09:00,3076.0,3076.0,3076.0,3076.0,0,16320
2026-01-05 21:10:00,3076.0,3076.0,3076.0,3076.0,0,16320
2026-01-05 21:11:00,3076.0,3076.0,3076.0,3076.0,0,16320
2026-01-05 21:12:00,3076.0,3076.0,3076.0,3076.0,0,16320
2026-01-05 21:13:00,3084.0,3084.0,3076.0,3084.0,90,16290
2026-01-05 21:14:00,3084.0,3084.0,3084.0,3084.0,0,16290
2026-01-05 21:15:00,3084.0,3084.0,3084.0,3084.0,0,16290
2026-01-05 21:16:00,3084.0,3084.0,3084.0,3084.0,0,16290
2026-01-05 21:17:00,3084.0,3084.0,3084.0,3084.0,0,16290
2026-01-05 21:18:00,3084.0,3084.0,3084.0,3084.0,0,16290
2026-01-05 21:19:00,3084.0,3084.0,3084.0,3084.0,0,16290
2026-01-05 21:20:00,3076.0,3084.0,3076.0,3076.0,30,16260
2026-01-05 21:21:00,3075.0,3076.0,3073.0,3073.0,150,16140
2026-01-05 21:22:00,3072.0,3073.0,3070.0,3070.0,210,15930
2026-01-05 21:23:00,3069.0,3069.0,3065.0,3065.0,480,15540
2026-01-05 21:24:00,3065.0,3065.0,3065.0,3065.0,0,15540
2026-01-05 21:25:00,3068.0,3068.0,3065.0,3068.0,90,15510
2026-01-05 21:26:00,3068.0,3068.0,3068.0,3068.0,0,15510
2026-01-05 21:27:00,3068.0,3068.0,3068.0,3068.0,0,15510
2026-01-05 21:29:00,3068.0,3068.0,3068.0,3068.0,0,15510
2026-01-05 21:30:00,3068.0,3068.0,3068.0,3068.0,30,15480
2026-01-05 21:31:00,3068.0,3068.0,3068.0,3068.0,30,15450
2026-01-05 21:32:00,3068.0,3068.0,3068.0,3068.0,0,15450
2026-01-05 21:33:00,3068.0,3068.0,3068.0,3068.0,0,15450
2026-01-05 21:34:00,3070.0,3070.0,3070.0,3070.0,30,15420
2026-01-05 21:37:00,3070.0,3070.0,3070.0,3070.0,0,15420
2026-01-05 21:38:00,3070.0,3070.0,3070.0,3070.0,0,15420
2026-01-05 21:39:00,3070.0,3070.0,3069.0,3069.0,30,15390
2026-01-05 21:41:00,3069.0,3069.0,3069.0,3069.0,0,15390
2026-01-05 21:43:00,3070.0,3070.0,3070.0,3070.0,30,15360
2026-01-05 21:44:00,3070.0,3070.0,3070.0,3070.0,0,15360
2026-01-05 21:45:00,3068.0,3068.0,3066.0,3066.0,60,15270
2026-01-05 21:46:00,3065.0,3066.0,3065.0,3065.0,30,15240
2026-01-05 21:47:00,3065.0,3065.0,3065.0,3065.0,30,15240
2026-01-05 21:50:00,3064.0,3065.0,3064.0,3065.0,90,15150
2026-01-05 21:51:00,3065.0,3065.0,3065.0,3065.0,0,15150
2026-01-05 21:52:00,3064.0,3065.0,3064.0,3064.0,30,15120
2026-01-05 21:53:00,3065.0,3065.0,3065.0,3065.0,30,15090
2026-01-05 21:56:00,3065.0,3065.0,3065.0,3065.0,0,15090
2026-01-05 21:57:00,3065.0,3065.0,3065.0,3065.0,30,15060
2026-01-05 21:58:00,3066.0,3067.0,3066.0,3067.0,90,14940
2026-01-05 21:59:00,3068.0,3068.0,3068.0,3068.0,30,14910
2026-01-05 22:00:00,3068.0,3068.0,3068.0,3068.0,0,14910
2026-01-05 22:03:00,3068.0,3068.0,3065.0,3065.0,30,14910
2026-01-05 22:04:00,3065.0,3065.0,3065.0,3065.0,30,14880
2026-01-05 22:05:00,3065.0,3065.0,3065.0,3065.0,0,14880
2026-01-05 22:06:00,3065.0,3065.0,3065.0,3065.0,30,14850
2026-01-05 22:07:00,3065.0,3065.0,3065.0,3065.0,0,14850
2026-01-05 22:12:00,3065.0,3065.0,3065.0,3065.0,0,14850
2026-01-05 22:13:00,3063.0,3065.0,3063.0,3063.0,90,14760
2026-01-05 22:14:00,3063.0,3063.0,3063.0,3063.0,0,14760
2026-01-05 22:15:00,3063.0,3063.0,3063.0,3063.0,0,14760
2026-01-05 22:16:00,3063.0,3063.0,3063.0,3063.0,0,14760
2026-01-05 22:17:00,3062.0,3062.0,3062.0,3062.0,30,14730
2026-01-05 22:19:00,3062.0,3062.0,3062.0,3062.0,0,14730
2026-01-05 22:20:00,3062.0,3062.0,3062.0,3062.0,30,14700
2026-01-05 22:21:00,3062.0,3063.0,3062.0,3063.0,150,14550
2026-01-05 22:23:00,3063.0,3063.0,3063.0,3063.0,0,14550
2026-01-05 22:24:00,3063.0,3063.0,3063.0,3063.0,0,14550
2026-01-05 22:26:00,3063.0,3063.0,3063.0,3063.0,0,14550
2026-01-05 22:27:00,3063.0,3063.0,3063.0,3063.0,0,14550
2026-01-05 22:29:00,3063.0,3063.0,3063.0,3063.0,0,14550
2026-01-05 22:30:00,3061.0,3061.0,3061.0,3061.0,30,14520
2026-01-05 22:31:00,3061.0,3061.0,3061.0,3061.0,60,14460
2026-01-05 22:32:00,3060.0,3061.0,3060.0,3060.0,180,14280
2026-01-05 22:33:00,3060.0,3060.0,3059.0,3059.0,60,14190
2026-01-05 22:34:00,3059.0,3059.0,3059.0,3059.0,0,14190
2026-01-05 22:35:00,3059.0,3059.0,3059.0,3059.0,0,14190
2026-01-05 22:36:00,3059.0,3059.0,3059.0,3059.0,0,14190
2026-01-05 22:40:00,3058.0,3058.0,3058.0,3058.0,30,14160
2026-01-05 22:42:00,3058.0,3058.0,3058.0,3058.0,0,14160
2026-01-05 22:43:00,3058.0,3058.0,3058.0,3058.0,0,14160
2026-01-05 22:45:00,3059.0,3059.0,3059.0,3059.0,30,14130
2026-01-05 22:56:00,3059.0,3059.0,3059.0,3059.0,0,14130
2026-01-05 22:58:00,3059.0,3059.0,3059.0,3059.0,0,14130
2026-01-05 22:59:00,3059.0,3059.0,3059.0,3059.0,0,14130
2026-01-05 23:00:00,3059.0,3059.0,3058.0,3058.0,60,14070
2026-01-06 09:01:00,3058.0,3058.0,3058.0,3058.0,0,14070
2026-01-06 09:02:00,3058.0,3058.0,3057.0,3057.0,30,14040
2026-01-06 09:03:00,3057.0,3057.0,3057.0,3057.0,0,14040
2026-01-06 09:04:00,3057.0,3057.0,3057.0,3057.0,0,14040
2026-01-06 09:05:00,3058.0,3058.0,3058.0,3058.0,0,14010
2026-01-06 09:07:00,3058.0,3058.0,3056.0,3056.0,30,13980
2026-01-06 09:11:00,3056.0,3056.0,3056.0,3056.0,0,13980
2026-01-06 09:16:00,3056.0,3056.0,3056.0,3056.0,30,13950
2026-01-06 09:17:00,3056.0,3056.0,3056.0,3056.0,0,13950
2026-01-06 09:18:00,3056.0,3056.0,3056.0,3056.0,0,13950
2026-01-06 09:19:00,3055.0,3055.0,3055.0,3055.0,0,13920
2026-01-06 09:20:00,3055.0,3055.0,3055.0,3055.0,0,13890
2026-01-06 09:21:00,3055.0,3055.0,3055.0,3055.0,0,13860
2026-01-06 09:22:00,3055.0,3055.0,3053.0,3053.0,60,13800
2026-01-06 09:23:00,3053.0,3053.0,3053.0,3053.0,0,13770
2026-01-06 09:24:00,3053.0,3053.0,3050.0,3050.0,300,13470
2026-01-06 09:25:00,3050.0,3055.0,3050.0,3055.0,30,13440
2026-01-06 09:26:00,3055.0,3055.0,3055.0,3055.0,30,13410
2026-01-06 09:27:00,3055.0,3055.0,3055.0,3055.0,0,13410
2026-01-06 09:28:00,3055.0,3055.0,3055.0,3055.0,0,13410
2026-01-06 09:31:00,3055.0,3055.0,3055.0,3055.0,30,13380
2026-01-06 09:32:00,3055.0,3055.0,3055.0,3055.0,0,13380
2026-01-06 09:33:00,3055.0,3055.0,3055.0,3055.0,0,13380
2026-01-06 09:34:00,3055.0,3055.0,3055.0,3055.0,0,13380
2026-01-06 09:35:00,3055.0,3055.0,3055.0,3055.0,0,13380
2026-01-06 09:36:00,3055.0,3055.0,3055.0,3055.0,0,13380
2026-01-06 09:37:00,3059.0,3059.0,3059.0,3059.0,0,13380
2026-01-06 09:38:00,3059.0,3059.0,3059.0,3059.0,0,13380
2026-01-06 09:39:00,3059.0,3059.0,3059.0,3059.0,0,13380
2026-01-06 09:40:00,3059.0,3059.0,3059.0,3059.0,0,13380
2026-01-06 09:42:00,3059.0,3059.0,3059.0,3059.0,0,13380
2026-01-06 09:43:00,3059.0,3059.0,3059.0,3059.0,0,13380
2026-01-06 09:46:00,3059.0,3059.0,3059.0,3059.0,0,13380
2026-01-06 09:47:00,3059.0,3059.0,3059.0,3059.0,0,13380
2026-01-06 09:48:00,3059.0,3059.0,3059.0,3059.0,0,13380
2026-01-06 09:51:00,3059.0,3059.0,3059.0,3059.0,0,13380
2026-01-06 09:52:00,3061.0,3061.0,3061.0,3061.0,0,13350
2026-01-06 09:53:00,3062.0,3062.0,3062.0,3062.0,0,13320
2026-01-06 09:54:00,3062.0,3062.0,3062.0,3062.0,0,13290
2026-01-06 09:55:00,3062.0,3062.0,3062.0,3062.0,0,13290
2026-01-06 09:56:00,3062.0,3062.0,3062.0,3062.0,0,13290
2026-01-06 09:57:00,3062.0,3062.0,3062.0,3062.0,0,13290
2026-01-06 09:58:00,3062.0,3062.0,3062.0,3062.0,0,13290
2026-01-06 10:01:00,3057.0,3057.0,3057.0,3057.0,30,13260
2026-01-06 10:02:00,3057.0,3057.0,3057.0,3057.0,0,13260
2026-01-06 10:03:00,3057.0,3057.0,3057.0,3057.0,0,13260
2026-01-06 10:04:00,3057.0,3057.0,3057.0,3057.0,0,13260
2026-01-06 10:05:00,3057.0,3057.0,3057.0,3057.0,0,13260
2026-01-06 10:06:00,3057.0,3057.0,3057.0,3057.0,0,13260
2026-01-06 10:07:00,3057.0,3057.0,3057.0,3057.0,0,13260
2026-01-06 10:10:00,3057.0,3057.0,3057.0,3057.0,30,13230
2026-01-06 10:11:00,3057.0,3057.0,3057.0,3057.0,0,13230
2026-01-06 10:12:00,3057.0,3057.0,3057.0,3057.0,0,13230
2026-01-06 10:13:00,3057.0,3057.0,3057.0,3057.0,0,13230
2026-01-06 10:14:00,3057.0,3057.0,3057.0,3057.0,0,13230
2026-01-06 10:15:00,3057.0,3057.0,3057.0,3057.0,0,13230
2026-01-06 10:31:00,3057.0,3057.0,3057.0,3057.0,0,13230
2026-01-06 10:33:00,3057.0,3057.0,3057.0,3057.0,0,13230
2026-01-06 10:37:00,3062.0,3062.0,3062.0,3062.0,60,13170
2026-01-06 10:38:00,3062.0,3062.0,3061.0,3062.0,90,13110
2026-01-06 10:39:00,3062.0,3064.0,3062.0,3064.0,150,12930
2026-01-06 10:40:00,3065.0,3065.0,3064.0,3065.0,90,12840
2026-01-06 10:41:00,3065.0,3066.0,3065.0,3066.0,30,12810
2026-01-06 10:42:00,3066.0,3066.0,3066.0,3066.0,0,12810
2026-01-06 10:43:00,3066.0,3066.0,3066.0,3066.0,0,12810
2026-01-06 10:44:00,3067.0,3068.0,3066.0,3068.0,60,12750
2026-01-06 10:45:00,3068.0,3068.0,3068.0,3068.0,0,12750
2026-01-06 10:46:00,3070.0,3070.0,3070.0,3070.0,30,12720
2026-01-06 10:47:00,3070.0,3070.0,3070.0,3070.0,0,12720
2026-01-06 10:48:00,3070.0,3070.0,3070.0,3070.0,0,12720
2026-01-06 10:49:00,3070.0,3070.0,3070.0,3070.0,0,12720
2026-01-06 10:50:00,3070.0,3070.0,3070.0,3070.0,0,12720
2026-01-06 10:52:00,3070.0,3070.0,3070.0,3070.0,0,12720
2026-01-06 10:55:00,3070.0,3070.0,3070.0,3070.0,0,12720
2026-01-06 10:57:00,3070.0,3070.0,3070.0,3070.0,0,12720
2026-01-06 10:59:00,3070.0,3070.0,3070.0,3070.0,0,12720
2026-01-06 11:00:00,3070.0,3070.0,3070.0,3070.0,0,12720
2026-01-06 11:01:00,3070.0,3070.0,3070.0,3070.0,0,12720
2026-01-06 11:02:00,3070.0,3070.0,3070.0,3070.0,0,12720
2026-01-06 11:03:00,3070.0,3070.0,3070.0,3070.0,0,12720
2026-01-06 11:04:00,3066.0,3066.0,3066.0,3066.0,60,12660
2026-01-06 11:06:00,3066.0,3066.0,3066.0,3066.0,0,12660
2026-01-06 11:07:00,3066.0,3066.0,3066.0,3066.0,0,12660
2026-01-06 11:08:00,3066.0,3066.0,3066.0,3066.0,0,12660
2026-01-06 11:09:00,3066.0,3066.0,3066.0,3066.0,0,12660
2026-01-06 11:11:00,3070.0,3070.0,3070.0,3070.0,0,12630
2026-01-06 11:12:00,3070.0,3070.0,3070.0,3070.0,0,12630
2026-01-06 11:13:00,3070.0,3070.0,3070.0,3070.0,0,12630
2026-01-06 11:14:00,3070.0,3070.0,3070.0,3070.0,0,12630
2026-01-06 11:15:00,3070.0,3070.0,3070.0,3070.0,0,12630
2026-01-06 11:16:00,3070.0,3070.0,3070.0,3070.0,0,12630
2026-01-06 11:17:00,3070.0,3070.0,3070.0,3070.0,0,12630
2026-01-06 11:18:00,3070.0,3070.0,3070.0,3070.0,0,12630
2026-01-06 11:20:00,3070.0,3070.0,3070.0,3070.0,90,12540
2026-01-06 11:21:00,3070.0,3070.0,3070.0,3070.0,0,12540
2026-01-06 11:23:00,3070.0,3070.0,3070.0,3070.0,0,12540
2026-01-06 11:24:00,3070.0,3070.0,3070.0,3070.0,0,12540
2026-01-06 11:25:00,3070.0,3070.0,3070.0,3070.0,0,12540
2026-01-06 11:26:00,3070.0,3070.0,3070.0,3070.0,0,12540
2026-01-06 11:27:00,3070.0,3070.0,3070.0,3070.0,0,12540
2026-01-06 11:28:00,3070.0,3070.0,3070.0,3070.0,0,12540
2026-01-06 11:29:00,3070.0,3070.0,3070.0,3070.0,0,12540
2026-01-06 11:30:00,3070.0,3070.0,3070.0,3070.0,0,12540
2026-01-06 13:31:00,3070.0,3070.0,3070.0,3070.0,0,12540
2026-01-06 13:32:00,3070.0,3070.0,3070.0,3070.0,0,12540
2026-01-06 13:34:00,3070.0,3070.0,3070.0,3070.0,0,12540
2026-01-06 13:36:00,3071.0,3071.0,3071.0,3071.0,30,12510
2026-01-06 13:38:00,3071.0,3071.0,3071.0,3071.0,0,12510
2026-01-06 13:40:00,3071.0,3071.0,3071.0,3071.0,0,12510
2026-01-06 13:41:00,3071.0,3071.0,3071.0,3071.0,0,12510
2026-01-06 13:43:00,3071.0,3071.0,3071.0,3071.0,0,12510
2026-01-06 13:45:00,3067.0,3067.0,3067.0,3067.0,30,12480
2026-01-06 13:46:00,3067.0,3067.0,3067.0,3067.0,0,12480
2026-01-06 13:47:00,3067.0,3067.0,3067.0,3067.0,0,12480
2026-01-06 13:48:00,3067.0,3067.0,3067.0,3067.0,0,12480
2026-01-06 13:51:00,3067.0,3067.0,3067.0,3067.0,0,12480
2026-01-06 13:52:00,3067.0,3067.0,3067.0,3067.0,0,12480
2026-01-06 13:53:00,3072.0,3072.0,3072.0,3072.0,30,12450
2026-01-06 13:54:00,3072.0,3072.0,3072.0,3072.0,0,12450
2026-01-06 13:57:00,3072.0,3072.0,3072.0,3072.0,0,12450
2026-01-06 14:01:00,3072.0,3072.0,3072.0,3072.0,0,12450
2026-01-06 14:02:00,3072.0,3072.0,3072.0,3072.0,0,12450
2026-01-06 14:04:00,3068.0,3068.0,3068.0,3068.0,0,12450
2026-01-06 14:05:00,3068.0,3068.0,3068.0,3068.0,0,12450
2026-01-06 14:06:00,3068.0,3068.0,3068.0,3068.0,0,12450
2026-01-06 14:07:00,3069.0,3069.0,3069.0,3069.0,0,12420
2026-01-06 14:08:00,3069.0,3069.0,3069.0,3069.0,0,12420
2026-01-06 14:09:00,3069.0,3073.0,3069.0,3073.0,30,12390
2026-01-06 14:10:00,3073.0,3074.0,3073.0,3074.0,60,12330
2026-01-06 14:11:00,3074.0,3074.0,3074.0,3074.0,0,12330
2026-01-06 14:12:00,3074.0,3074.0,3074.0,3074.0,0,12330
2026-01-06 14:13:00,3074.0,3074.0,3074.0,3074.0,0,12330
2026-01-06 14:14:00,3074.0,3079.0,3074.0,3079.0,30,12300
2026-01-06 14:15:00,3079.0,3079.0,3078.0,3078.0,30,12270
2026-01-06 14:16:00,3078.0,3080.0,3078.0,3080.0,60,12210
2026-01-06 14:17:00,3082.0,3082.0,3082.0,3082.0,0,12180
2026-01-06 14:18:00,3082.0,3082.0,3082.0,3082.0,0,12180
2026-01-06 14:20:00,3082.0,3082.0,3082.0,3082.0,0,12180
2026-01-06 14:21:00,3082.0,3082.0,3081.0,3081.0,30,12150
2026-01-06 14:22:00,3081.0,3082.0,3081.0,3082.0,30,12120
2026-01-06 14:23:00,3082.0,3082.0,3082.0,3082.0,0,12120
2026-01-06 14:29:00,3082.0,3082.0,3082.0,3082.0,0,12120
2026-01-06 14:30:00,3082.0,3082.0,3082.0,3082.0,0,12120
2026-01-06 14:31:00,3082.0,3082.0,3082.0,3082.0,0,12120
2026-01-06 14:33:00,3082.0,3082.0,3082.0,3082.0,0,12120
2026-01-06 14:34:00,3082.0,3082.0,3082.0,3082.0,0,12120
2026-01-06 14:35:00,3082.0,3082.0,3082.0,3082.0,0,12120
2026-01-06 14:38:00,3082.0,3082.0,3077.0,3077.0,30,12120
2026-01-06 14:39:00,3077.0,3077.0,3076.0,3076.0,30,12120
2026-01-06 14:43:00,3076.0,3076.0,3076.0,3076.0,0,12120
2026-01-06 14:44:00,3076.0,3082.0,3076.0,3082.0,90,12030
2026-01-06 14:45:00,3082.0,3082.0,3082.0,3082.0,0,12030
2026-01-06 14:46:00,3082.0,3082.0,3082.0,3082.0,0,12030
2026-01-06 14:47:00,3082.0,3082.0,3082.0,3082.0,0,12030
2026-01-06 14:48:00,3082.0,3082.0,3082.0,3082.0,0,12030
2026-01-06 14:49:00,3082.0,3082.0,3082.0,3082.0,0,12030
2026-01-06 14:50:00,3082.0,3082.0,3082.0,3082.0,0,12030
2026-01-06 14:52:00,3082.0,3082.0,3082.0,3082.0,0,12030
2026-01-06 14:53:00,3082.0,3082.0,3082.0,3082.0,0,12030
2026-01-06 14:54:00,3082.0,3082.0,3082.0,3082.0,0,12030
2026-01-06 14:55:00,3082.0,3082.0,3082.0,3082.0,0,12030
2026-01-06 21:04:00,3073.0,3073.0,3073.0,3073.0,60,12030
2026-01-06 21:05:00,3073.0,3073.0,3073.0,3073.0,0,12030
2026-01-06 21:06:00,3073.0,3074.0,3073.0,3074.0,30,12030
2026-01-06 21:07:00,3074.0,3074.0,3074.0,3074.0,0,12030
2026-01-06 21:08:00,3074.0,3074.0,3074.0,3074.0,0,12030
2026-01-06 21:09:00,3074.0,3074.0,3074.0,3074.0,0,12030
2026-01-06 21:10:00,3074.0,3074.0,3074.0,3074.0,0,12030
2026-01-06 21:11:00,3074.0,3074.0,3074.0,3074.0,0,12030
2026-01-06 21:12:00,3074.0,3074.0,3074.0,3074.0,0,12030
2026-01-06 21:13:00,3074.0,3074.0,3074.0,3074.0,0,12030
2026-01-06 21:14:00,3090.0,3091.0,3074.0,3091.0,90,11940
2026-01-06 21:15:00,3091.0,3091.0,3091.0,3091.0,0,11940
2026-01-06 21:16:00,3091.0,3091.0,3075.0,3089.0,150,11940
2026-01-06 21:17:00,3089.0,3089.0,3089.0,3089.0,0,11940
2026-01-06 21:18:00,3090.0,3090.0,3089.0,3090.0,60,11910
2026-01-06 21:19:00,3090.0,3092.0,3090.0,3092.0,90,11850
2026-01-06 21:20:00,3092.0,3092.0,3092.0,3092.0,0,11850
2026-01-06 21:21:00,3092.0,3092.0,3092.0,3092.0,0,11850
2026-01-06 21:22:00,3092.0,3092.0,3092.0,3092.0,0,11850
2026-01-06 21:23:00,3092.0,3092.0,3092.0,3092.0,0,11850
2026-01-06 21:24:00,3092.0,3092.0,3092.0,3092.0,0,11850
2026-01-06 21:25:00,3092.0,3092.0,3092.0,3092.0,0,11850
2026-01-06 21:26:00,3086.0,3092.0,3086.0,3086.0,90,11820
2026-01-06 21:27:00,3086.0,3086.0,3086.0,3086.0,0,11820
2026-01-06 21:28:00,3090.0,3090.0,3090.0,3090.0,30,11790
2026-01-06 21:29:00,3090.0,3090.0,3090.0,3090.0,0,11790
2026-01-06 21:30:00,3086.0,3086.0,3086.0,3086.0,30,11760
2026-01-06 21:31:00,3090.0,3090.0,3090.0,3090.0,30,11730
2026-01-06 21:32:00,3090.0,3090.0,3090.0,3090.0,0,11730
2026-01-06 21:33:00,3090.0,3090.0,3090.0,3090.0,30,11700
2026-01-06 21:34:00,3090.0,3090.0,3090.0,3090.0,30,11670
2026-01-06 21:35:00,3090.0,3090.0,3090.0,3090.0,0,11670
2026-01-06 21:36:00,3090.0,3090.0,3090.0,3090.0,0,11670
2026-01-06 21:37:00,3090.0,3090.0,3090.0,3090.0,0,11670
2026-01-06 21:38:00,3090.0,3090.0,3090.0,3090.0,0,11670
2026-01-06 21:39:00,3090.0,3090.0,3090.0,3090.0,0,11670
2026-01-06 21:41:00,3090.0,3090.0,3090.0,3090.0,0,11670
2026-01-06 21:42:00,3090.0,3090.0,3090.0,3090.0,0,11670
2026-01-06 21:44:00,3090.0,3090.0,3090.0,3090.0,0,11670
2026-01-06 21:45:00,3090.0,3090.0,3087.0,3087.0,90,11580
2026-01-06 21:46:00,3087.0,3087.0,3087.0,3087.0,0,11580
2026-01-06 21:47:00,3087.0,3087.0,3087.0,3087.0,0,11580
2026-01-06 21:49:00,3087.0,3087.0,3087.0,3087.0,0,11580
2026-01-06 21:51:00,3087.0,3087.0,3087.0,3087.0,0,11580
2026-01-06 21:52:00,3087.0,3087.0,3087.0,3087.0,60,11550
2026-01-06 21:53:00,3087.0,3087.0,3087.0,3087.0,0,11550
2026-01-06 21:56:00,3091.0,3091.0,3091.0,3091.0,30,11490
2026-01-06 21:57:00,3091.0,3091.0,3091.0,3091.0,0,11490
2026-01-06 21:58:00,3091.0,3091.0,3091.0,3091.0,0,11490
2026-01-06 21:59:00,3091.0,3091.0,3091.0,3091.0,0,11490
2026-01-06 22:00:00,3091.0,3091.0,3091.0,3091.0,0,11490
2026-01-06 22:01:00,3093.0,3093.0,3093.0,3093.0,30,11460
2026-01-06 22:02:00,3093.0,3093.0,3092.0,3092.0,90,11370
2026-01-06 22:03:00,3093.0,3093.0,3093.0,3093.0,30,11340
2026-01-06 22:04:00,3094.0,3094.0,3094.0,3094.0,90,11220
2026-01-06 22:05:00,3094.0,3094.0,3094.0,3094.0,0,11220
2026-01-06 22:07:00,3094.0,3094.0,3094.0,3094.0,0,11220
2026-01-06 22:09:00,3094.0,3095.0,3094.0,3095.0,30,11190
2026-01-06 22:10:00,3095.0,3095.0,3090.0,3094.0,180,11100
2026-01-06 22:11:00,3094.0,3094.0,3094.0,3094.0,0,11100
2026-01-06 22:12:00,3094.0,3094.0,3094.0,3094.0,0,11100
2026-01-06 22:13:00,3096.0,3096.0,3091.0,3095.0,480,10830
2026-01-06 22:14:00,3095.0,3095.0,3093.0,3093.0,120,10770
2026-01-06 22:15:00,3092.0,3093.0,3092.0,3093.0,60,10740
2026-01-06 22:16:00,3094.0,3097.0,3093.0,3097.0,60,10710
2026-01-06 22:17:00,3097.0,3097.0,3097.0,3097.0,0,10710
2026-01-06 22:18:00,3097.0,3097.0,3097.0,3097.0,0,10710
2026-01-06 22:19:00,3097.0,3097.0,3097.0,3097.0,0,10710
2026-01-06 22:21:00,3099.0,3099.0,3097.0,3099.0,60,10650
2026-01-06 22:22:00,3099.0,3099.0,3099.0,3099.0,0,10650
2026-01-06 22:23:00,3099.0,3099.0,3099.0,3099.0,0,10650
2026-01-06 22:24:00,3100.0,3102.0,3099.0,3102.0,90,10560
2026-01-06 22:25:00,3102.0,3102.0,3091.0,3100.0,90,10530
2026-01-06 22:26:00,3100.0,3100.0,3100.0,3100.0,0,10530
2026-01-06 22:27:00,3100.0,3100.0,3100.0,3100.0,0,10530
2026-01-06 22:28:00,3100.0,3100.0,3100.0,3100.0,0,10530
2026-01-06 22:29:00,3100.0,3100.0,3100.0,3100.0,0,10530
2026-01-06 22:31:00,3100.0,3100.0,3100.0,3100.0,0,10530
2026-01-06 22:33:00,3100.0,3100.0,3100.0,3100.0,0,10530
2026-01-06 22:34:00,3100.0,3100.0,3100.0,3100.0,0,10530
2026-01-06 22:35:00,3100.0,3100.0,3100.0,3100.0,0,10530
2026-01-06 22:36:00,3100.0,3100.0,3100.0,3100.0,0,10530
2026-01-06 22:37:00,3100.0,3100.0,3100.0,3100.0,0,10530
2026-01-06 22:39:00,3100.0,3100.0,3100.0,3100.0,0,10530
2026-01-06 22:41:00,3100.0,3100.0,3100.0,3100.0,0,10530
2026-01-06 22:42:00,3111.0,3111.0,3100.0,3111.0,30,10500
2026-01-06 22:43:00,3111.0,3111.0,3111.0,3111.0,0,10500
2026-01-06 22:44:00,3111.0,3111.0,3111.0,3111.0,0,10500
2026-01-06 22:45:00,3111.0,3111.0,3111.0,3111.0,0,10500
2026-01-06 22:46:00,3111.0,3111.0,3111.0,3111.0,0,10500
2026-01-06 22:47:00,3111.0,3113.0,3111.0,3113.0,60,10440
2026-01-06 22:48:00,3113.0,3113.0,3113.0,3113.0,0,10440
2026-01-06 22:49:00,3113.0,3113.0,3113.0,3113.0,0,10440
2026-01-06 22:50:00,3113.0,3113.0,3113.0,3113.0,0,10440
2026-01-06 22:51:00,3113.0,3113.0,3113.0,3113.0,0,10440
2026-01-06 22:52:00,3113.0,3113.0,3113.0,3113.0,0,10440
2026-01-06 22:53:00,3113.0,3113.0,3113.0,3113.0,0,10440
2026-01-06 22:54:00,3113.0,3113.0,3113.0,3113.0,0,10440
2026-01-06 22:55:00,3113.0,3113.0,3113.0,3113.0,0,10440
2026-01-06 22:56:00,3113.0,3113.0,3113.0,3113.0,0,10440
2026-01-06 22:57:00,3113.0,3113.0,3113.0,3113.0,0,10440
2026-01-06 22:58:00,3113.0,3113.0,3113.0,3113.0,0,10440
2026-01-06 22:59:00,3113.0,3113.0,3113.0,3113.0,0,10440
2026-01-06 23:00:00,3113.0,3113.0,3113.0,3113.0,0,10440
2026-01-07 09:01:00,3111.0,3111.0,3111.0,3111.0,0,10440
2026-01-07 09:02:00,3111.0,3111.0,3111.0,3111.0,0,10440
2026-01-07 09:03:00,3111.0,3111.0,3111.0,3111.0,0,10440
2026-01-07 09:04:00,3111.0,3111.0,3106.0,3106.0,30,10410
2026-01-07 09:06:00,3102.0,3110.0,3098.0,3098.0,30,10260
2026-01-07 09:07:00,3096.0,3108.0,3096.0,3098.0,30,10020
2026-01-07 09:08:00,3098.0,3102.0,3095.0,3102.0,60,9990
2026-01-07 09:10:00,3102.0,3102.0,3102.0,3102.0,0,9990
2026-01-07 09:11:00,3102.0,3102.0,3094.0,3094.0,30,9960
2026-01-07 09:12:00,3094.0,3100.0,3094.0,3100.0,60,9990
2026-01-07 09:13:00,3100.0,3102.0,3100.0,3102.0,30,9960
2026-01-07 09:17:00,3102.0,3102.0,3102.0,3102.0,0,9960
2026-01-07 09:20:00,3101.0,3101.0,3101.0,3101.0,60,9960
2026-01-07 09:21:00,3102.0,3102.0,3102.0,3102.0,0,9960
2026-01-07 09:22:00,3102.0,3102.0,3102.0,3102.0,0,9960
2026-01-07 09:23:00,3102.0,3102.0,3102.0,3102.0,0,9840
2026-01-07 09:29:00,3102.0,3102.0,3102.0,3102.0,0,9840
2026-01-07 09:32:00,3102.0,3102.0,3102.0,3102.0,0,9840
2026-01-07 09:33:00,3102.0,3102.0,3102.0,3102.0,0,9840
2026-01-07 09:34:00,3102.0,3102.0,3102.0,3102.0,0,9840
2026-01-07 09:38:00,3102.0,3102.0,3102.0,3102.0,0,9840
2026-01-07 09:40:00,3102.0,3102.0,3102.0,3102.0,30,9810
2026-01-07 09:45:00,3102.0,3102.0,3102.0,3102.0,0,9810
2026-01-07 09:57:00,3102.0,3102.0,3102.0,3102.0,0,9810
2026-01-07 10:03:00,3102.0,3102.0,3102.0,3102.0,30,9780
2026-01-07 10:08:00,3101.0,3101.0,3101.0,3101.0,30,9750
2026-01-07 10:11:00,3101.0,3101.0,3101.0,3101.0,0,9750
2026-01-07 10:15:00,3101.0,3101.0,3101.0,3101.0,0,9750
2026-01-07 10:35:00,3100.0,3100.0,3100.0,3100.0,30,9750
2026-01-07 10:37:00,3100.0,3100.0,3100.0,3100.0,0,9750
2026-01-07 10:38:00,3100.0,3100.0,3100.0,3100.0,0,9750
2026-01-07 10:43:00,3100.0,3100.0,3100.0,3100.0,0,9720
2026-01-07 10:47:00,3100.0,3100.0,3100.0,3100.0,0,9720
2026-01-07 10:49:00,3100.0,3100.0,3100.0,3100.0,0,9720
2026-01-07 10:50:00,3100.0,3100.0,3100.0,3100.0,0,9720
2026-01-07 10:51:00,3100.0,3100.0,3100.0,3100.0,0,9720
2026-01-07 10:52:00,3100.0,3100.0,3100.0,3100.0,0,9720
2026-01-07 11:00:00,3100.0,3100.0,3100.0,3100.0,30,9690
2026-01-07 11:01:00,3100.0,3100.0,3100.0,3100.0,0,9690
2026-01-07 11:07:00,3100.0,3100.0,3100.0,3100.0,0,9690
2026-01-07 11:11:00,3100.0,3100.0,3100.0,3100.0,0,9690
2026-01-07 11:17:00,3105.0,3105.0,3105.0,3105.0,60,9660
2026-01-07 11:18:00,3107.0,3107.0,3107.0,3107.0,30,9660
2026-01-07 11:19:00,3109.0,3109.0,3109.0,3109.0,30,9630
2026-01-07 11:20:00,3112.0,3112.0,3112.0,3112.0,30,9600
2026-01-07 11:23:00,3112.0,3112.0,3112.0,3112.0,0,9600
2026-01-07 11:24:00,3112.0,3112.0,3112.0,3112.0,0,9600
2026-01-07 11:26:00,3112.0,3112.0,3112.0,3112.0,0,9600
2026-01-07 11:27:00,3112.0,3112.0,3112.0,3112.0,0,9570
2026-01-07 11:28:00,3114.0,3114.0,3114.0,3114.0,60,9510
2026-01-07 13:31:00,3114.0,3115.0,3114.0,3115.0,120,9480
2026-01-07 13:33:00,3115.0,3115.0,3115.0,3115.0,0,9480
2026-01-07 13:34:00,3115.0,3115.0,3115.0,3115.0,0,9480
2026-01-07 13:38:00,3116.0,3116.0,3116.0,3116.0,0,9480
2026-01-07 13:39:00,3116.0,3116.0,3116.0,3116.0,0,9480
2026-01-07 13:40:00,3116.0,3116.0,3116.0,3116.0,0,9480
2026-01-07 13:43:00,3116.0,3116.0,3116.0,3116.0,0,9480
2026-01-07 13:45:00,3116.0,3116.0,3116.0,3116.0,0,9480
2026-01-07 13:46:00,3116.0,3116.0,3116.0,3116.0,0,9480
2026-01-07 13:47:00,3116.0,3116.0,3116.0,3116.0,0,9480
2026-01-07 13:49:00,3116.0,3116.0,3116.0,3116.0,0,9480
2026-01-07 13:50:00,3116.0,3116.0,3116.0,3116.0,0,9480
2026-01-07 14:01:00,3116.0,3117.0,3116.0,3117.0,60,9450
2026-01-07 14:02:00,3118.0,3118.0,3118.0,3118.0,30,9330
2026-01-07 14:03:00,3119.0,3119.0,3119.0,3119.0,60,9270
2026-01-07 14:04:00,3120.0,3120.0,3120.0,3120.0,30,9240
2026-01-07 14:06:00,3120.0,3120.0,3120.0,3120.0,60,9180
2026-01-07 14:08:00,3120.0,3120.0,3117.0,3117.0,150,9030
2026-01-07 14:10:00,3120.0,3120.0,3120.0,3120.0,30,9000
2026-01-07 14:13:00,3120.0,3120.0,3120.0,3120.0,30,8970
2026-01-07 14:14:00,3120.0,3120.0,3120.0,3120.0,0,8970
2026-01-07 14:19:00,3120.0,3121.0,3120.0,3121.0,90,8880
2026-01-07 14:20:00,3121.0,3121.0,3121.0,3121.0,0,8850
2026-01-07 14:22:00,3121.0,3121.0,3121.0,3121.0,0,8850
2026-01-07 14:23:00,3121.0,3122.0,3121.0,3122.0,30,8820
2026-01-07 14:24:00,3121.0,3121.0,3121.0,3121.0,60,8760
2026-01-07 14:25:00,3121.0,3122.0,3121.0,3122.0,60,8760
2026-01-07 14:26:00,3122.0,3122.0,3122.0,3122.0,0,8760
2026-01-07 14:27:00,3122.0,3122.0,3122.0,3122.0,0,8760
2026-01-07 14:29:00,3122.0,3122.0,3121.0,3121.0,30,8700
2026-01-07 14:30:00,3121.0,3122.0,3121.0,3122.0,60,8640
2026-01-07 14:31:00,3122.0,3122.0,3122.0,3122.0,0,8640
2026-01-07 14:33:00,3122.0,3122.0,3122.0,3122.0,0,8640
2026-01-07 14:35:00,3123.0,3123.0,3123.0,3123.0,60,8640
2026-01-07 14:36:00,3123.0,3123.0,3123.0,3123.0,0,8640
2026-01-07 14:38:00,3123.0,3123.0,3123.0,3123.0,0,8640
2026-01-07 14:39:00,3122.0,3122.0,3122.0,3122.0,0,8610
2026-01-07 14:41:00,3122.0,3122.0,3122.0,3122.0,0,8610
2026-01-07 14:43:00,3123.0,3123.0,3123.0,3123.0,30,8580
2026-01-07 14:46:00,3123.0,3125.0,3123.0,3125.0,150,8430
2026-01-07 14:48:00,3126.0,3126.0,3126.0,3126.0,60,8340
2026-01-07 14:49:00,3126.0,3126.0,3126.0,3126.0,0,8340
2026-01-07 14:51:00,3128.0,3128.0,3128.0,3128.0,30,8280
2026-01-07 14:52:00,3128.0,3128.0,3128.0,3128.0,0,8280
2026-01-07 14:53:00,3128.0,3128.0,3128.0,3128.0,0,8280
2026-01-07 14:54:00,3128.0,3128.0,3128.0,3128.0,0,8280
2026-01-07 14:55:00,3128.0,3128.0,3128.0,3128.0,0,8280
2026-01-07 14:56:00,3128.0,3128.0,3128.0,3128.0,0,8280
2026-01-07 14:57:00,3128.0,3128.0,3128.0,3128.0,0,8280
2026-01-07 14:58:00,3128.0,3128.0,3128.0,3128.0,0,8280
2026-01-07 15:00:00,3128.0,3130.0,3128.0,3130.0,150,8130
2026-01-07 21:05:00,3106.0,3106.0,3106.0,3106.0,30,8100
2026-01-07 21:06:00,3106.0,3106.0,3106.0,3106.0,0,8100
2026-01-07 21:07:00,3106.0,3106.0,3106.0,3106.0,0,8100
2026-01-07 21:08:00,3106.0,3106.0,3106.0,3106.0,0,8100
2026-01-07 21:10:00,3106.0,3106.0,3106.0,3106.0,0,8100
2026-01-07 21:11:00,3106.0,3106.0,3106.0,3106.0,0,8100
2026-01-07 21:12:00,3106.0,3106.0,3106.0,3106.0,0,8100
2026-01-07 21:13:00,3106.0,3106.0,3106.0,3106.0,0,8100
2026-01-07 21:14:00,3106.0,3106.0,3106.0,3106.0,0,8100
2026-01-07 21:15:00,3106.0,3106.0,3106.0,3106.0,0,8100
2026-01-07 21:16:00,3126.0,3126.0,3126.0,3126.0,30,8100
2026-01-07 21:17:00,3126.0,3126.0,3126.0,3126.0,0,8100
2026-01-07 21:19:00,3126.0,3126.0,3126.0,3126.0,0,8100
2026-01-07 21:21:00,3116.0,3126.0,3116.0,3116.0,30,8070
2026-01-07 21:23:00,3116.0,3116.0,3116.0,3116.0,0,8070
2026-01-07 21:26:00,3128.0,3128.0,3128.0,3128.0,60,8040
2026-01-07 21:27:00,3128.0,3128.0,3128.0,3128.0,0,8040
2026-01-07 21:28:00,3129.0,3129.0,3129.0,3129.0,30,8010
2026-01-07 21:29:00,3130.0,3130.0,3129.0,3130.0,30,7980
2026-01-07 21:30:00,3130.0,3130.0,3130.0,3130.0,0,7980
2026-01-07 21:31:00,3130.0,3130.0,3130.0,3130.0,0,7980
2026-01-07 21:32:00,3130.0,3130.0,3130.0,3130.0,0,7980
2026-01-07 21:34:00,3130.0,3130.0,3130.0,3130.0,0,7980
2026-01-07 21:35:00,3130.0,3130.0,3130.0,3130.0,0,7980
2026-01-07 21:36:00,3130.0,3130.0,3130.0,3130.0,0,7980
2026-01-07 21:37:00,3130.0,3130.0,3130.0,3130.0,0,7980
2026-01-07 21:38:00,3130.0,3130.0,3130.0,3130.0,0,7980
2026-01-07 21:39:00,3130.0,3130.0,3130.0,3130.0,0,7980
2026-01-07 21:40:00,3130.0,3130.0,3130.0,3130.0,0,7980
2026-01-07 21:41:00,3130.0,3130.0,3130.0,3130.0,0,7980
2026-01-07 21:42:00,3130.0,3130.0,3130.0,3130.0,0,7980
2026-01-07 21:43:00,3130.0,3130.0,3130.0,3130.0,0,7980
2026-01-07 21:44:00,3130.0,3130.0,3130.0,3130.0,0,7980
2026-01-07 21:47:00,3130.0,3130.0,3130.0,3130.0,0,7980
2026-01-07 21:48:00,3133.0,3134.0,3130.0,3134.0,120,7860
2026-01-07 21:49:00,3134.0,3134.0,3134.0,3134.0,0,7860
2026-01-07 21:50:00,3134.0,3134.0,3134.0,3134.0,60,7800
2026-01-07 21:51:00,3134.0,3134.0,3134.0,3134.0,0,7800
2026-01-07 21:52:00,3134.0,3134.0,3134.0,3134.0,0,7800
2026-01-07 21:54:00,3132.0,3132.0,3132.0,3132.0,30,7740
2026-01-07 21:55:00,3132.0,3132.0,3132.0,3132.0,0,7740
2026-01-07 21:56:00,3130.0,3132.0,3130.0,3130.0,60,7680
2026-01-07 21:57:00,3130.0,3130.0,3130.0,3130.0,0,7680
2026-01-07 21:58:00,3130.0,3130.0,3130.0,3130.0,0,7680
2026-01-07 21:59:00,3130.0,3130.0,3130.0,3130.0,0,7680
2026-01-07 22:00:00,3130.0,3132.0,3130.0,3132.0,30,7680
2026-01-07 22:01:00,3132.0,3132.0,3132.0,3132.0,0,7680
2026-01-07 22:02:00,3132.0,3132.0,3132.0,3132.0,0,7680
2026-01-07 22:04:00,3130.0,3132.0,3130.0,3130.0,60,7620
2026-01-07 22:05:00,3130.0,3130.0,3130.0,3130.0,0,7620
2026-01-07 22:06:00,3130.0,3130.0,3130.0,3130.0,0,7620
2026-01-07 22:13:00,3130.0,3130.0,3130.0,3130.0,0,7620
2026-01-07 22:16:00,3130.0,3130.0,3130.0,3130.0,0,7620
2026-01-07 22:17:00,3130.0,3130.0,3130.0,3130.0,0,7620
2026-01-07 22:18:00,3130.0,3130.0,3130.0,3130.0,0,7620
2026-01-07 22:19:00,3130.0,3130.0,3130.0,3130.0,0,7620
2026-01-07 22:20:00,3130.0,3130.0,3130.0,3130.0,0,7620
2026-01-07 22:21:00,3136.0,3137.0,3130.0,3137.0,60,7560
2026-01-07 22:22:00,3132.0,3132.0,3132.0,3132.0,30,7530
2026-01-07 22:23:00,3132.0,3132.0,3132.0,3132.0,30,7500
2026-01-07 22:24:00,3131.0,3131.0,3131.0,3131.0,30,7470
2026-01-07 22:25:00,3131.0,3131.0,3131.0,3131.0,0,7470
2026-01-07 22:26:00,3131.0,3131.0,3131.0,3131.0,0,7470
2026-01-07 22:27:00,3131.0,3131.0,3131.0,3131.0,0,7470
2026-01-07 22:28:00,3131.0,3131.0,3131.0,3131.0,0,7470
2026-01-07 22:29:00,3131.0,3131.0,3131.0,3131.0,0,7470
2026-01-07 22:31:00,3131.0,3131.0,3131.0,3131.0,0,7470
2026-01-07 22:32:00,3136.0,3136.0,3131.0,3131.0,30,7440
2026-01-07 22:33:00,3131.0,3131.0,3131.0,3131.0,30,7440
2026-01-07 22:34:00,3131.0,3135.0,3131.0,3135.0,60,7410
2026-01-07 22:35:00,3135.0,3135.0,3135.0,3135.0,0,7410
2026-01-07 22:36:00,3135.0,3135.0,3135.0,3135.0,0,7410
2026-01-07 22:37:00,3135.0,3135.0,3135.0,3135.0,0,7410
2026-01-07 22:38:00,3135.0,3135.0,3135.0,3135.0,0,7410
2026-01-07 22:39:00,3135.0,3135.0,3135.0,3135.0,0,7410
2026-01-07 22:40:00,3135.0,3135.0,3135.0,3135.0,0,7410
2026-01-07 22:41:00,3136.0,3136.0,3135.0,3136.0,30,7410
2026-01-07 22:42:00,3136.0,3136.0,3136.0,3136.0,0,7410
2026-01-07 22:43:00,3136.0,3136.0,3136.0,3136.0,0,7410
2026-01-07 22:44:00,3136.0,3136.0,3136.0,3136.0,0,7410
2026-01-07 22:45:00,3136.0,3136.0,3136.0,3136.0,0,7410
2026-01-07 22:46:00,3136.0,3136.0,3136.0,3136.0,0,7410
2026-01-07 22:48:00,3136.0,3136.0,3136.0,3136.0,0,7410
2026-01-07 22:50:00,3136.0,3136.0,3136.0,3136.0,0,7410
2026-01-07 22:51:00,3136.0,3136.0,3136.0,3136.0,0,7410
2026-01-07 22:52:00,3136.0,3136.0,3136.0,3136.0,0,7410
2026-01-07 22:53:00,3136.0,3136.0,3136.0,3136.0,0,7410
2026-01-07 22:55:00,3136.0,3136.0,3136.0,3136.0,0,7410
2026-01-07 22:56:00,3136.0,3136.0,3136.0,3136.0,0,7410
2026-01-07 22:58:00,3136.0,3136.0,3136.0,3136.0,0,7410
2026-01-07 23:00:00,3136.0,3136.0,3135.0,3135.0,30,7380
2026-01-08 09:01:00,3135.0,3135.0,3135.0,3135.0,180,7380
2026-01-08 09:02:00,3135.0,3135.0,3135.0,3135.0,0,7380
2026-01-08 09:03:00,3135.0,3135.0,3135.0,3135.0,0,7380
2026-01-08 09:04:00,3135.0,3135.0,3130.0,3130.0,30,7350
2026-01-08 09:05:00,3130.0,3130.0,3130.0,3130.0,0,7350
2026-01-08 09:07:00,3130.0,3130.0,3130.0,3130.0,0,7350
2026-01-08 09:08:00,3130.0,3130.0,3130.0,3130.0,60,7290
2026-01-08 09:09:00,3130.0,3130.0,3130.0,3130.0,0,7290
2026-01-08 09:10:00,3130.0,3130.0,3130.0,3130.0,0,7290
2026-01-08 09:11:00,3130.0,3130.0,3130.0,3130.0,0,7290
2026-01-08 09:13:00,3130.0,3130.0,3130.0,3130.0,30,7260
2026-01-08 09:14:00,3130.0,3130.0,3130.0,3130.0,0,7260
2026-01-08 09:15:00,3130.0,3130.0,3130.0,3130.0,0,7260
2026-01-08 09:20:00,3130.0,3130.0,3130.0,3130.0,0,7260
2026-01-08 09:22:00,3130.0,3130.0,3130.0,3130.0,0,7260
2026-01-08 09:27:00,3130.0,3130.0,3130.0,3130.0,30,7260
2026-01-08 09:29:00,3130.0,3130.0,3130.0,3130.0,0,7260
2026-01-08 09:41:00,3130.0,3130.0,3130.0,3130.0,0,7230
2026-01-08 09:42:00,3130.0,3130.0,3130.0,3130.0,0,7230
2026-01-08 09:43:00,3130.0,3130.0,3130.0,3130.0,0,7230
2026-01-08 09:52:00,3130.0,3130.0,3130.0,3130.0,0,7230
2026-01-08 09:53:00,3130.0,3130.0,3130.0,3130.0,0,7230
2026-01-08 09:54:00,3130.0,3130.0,3130.0,3130.0,0,7230
2026-01-08 09:58:00,3130.0,3130.0,3130.0,3130.0,30,7200
2026-01-08 09:59:00,3130.0,3130.0,3130.0,3130.0,0,7200
2026-01-08 10:00:00,3130.0,3130.0,3130.0,3130.0,0,7200
2026-01-08 10:01:00,3130.0,3130.0,3130.0,3130.0,0,7200
2026-01-08 10:02:00,3130.0,3130.0,3130.0,3130.0,0,7200
2026-01-08 10:04:00,3130.0,3130.0,3130.0,3130.0,0,7200
2026-01-08 10:05:00,3137.0,3137.0,3137.0,3137.0,30,7200
2026-01-08 10:06:00,3137.0,3137.0,3137.0,3137.0,0,7200
2026-01-08 10:07:00,3137.0,3137.0,3137.0,3137.0,0,7200
2026-01-08 10:08:00,3137.0,3137.0,3137.0,3137.0,0,7200
2026-01-08 10:09:00,3137.0,3138.0,3137.0,3138.0,30,7170
2026-01-08 10:10:00,3138.0,3138.0,3138.0,3138.0,0,7170
2026-01-08 10:14:00,3138.0,3138.0,3138.0,3138.0,0,7170
2026-01-08 10:15:00,3138.0,3138.0,3138.0,3138.0,0,7170
2026-01-08 10:31:00,3138.0,3138.0,3138.0,3138.0,0,7170
2026-01-08 10:33:00,3138.0,3138.0,3138.0,3138.0,0,7170
2026-01-08 10:35:00,3138.0,3138.0,3138.0,3138.0,0,7170
2026-01-08 10:36:00,3138.0,3138.0,3138.0,3138.0,0,7170
2026-01-08 10:38:00,3138.0,3138.0,3138.0,3138.0,0,7170
2026-01-08 10:43:00,3130.0,3138.0,3130.0,3138.0,30,7110
2026-01-08 10:44:00,3138.0,3138.0,3138.0,3138.0,0,7110
2026-01-08 10:47:00,3138.0,3138.0,3138.0,3138.0,0,7110
2026-01-08 10:50:00,3138.0,3138.0,3138.0,3138.0,0,7110
2026-01-08 10:51:00,3138.0,3138.0,3138.0,3138.0,0,7110
2026-01-08 10:52:00,3138.0,3138.0,3138.0,3138.0,0,7110
2026-01-08 10:55:00,3138.0,3138.0,3138.0,3138.0,0,7110
2026-01-08 10:56:00,3138.0,3138.0,3138.0,3138.0,0,7110
2026-01-08 10:57:00,3138.0,3138.0,3138.0,3138.0,0,7110
2026-01-08 10:58:00,3138.0,3138.0,3129.0,3129.0,30,7080
2026-01-08 10:59:00,3129.0,3129.0,3129.0,3129.0,0,7080
2026-01-08 11:00:00,3129.0,3129.0,3129.0,3129.0,0,7080
2026-01-08 11:02:00,3129.0,3129.0,3129.0,3129.0,0,7080
2026-01-08 11:03:00,3129.0,3129.0,3129.0,3129.0,0,7080
2026-01-08 11:04:00,3129.0,3129.0,3129.0,3129.0,0,7080
2026-01-08 11:06:00,3129.0,3129.0,3129.0,3129.0,0,7080
2026-01-08 11:07:00,3129.0,3129.0,3129.0,3129.0,0,7080
2026-01-08 11:09:00,3129.0,3129.0,3129.0,3129.0,0,7080
2026-01-08 11:10:00,3129.0,3129.0,3129.0,3129.0,0,7080
2026-01-08 11:11:00,3129.0,3129.0,3129.0,3129.0,0,7080
2026-01-08 11:12:00,3129.0,3129.0,3129.0,3129.0,0,7080
2026-01-08 11:18:00,3129.0,3129.0,3129.0,3129.0,0,7080
2026-01-08 11:21:00,3124.0,3124.0,3106.0,3124.0,60,7050
2026-01-08 11:22:00,3124.0,3124.0,3124.0,3124.0,0,7050
2026-01-08 11:23:00,3124.0,3124.0,3110.0,3110.0,30,7020
2026-01-08 11:24:00,3110.0,3110.0,3110.0,3110.0,0,7020
2026-01-08 11:25:00,3110.0,3110.0,3110.0,3110.0,0,7020
2026-01-08 11:29:00,3110.0,3110.0,3110.0,3110.0,0,7020
2026-01-08 11:30:00,3110.0,3110.0,3110.0,3110.0,0,7020
2026-01-08 13:31:00,3110.0,3110.0,3110.0,3110.0,0,7020
2026-01-08 13:32:00,3110.0,3110.0,3110.0,3110.0,0,7020
2026-01-08 13:33:00,3110.0,3110.0,3110.0,3110.0,0,7020
2026-01-08 13:34:00,3110.0,3110.0,3110.0,3110.0,0,7020
2026-01-08 13:35:00,3110.0,3110.0,3110.0,3110.0,0,7020
2026-01-08 13:36:00,3110.0,3110.0,3110.0,3110.0,0,7020
2026-01-08 13:37:00,3110.0,3110.0,3105.0,3105.0,90,6930
2026-01-08 13:38:00,3105.0,3105.0,3105.0,3105.0,0,6930
2026-01-08 13:39:00,3105.0,3105.0,3105.0,3105.0,0,6930
2026-01-08 13:40:00,3105.0,3105.0,3105.0,3105.0,0,6930
2026-01-08 13:41:00,3105.0,3105.0,3105.0,3105.0,0,6930
2026-01-08 13:42:00,3105.0,3105.0,3105.0,3105.0,0,6930
2026-01-08 13:43:00,3105.0,3105.0,3105.0,3105.0,0,6930
2026-01-08 13:44:00,3105.0,3105.0,3105.0,3105.0,0,6930
2026-01-08 13:45:00,3105.0,3105.0,3105.0,3105.0,0,6930
2026-01-08 13:46:00,3105.0,3105.0,3105.0,3105.0,0,6930
2026-01-08 13:47:00,3105.0,3105.0,3105.0,3105.0,0,6930
2026-01-08 13:48:00,3105.0,3105.0,3105.0,3105.0,0,6930
2026-01-08 13:49:00,3105.0,3106.0,3105.0,3106.0,30,6900
2026-01-08 13:51:00,3106.0,3106.0,3106.0,3106.0,0,6900
2026-01-08 13:52:00,3106.0,3106.0,3106.0,3106.0,0,6900
2026-01-08 13:53:00,3106.0,3106.0,3106.0,3106.0,0,6900
2026-01-08 13:57:00,3106.0,3106.0,3106.0,3106.0,0,6900
2026-01-08 13:58:00,3106.0,3106.0,3106.0,3106.0,0,6900
2026-01-08 13:59:00,3106.0,3106.0,3106.0,3106.0,0,6900
2026-01-08 14:00:00,3106.0,3106.0,3106.0,3106.0,0,6900
2026-01-08 14:02:00,3106.0,3106.0,3106.0,3106.0,0,6900
2026-01-08 14:03:00,3121.0,3121.0,3121.0,3121.0,0,6900
2026-01-08 14:04:00,3121.0,3121.0,3121.0,3121.0,0,6900
2026-01-08 14:05:00,3121.0,3121.0,3121.0,3121.0,0,6900
2026-01-08 14:06:00,3112.0,3112.0,3112.0,3112.0,0,6870
2026-01-08 14:07:00,3112.0,3112.0,3112.0,3112.0,0,6870
2026-01-08 14:08:00,3112.0,3112.0,3112.0,3112.0,0,6870
2026-01-08 14:09:00,3112.0,3112.0,3112.0,3112.0,0,6870
2026-01-08 14:10:00,3112.0,3112.0,3106.0,3106.0,90,6810
2026-01-08 14:11:00,3106.0,3106.0,3106.0,3106.0,0,6810
2026-01-08 14:12:00,3106.0,3106.0,3106.0,3106.0,0,6810
2026-01-08 14:13:00,3105.0,3106.0,3105.0,3105.0,30,6780
2026-01-08 14:14:00,3105.0,3105.0,3105.0,3105.0,0,6780
2026-01-08 14:15:00,3105.0,3105.0,3105.0,3105.0,0,6780
2026-01-08 14:16:00,3105.0,3105.0,3105.0,3105.0,0,6780
2026-01-08 14:17:00,3105.0,3105.0,3105.0,3105.0,0,6780
2026-01-08 14:18:00,3105.0,3105.0,3105.0,3105.0,0,6780
2026-01-08 14:19:00,3105.0,3105.0,3105.0,3105.0,0,6780
2026-01-08 14:22:00,3105.0,3105.0,3105.0,3105.0,0,6780
2026-01-08 14:23:00,3105.0,3105.0,3105.0,3105.0,0,6780
2026-01-08 14:24:00,3105.0,3105.0,3105.0,3105.0,0,6780
2026-01-08 14:26:00,3105.0,3105.0,3105.0,3105.0,0,6780
2026-01-08 14:27:00,3105.0,3105.0,3105.0,3105.0,0,6780
2026-01-08 14:29:00,3105.0,3105.0,3105.0,3105.0,0,6780
2026-01-08 14:30:00,3105.0,3105.0,3105.0,3105.0,0,6780
2026-01-08 14:31:00,3108.0,3108.0,3108.0,3108.0,0,6780
2026-01-08 14:33:00,3108.0,3108.0,3107.0,3107.0,30,6750
2026-01-08 14:38:00,3106.0,3106.0,3106.0,3106.0,30,6720
2026-01-08 14:39:00,3105.0,3106.0,3105.0,3105.0,30,6690
2026-01-08 14:40:00,3106.0,3106.0,3106.0,3106.0,0,6660
2026-01-08 14:41:00,3104.0,3106.0,3104.0,3104.0,30,6630
2026-01-08 14:42:00,3104.0,3104.0,3104.0,3104.0,0,6630
2026-01-08 14:43:00,3104.0,3104.0,3104.0,3104.0,0,6630
2026-01-08 14:44:00,3104.0,3104.0,3104.0,3104.0,0,6630
2026-01-08 14:45:00,3104.0,3104.0,3104.0,3104.0,0,6630
2026-01-08 14:46:00,3104.0,3104.0,3104.0,3104.0,30,6600
2026-01-08 14:48:00,3104.0,3104.0,3104.0,3104.0,0,6600
2026-01-08 14:50:00,3104.0,3104.0,3104.0,3104.0,0,6600
2026-01-08 14:51:00,3104.0,3104.0,3104.0,3104.0,0,6600
2026-01-08 14:54:00,3106.0,3106.0,3106.0,3106.0,30,6570
2026-01-08 14:55:00,3106.0,3106.0,3106.0,3106.0,0,6570
2026-01-08 14:56:00,3106.0,3106.0,3106.0,3106.0,0,6570
2026-01-08 14:57:00,3110.0,3110.0,3110.0,3110.0,90,6480
2026-01-08 14:58:00,3110.0,3110.0,3110.0,3110.0,0,6480
2026-01-08 14:59:00,3110.0,3110.0,3110.0,3110.0,0,6480
2026-01-08 15:00:00,3110.0,3127.0,3110.0,3127.0,30,6480
2026-01-08 21:03:00,3116.0,3116.0,3115.0,3115.0,60,6420
2026-01-08 21:04:00,3115.0,3115.0,3115.0,3115.0,0,6420
2026-01-08 21:05:00,3115.0,3115.0,3115.0,3115.0,0,6420
2026-01-08 21:06:00,3115.0,3115.0,3115.0,3115.0,0,6420
2026-01-08 21:07:00,3115.0,3115.0,3115.0,3115.0,0,6420
2026-01-08 21:09:00,3115.0,3115.0,3115.0,3115.0,0,6420
2026-01-08 21:10:00,3115.0,3115.0,3101.0,3101.0,30,6390
2026-01-08 21:11:00,3101.0,3101.0,3101.0,3101.0,0,6390
2026-01-08 21:14:00,3101.0,3101.0,3101.0,3101.0,0,6390
2026-01-08 21:15:00,3101.0,3101.0,3101.0,3101.0,0,6390
2026-01-08 21:16:00,3101.0,3101.0,3101.0,3101.0,0,6390
2026-01-08 21:19:00,3101.0,3101.0,3101.0,3101.0,0,6390
2026-01-08 21:20:00,3101.0,3101.0,3101.0,3101.0,0,6390
2026-01-08 21:23:00,3101.0,3101.0,3101.0,3101.0,0,6390
2026-01-08 21:24:00,3101.0,3101.0,3101.0,3101.0,0,6390
2026-01-08 21:28:00,3101.0,3101.0,3101.0,3101.0,0,6390
2026-01-08 21:33:00,3101.0,3101.0,3101.0,3101.0,0,6390
2026-01-08 21:46:00,3101.0,3101.0,3101.0,3101.0,0,6390
2026-01-08 21:47:00,3101.0,3101.0,3101.0,3101.0,0,6390
2026-01-08 21:50:00,3101.0,3101.0,3101.0,3101.0,0,6390
2026-01-08 21:51:00,3101.0,3101.0,3101.0,3101.0,0,6390
2026-01-08 21:52:00,3101.0,3101.0,3101.0,3101.0,0,6390
2026-01-08 21:58:00,3101.0,3101.0,3101.0,3101.0,0,6390
2026-01-08 22:01:00,3116.0,3116.0,3116.0,3116.0,30,6360
2026-01-08 22:03:00,3116.0,3116.0,3116.0,3116.0,0,6360
2026-01-08 22:04:00,3116.0,3116.0,3116.0,3116.0,0,6360
2026-01-08 22:05:00,3116.0,3116.0,3116.0,3116.0,0,6360
2026-01-08 22:06:00,3116.0,3116.0,3116.0,3116.0,0,6360
2026-01-08 22:07:00,3116.0,3116.0,3116.0,3116.0,0,6360
2026-01-08 22:08:00,3116.0,3116.0,3116.0,3116.0,30,6330
2026-01-08 22:09:00,3116.0,3116.0,3116.0,3116.0,0,6330
2026-01-08 22:10:00,3116.0,3116.0,3116.0,3116.0,0,6330
2026-01-08 22:11:00,3116.0,3116.0,3116.0,3116.0,0,6330
2026-01-08 22:12:00,3116.0,3116.0,3116.0,3116.0,0,6330
2026-01-08 22:14:00,3116.0,3116.0,3116.0,3116.0,0,6330
2026-01-08 22:18:00,3116.0,3116.0,3116.0,3116.0,0,6330
2026-01-08 22:19:00,3116.0,3116.0,3116.0,3116.0,0,6330
2026-01-08 22:21:00,3116.0,3116.0,3116.0,3116.0,30,6330
2026-01-08 22:22:00,3116.0,3116.0,3116.0,3116.0,0,6330
2026-01-08 22:23:00,3116.0,3116.0,3116.0,3116.0,0,6330
2026-01-08 22:24:00,3116.0,3116.0,3116.0,3116.0,0,6330
2026-01-08 22:25:00,3116.0,3116.0,3116.0,3116.0,0,6330
2026-01-08 22:26:00,3116.0,3116.0,3116.0,3116.0,0,6330
2026-01-08 22:27:00,3116.0,3116.0,3116.0,3116.0,0,6330
2026-01-08 22:29:00,3116.0,3116.0,3116.0,3116.0,0,6330
2026-01-08 22:31:00,3105.0,3105.0,3105.0,3105.0,30,6300
2026-01-08 22:32:00,3105.0,3105.0,3105.0,3105.0,0,6300
2026-01-08 22:36:00,3105.0,3105.0,3105.0,3105.0,0,6300
2026-01-08 22:42:00,3100.0,3100.0,3100.0,3100.0,30,6270
2026-01-08 22:44:00,3100.0,3100.0,3100.0,3100.0,0,6270
2026-01-08 22:46:00,3100.0,3100.0,3100.0,3100.0,0,6270
2026-01-08 22:47:00,3100.0,3100.0,3100.0,3100.0,0,6270
2026-01-08 22:48:00,3100.0,3100.0,3100.0,3100.0,0,6270
2026-01-08 22:56:00,3100.0,3100.0,3100.0,3100.0,0,6270
2026-01-09 09:01:00,3100.0,3100.0,3100.0,3100.0,0,6270
2026-01-09 09:05:00,3100.0,3100.0,3100.0,3100.0,0,6270
2026-01-09 09:07:00,3100.0,3100.0,3100.0,3100.0,0,6270
2026-01-09 09:14:00,3100.0,3100.0,3100.0,3100.0,0,6270
2026-01-09 09:52:00,3100.0,3100.0,3100.0,3100.0,0,6270
2026-01-09 10:02:00,3100.0,3100.0,3100.0,3100.0,0,6270
2026-01-09 10:03:00,3100.0,3100.0,3100.0,3100.0,0,6270
2026-01-09 10:04:00,3100.0,3100.0,3100.0,3100.0,0,6270
2026-01-09 10:05:00,3100.0,3100.0,3100.0,3100.0,0,6270
2026-01-09 10:06:00,3100.0,3100.0,3100.0,3100.0,0,6270
2026-01-09 10:07:00,3100.0,3100.0,3100.0,3100.0,0,6270
2026-01-09 10:11:00,3088.0,3088.0,3088.0,3088.0,0,6240
2026-01-09 10:12:00,3088.0,3088.0,3088.0,3088.0,0,6240
2026-01-09 10:13:00,3088.0,3088.0,3088.0,3088.0,0,6240
2026-01-09 10:31:00,3088.0,3088.0,3088.0,3088.0,0,6240
2026-01-09 10:36:00,3088.0,3088.0,3088.0,3088.0,0,6240
2026-01-09 10:37:00,3088.0,3088.0,3088.0,3088.0,0,6240
2026-01-09 10:38:00,3088.0,3088.0,3088.0,3088.0,0,6240
2026-01-09 10:39:00,3088.0,3088.0,3088.0,3088.0,0,6240
2026-01-09 10:40:00,3088.0,3088.0,3088.0,3088.0,0,6240
2026-01-09 10:43:00,3088.0,3088.0,3088.0,3088.0,0,6240
2026-01-09 10:44:00,3088.0,3088.0,3088.0,3088.0,0,6240
2026-01-09 10:45:00,3088.0,3088.0,3088.0,3088.0,0,6240
2026-01-09 10:46:00,3088.0,3088.0,3088.0,3088.0,0,6240
2026-01-09 10:48:00,3088.0,3088.0,3088.0,3088.0,0,6240
2026-01-09 10:52:00,3088.0,3088.0,3088.0,3088.0,0,6240
2026-01-09 10:53:00,3088.0,3088.0,3088.0,3088.0,0,6240
2026-01-09 10:57:00,3088.0,3088.0,3088.0,3088.0,0,6240
2026-01-09 11:01:00,3088.0,3088.0,3088.0,3088.0,0,6240
2026-01-09 11:05:00,3088.0,3088.0,3088.0,3088.0,0,6240
2026-01-09 11:07:00,3088.0,3088.0,3088.0,3088.0,0,6240
2026-01-09 11:16:00,3088.0,3088.0,3088.0,3088.0,0,6240
2026-01-09 11:17:00,3088.0,3088.0,3088.0,3088.0,0,6240
2026-01-09 11:30:00,3088.0,3088.0,3088.0,3088.0,0,6240
2026-01-09 13:31:00,3088.0,3088.0,3088.0,3088.0,0,6240
2026-01-09 13:32:00,3088.0,3088.0,3088.0,3088.0,0,6240
2026-01-09 13:47:00,3088.0,3088.0,3088.0,3088.0,0,6240
2026-01-09 13:55:00,3088.0,3088.0,3088.0,3088.0,0,6240
2026-01-09 13:56:00,3088.0,3088.0,3088.0,3088.0,0,6240
2026-01-09 14:15:00,3088.0,3088.0,3088.0,3088.0,0,6240
2026-01-09 14:16:00,3088.0,3088.0,3088.0,3088.0,0,6240
2026-01-09 14:19:00,3088.0,3088.0,3088.0,3088.0,0,6240
2026-01-09 14:29:00,3088.0,3088.0,3088.0,3088.0,0,6240
2026-01-09 14:30:00,3088.0,3088.0,3088.0,3088.0,0,6240
2026-01-09 14:32:00,3089.0,3089.0,3089.0,3089.0,0,6210
2026-01-09 14:33:00,3089.0,3089.0,3089.0,3089.0,0,6210
2026-01-09 14:34:00,3089.0,3089.0,3089.0,3089.0,0,6210
2026-01-09 14:39:00,3089.0,3089.0,3089.0,3089.0,0,6210
2026-01-09 14:40:00,3089.0,3089.0,3089.0,3089.0,0,6210
2026-01-09 14:41:00,3089.0,3089.0,3089.0,3089.0,0,6210
2026-01-09 14:44:00,3089.0,3089.0,3089.0,3089.0,0,6210
2026-01-09 14:45:00,3089.0,3089.0,3089.0,3089.0,0,6210
2026-01-09 14:46:00,3089.0,3089.0,3089.0,3089.0,0,6210
2026-01-09 14:51:00,3089.0,3089.0,3089.0,3089.0,0,6210
2026-01-09 14:53:00,3089.0,3089.0,3089.0,3089.0,0,6210
2026-01-09 14:54:00,3089.0,3089.0,3089.0,3089.0,0,6210
2026-01-09 14:55:00,3089.0,3089.0,3089.0,3089.0,0,6210
2026-01-09 14:58:00,3089.0,3089.0,3089.0,3089.0,0,6210
2026-01-12 09:31:00,3130.0,3130.0,3130.0,3130.0,630,6180
2026-01-12 09:34:00,3130.0,3130.0,3130.0,3130.0,0,6180
2026-01-12 09:35:00,3130.0,3130.0,3130.0,3130.0,0,6180
2026-01-12 09:36:00,3130.0,3130.0,3130.0,3130.0,0,6180
2026-01-12 09:37:00,3138.0,3138.0,3138.0,3138.0,30,6150
2026-01-12 09:38:00,3138.0,3138.0,3138.0,3138.0,0,6150
2026-01-12 09:40:00,3138.0,3138.0,3138.0,3138.0,0,6150
2026-01-12 09:41:00,3138.0,3138.0,3138.0,3138.0,0,6150
2026-01-12 09:44:00,3138.0,3138.0,3138.0,3138.0,0,6150
2026-01-12 09:50:00,3138.0,3138.0,3138.0,3138.0,0,6150
2026-01-12 09:51:00,3138.0,3138.0,3138.0,3138.0,0,6150
2026-01-12 09:52:00,3138.0,3138.0,3138.0,3138.0,0,6150
2026-01-12 09:57:00,3138.0,3138.0,3138.0,3138.0,0,6150
2026-01-12 09:58:00,3138.0,3138.0,3138.0,3138.0,0,6150
2026-01-12 10:10:00,3138.0,3138.0,3138.0,3138.0,0,6150
2026-01-12 10:31:00,3138.0,3138.0,3138.0,3138.0,0,6150
2026-01-12 10:41:00,3138.0,3138.0,3138.0,3138.0,0,6150
2026-01-12 10:42:00,3138.0,3138.0,3138.0,3138.0,0,6150
2026-01-12 10:43:00,3132.0,3132.0,3132.0,3132.0,0,6150
2026-01-12 10:44:00,3132.0,3132.0,3132.0,3132.0,0,6150
2026-01-12 10:45:00,3130.0,3130.0,3130.0,3130.0,0,6120
2026-01-12 10:59:00,3130.0,3130.0,3130.0,3130.0,0,6120
2026-01-12 11:02:00,3130.0,3130.0,3130.0,3130.0,0,6120
2026-01-12 11:08:00,3130.0,3130.0,3130.0,3130.0,0,6120
2026-01-12 11:16:00,3130.0,3130.0,3130.0,3130.0,0,6120
2026-01-12 11:19:00,3133.0,3133.0,3133.0,3133.0,30,6120
2026-01-12 11:20:00,3133.0,3133.0,3133.0,3133.0,0,6120
2026-01-12 11:24:00,3133.0,3133.0,3133.0,3133.0,0,6120
2026-01-12 13:31:00,3133.0,3133.0,3133.0,3133.0,0,6120
2026-01-12 13:33:00,3133.0,3133.0,3133.0,3133.0,0,6120
2026-01-12 13:44:00,3133.0,3133.0,3133.0,3133.0,0,6120
2026-01-12 13:47:00,3133.0,3133.0,3133.0,3133.0,0,6120
2026-01-12 13:48:00,3133.0,3133.0,3133.0,3133.0,0,6120
2026-01-12 13:51:00,3133.0,3133.0,3133.0,3133.0,0,6120
2026-01-12 14:12:00,3133.0,3133.0,3133.0,3133.0,0,6120
2026-01-12 14:13:00,3133.0,3133.0,3133.0,3133.0,0,6120
2026-01-12 14:29:00,3133.0,3133.0,3133.0,3133.0,0,6120
2026-01-12 21:01:00,3132.0,3132.0,3132.0,3132.0,720,5640
2026-01-12 21:02:00,3132.0,3132.0,3132.0,3132.0,0,5640
2026-01-12 21:03:00,3132.0,3132.0,3132.0,3132.0,0,5640
2026-01-12 21:04:00,3132.0,3132.0,3132.0,3132.0,0,5640
2026-01-12 21:05:00,3132.0,3132.0,3132.0,3132.0,0,5640
2026-01-12 21:13:00,3132.0,3132.0,3132.0,3132.0,0,5640
2026-01-12 21:20:00,3132.0,3132.0,3132.0,3132.0,0,5640
2026-01-12 21:23:00,3132.0,3132.0,3132.0,3132.0,0,5640
2026-01-12 21:25:00,3132.0,3132.0,3132.0,3132.0,0,5640
2026-01-12 21:36:00,3132.0,3132.0,3132.0,3132.0,0,5640
2026-01-12 21:42:00,3132.0,3132.0,3132.0,3132.0,0,5640
2026-01-12 21:45:00,3132.0,3132.0,3132.0,3132.0,0,5640
2026-01-12 21:47:00,3132.0,3132.0,3132.0,3132.0,0,5640
2026-01-12 21:50:00,3132.0,3132.0,3132.0,3132.0,0,5640
2026-01-12 21:51:00,3132.0,3132.0,3132.0,3132.0,0,5640
2026-01-12 21:52:00,3132.0,3132.0,3132.0,3132.0,0,5640
2026-01-12 21:53:00,3132.0,3132.0,3132.0,3132.0,0,5640
2026-01-12 21:54:00,3132.0,3132.0,3132.0,3132.0,0,5640
2026-01-12 21:56:00,3132.0,3132.0,3132.0,3132.0,0,5640
2026-01-12 22:01:00,3132.0,3132.0,3132.0,3132.0,0,5640
2026-01-12 22:03:00,3132.0,3132.0,3132.0,3132.0,0,5640
2026-01-12 22:05:00,3132.0,3132.0,3132.0,3132.0,0,5640
2026-01-12 22:06:00,3132.0,3132.0,3132.0,3132.0,0,5640
2026-01-12 22:07:00,3132.0,3132.0,3132.0,3132.0,0,5640
2026-01-12 22:08:00,3132.0,3132.0,3132.0,3132.0,0,5640
2026-01-12 22:09:00,3132.0,3132.0,3132.0,3132.0,0,5640
2026-01-12 22:10:00,3132.0,3132.0,3132.0,3132.0,0,5640
2026-01-12 22:15:00,3132.0,3132.0,3132.0,3132.0,0,5640
2026-01-12 22:16:00,3132.0,3132.0,3132.0,3132.0,0,5640
2026-01-12 22:19:00,3132.0,3132.0,3132.0,3132.0,0,5640
2026-01-12 22:28:00,3132.0,3132.0,3132.0,3132.0,0,5640
2026-01-12 22:29:00,3132.0,3132.0,3132.0,3132.0,0,5640
2026-01-12 22:30:00,3132.0,3132.0,3132.0,3132.0,0,5640
2026-01-12 22:31:00,3132.0,3132.0,3132.0,3132.0,0,5640
2026-01-12 22:35:00,3132.0,3132.0,3132.0,3132.0,0,5640
2026-01-12 22:37:00,3132.0,3132.0,3132.0,3132.0,0,5640
2026-01-12 22:38:00,3132.0,3132.0,3132.0,3132.0,0,5640
2026-01-12 22:39:00,3132.0,3132.0,3132.0,3132.0,0,5640
2026-01-12 22:42:00,3132.0,3132.0,3132.0,3132.0,0,5640
2026-01-12 22:59:00,3132.0,3132.0,3132.0,3132.0,0,5640
2026-01-12 23:00:00,3132.0,3132.0,3132.0,3132.0,0,5640
2026-01-13 09:01:00,3132.0,3132.0,3132.0,3132.0,0,5640
2026-01-13 09:04:00,3132.0,3132.0,3132.0,3132.0,0,5640
2026-01-13 09:05:00,3132.0,3132.0,3132.0,3132.0,0,5640
2026-01-13 09:11:00,3132.0,3132.0,3132.0,3132.0,0,5640
2026-01-13 09:29:00,3132.0,3132.0,3132.0,3132.0,0,5640
2026-01-13 09:33:00,3133.0,3133.0,3133.0,3133.0,30,5610
2026-01-13 09:37:00,3133.0,3133.0,3133.0,3133.0,0,5610
2026-01-13 09:40:00,3133.0,3133.0,3133.0,3133.0,0,5610
2026-01-13 09:41:00,3133.0,3133.0,3133.0,3133.0,0,5610
2026-01-13 09:51:00,3133.0,3133.0,3133.0,3133.0,0,5610
2026-01-13 09:59:00,3133.0,3133.0,3133.0,3133.0,0,5610
2026-01-13 10:02:00,3133.0,3133.0,3133.0,3133.0,0,5610
2026-01-13 10:06:00,3133.0,3133.0,3133.0,3133.0,0,5610
2026-01-13 10:31:00,3133.0,3133.0,3133.0,3133.0,0,5610
2026-01-13 10:40:00,3133.0,3133.0,3133.0,3133.0,0,5610
2026-01-13 10:44:00,3133.0,3133.0,3133.0,3133.0,0,5610
2026-01-13 10:56:00,3132.0,3132.0,3132.0,3132.0,30,5580
2026-01-13 11:00:00,3132.0,3132.0,3132.0,3132.0,0,5580
2026-01-13 11:01:00,3133.0,3133.0,3133.0,3133.0,90,5520
2026-01-13 11:23:00,3134.0,3134.0,3134.0,3134.0,60,5460
2026-01-13 11:25:00,3134.0,3134.0,3134.0,3134.0,0,5460
2026-01-13 11:28:00,3134.0,3134.0,3134.0,3134.0,0,5460
2026-01-13 13:31:00,3134.0,3134.0,3134.0,3134.0,0,5460
2026-01-13 13:35:00,3134.0,3134.0,3134.0,3134.0,0,5460
2026-01-13 13:37:00,3134.0,3134.0,3134.0,3134.0,0,5460
2026-01-13 14:37:00,3134.0,3134.0,3134.0,3134.0,0,5460
2026-01-13 14:40:00,3134.0,3134.0,3134.0,3134.0,0,5460
2026-01-13 14:44:00,3134.0,3134.0,3134.0,3134.0,0,5460
2026-01-13 14:47:00,3134.0,3134.0,3134.0,3134.0,0,5460
2026-01-13 14:50:00,3134.0,3134.0,3134.0,3134.0,0,5460
2026-01-13 14:53:00,3134.0,3134.0,3134.0,3134.0,0,5460
2026-01-13 14:57:00,3134.0,3134.0,3134.0,3134.0,0,5460
2026-01-13 15:00:00,3134.0,3134.0,3134.0,3134.0,0,5460
2026-01-14 09:05:00,3125.0,3125.0,3125.0,3125.0,720,5430
2026-01-14 09:06:00,3125.0,3133.0,3125.0,3133.0,30,5400
2026-01-14 09:08:00,3133.0,3133.0,3133.0,3133.0,0,5400
2026-01-14 09:14:00,3133.0,3133.0,3133.0,3133.0,0,5400
2026-01-14 09:19:00,3133.0,3133.0,3133.0,3133.0,0,5400
2026-01-14 09:20:00,3133.0,3133.0,3133.0,3133.0,0,5400
2026-01-14 09:25:00,3133.0,3133.0,3133.0,3133.0,0,5400
2026-01-14 09:30:00,3133.0,3133.0,3133.0,3133.0,0,5400
2026-01-14 09:31:00,3133.0,3133.0,3133.0,3133.0,0,5400
2026-01-14 10:31:00,3133.0,3133.0,3133.0,3133.0,0,5400
2026-01-14 10:34:00,3130.0,3130.0,3130.0,3130.0,240,5400
2026-01-14 10:41:00,3130.0,3130.0,3130.0,3130.0,0,5400
2026-01-14 11:12:00,3130.0,3130.0,3130.0,3130.0,0,5400
2026-01-14 11:29:00,3135.0,3135.0,3135.0,3135.0,30,5400
2026-01-14 13:31:00,3135.0,3135.0,3135.0,3135.0,0,5400
2026-01-14 13:35:00,3135.0,3135.0,3135.0,3135.0,0,5400
2026-01-14 13:41:00,3135.0,3135.0,3135.0,3135.0,0,5400
2026-01-14 13:51:00,3135.0,3135.0,3135.0,3135.0,0,5400
2026-01-14 13:52:00,3135.0,3135.0,3135.0,3135.0,0,5400
2026-01-14 13:54:00,3135.0,3135.0,3135.0,3135.0,0,5400
2026-01-14 13:55:00,3135.0,3135.0,3135.0,3135.0,0,5400
2026-01-14 14:21:00,3135.0,3135.0,3135.0,3135.0,0,5400
2026-01-14 14:29:00,3135.0,3135.0,3135.0,3135.0,0,5400
2026-01-14 14:32:00,3149.0,3149.0,3149.0,3149.0,30,5400
2026-01-14 14:33:00,3149.0,3149.0,3149.0,3149.0,0,5400
2026-01-14 14:34:00,3149.0,3149.0,3149.0,3149.0,0,5400
2026-01-14 14:35:00,3149.0,3149.0,3149.0,3149.0,0,5400
2026-01-14 14:36:00,3149.0,3149.0,3149.0,3149.0,0,5400
2026-01-14 14:37:00,3149.0,3149.0,3149.0,3149.0,0,5400
2026-01-14 14:38:00,3149.0,3149.0,3143.0,3143.0,60,5340
2026-01-14 14:40:00,3143.0,3143.0,3143.0,3143.0,0,5340
2026-01-14 14:41:00,3143.0,3143.0,3143.0,3143.0,0,5340
2026-01-14 14:42:00,3143.0,3143.0,3143.0,3143.0,0,5340
2026-01-14 14:45:00,3143.0,3143.0,3143.0,3143.0,0,5340
2026-01-14 14:46:00,3143.0,3143.0,3143.0,3143.0,0,5340
2026-01-14 14:53:00,3143.0,3143.0,3143.0,3143.0,0,5340
2026-01-15 09:15:00,3165.0,3165.0,3165.0,3165.0,480,5310
2026-01-15 09:19:00,3165.0,3165.0,3165.0,3165.0,0,5310
2026-01-15 09:20:00,3165.0,3165.0,3165.0,3165.0,0,5310
2026-01-15 09:22:00,3165.0,3165.0,3165.0,3165.0,0,5310
2026-01-15 09:23:00,3165.0,3165.0,3165.0,3165.0,0,5310
2026-01-15 09:24:00,3165.0,3165.0,3165.0,3165.0,0,5310
2026-01-15 09:25:00,3165.0,3165.0,3165.0,3165.0,0,5310
2026-01-15 09:27:00,3165.0,3165.0,3165.0,3165.0,0,5310
2026-01-15 09:31:00,3165.0,3165.0,3165.0,3165.0,0,5310
2026-01-15 09:32:00,3165.0,3165.0,3165.0,3165.0,0,5310
2026-01-15 09:40:00,3165.0,3165.0,3165.0,3165.0,0,5310
2026-01-15 09:41:00,3165.0,3165.0,3165.0,3165.0,0,5310
2026-01-15 09:46:00,3165.0,3165.0,3165.0,3165.0,0,5310
2026-01-15 09:47:00,3165.0,3165.0,3165.0,3165.0,0,5310
2026-01-15 09:49:00,3165.0,3165.0,3165.0,3165.0,0,5310
2026-01-15 09:50:00,3165.0,3165.0,3165.0,3165.0,0,5310
2026-01-15 09:51:00,3165.0,3165.0,3165.0,3165.0,0,5310
2026-01-15 09:56:00,3165.0,3165.0,3165.0,3165.0,0,5310
2026-01-15 09:59:00,3165.0,3165.0,3165.0,3165.0,0,5310
2026-01-15 10:05:00,3165.0,3165.0,3165.0,3165.0,0,5310
2026-01-15 10:07:00,3165.0,3165.0,3165.0,3165.0,0,5310
2026-01-15 10:10:00,3165.0,3165.0,3165.0,3165.0,0,5310
2026-01-15 10:31:00,3165.0,3165.0,3165.0,3165.0,0,5310
2026-01-15 10:32:00,3165.0,3165.0,3165.0,3165.0,0,5310
2026-01-15 10:33:00,3165.0,3165.0,3165.0,3165.0,0,5310
2026-01-15 10:37:00,3165.0,3165.0,3165.0,3165.0,0,5310
2026-01-15 10:44:00,3165.0,3165.0,3165.0,3165.0,0,5310
2026-01-15 10:46:00,3165.0,3165.0,3165.0,3165.0,0,5310
2026-01-15 10:47:00,3165.0,3165.0,3165.0,3165.0,0,5310
2026-01-15 10:54:00,3165.0,3165.0,3165.0,3165.0,0,5310
2026-01-15 11:26:00,3165.0,3165.0,3165.0,3165.0,0,5310
2026-01-15 11:29:00,3165.0,3165.0,3165.0,3165.0,0,5310
2026-01-15 13:31:00,3165.0,3165.0,3165.0,3165.0,0,5310
2026-01-15 13:56:00,3165.0,3165.0,3165.0,3165.0,0,5310
2026-01-15 13:58:00,3165.0,3165.0,3165.0,3165.0,0,5310
2026-01-15 14:12:00,3165.0,3165.0,3165.0,3165.0,0,5310
2026-01-15 14:13:00,3165.0,3165.0,3165.0,3165.0,0,5310
2026-01-15 14:15:00,3165.0,3165.0,3165.0,3165.0,0,5310
2026-01-15 14:16:00,3165.0,3165.0,3165.0,3165.0,0,5310
2026-01-15 14:43:00,3165.0,3165.0,3165.0,3165.0,0,5310
2026-01-15 14:44:00,3165.0,3165.0,3165.0,3165.0,0,5310
2026-01-15 14:46:00,3165.0,3165.0,3165.0,3165.0,0,5310
2026-01-15 14:51:00,3165.0,3165.0,3165.0,3165.0,0,5310
2026-01-15 14:56:00,3165.0,3165.0,3165.0,3165.0,0,5310
