symbol,short_party_name,long_party_name,rank,vol_party_name,long_open_interest,vol,vol_chg,short_open_interest_chg,short_open_interest,long_open_interest_chg,variety
cu2606,中信期货,中信期货,1,国泰君安,25775,16545,1394,-1483,20941,466,CU
cu2606,金瑞期货,国泰君安,2,中信期货,20503,14347,-3737,472,17727,-633,CU
cu2606,国泰君安,永安期货,3,东证期货,7902,13616,2065,446,13459,-123,CU
cu2606,银河期货,东证期货,4,华泰期货,6377,5815,586,1056,11572,415,CU
cu2606,光大期货,银河期货,5,国信期货,5961,4648,389,-346,7730,405,CU
cu2606,东证期货,中金财富,6,中财期货,4249,3150,2173,-185,6342,401,CU
cu2606,五矿期货,东吴期货,7,银河期货,3648,2939,651,86,6246,33,CU
cu2606,国信期货,中信建投,8,宝城期货,3561,2862,1021,120,4018,106,CU
cu2606,云晨期货,乾坤期货,9,中泰期货,3466,2568,413,28,3794,-628,CU
cu2606,建信期货,华泰期货,10,华闻期货,3463,2397,84,53,3552,-79,CU
cu2606,华泰期货,云晨期货,11,永安期货,3452,2310,115,168,3223,1,CU
cu2606,国联期货,方正中期,12,广发期货,3272,2303,-150,12,3119,181,CU
cu2606,兴业期货,金瑞期货,13,金瑞期货,2833,2041,-2959,27,3040,-71,CU
cu2606,中金岭南,建信期货,14,南华期货,2799,2026,-834,0,3008,-337,CU
cu2606,申万期货,一德期货,15,招商期货,2764,1964,749,15,2952,135,CU
cu2606,广发期货,广发期货,16,方正中期,2665,1870,-734,33,2937,14,CU
cu2606,南华期货,光大期货,17,东吴期货,2622,1868,385,138,2620,209,CU
cu2606,方正中期,南华期货,18,海通期货,2576,1753,59,175,2542,-200,CU
cu2606,国贸期货,信达期货,19,光大期货,2345,1521,367,195,2421,39,CU
cu2606,紫金天风,国信期货,20,申万期货,2264,1501,-63,382,2415,40,CU
cu2606,,,999,,112497,88044,1974,1392,123658,374,CU
cu2605,金瑞期货,国泰君安,1,国泰君安,17030,17656,-1613,-2083,13631,-2420,CU
cu2605,中信期货,中信期货,2,中信期货,15922,14871,-4207,-1083,12379,-1182,CU
cu2605,中粮期货,金瑞期货,3,东证期货,8285,11222,-1425,-21,8696,-89,CU
cu2605,国泰君安,东证期货,4,金瑞期货,6726,5692,-2204,-534,7541,-2032,CU
cu2605,银河期货,铜冠金源,5,银河期货,6527,5138,692,-901,7093,117,CU
cu2605,五矿期货,永安期货,6,华泰期货,3658,3977,-2015,-97,5909,-370,CU
cu2605,东证期货,银河期货,7,国信期货,3505,3790,-28,-524,4634,-87,CU
cu2605,国投期货,华泰期货,8,浙商期货,3457,3697,1924,-349,4387,-175,CU
cu2605,紫金天风,国元期货,9,中泰期货,3442,2301,-380,-678,3948,-113,CU
cu2605,华泰期货,国投期货,10,建信期货,2616,2130,-197,-108,3504,-161,CU
cu2605,光大期货,建信期货,11,海通期货,2365,2073,-47,-388,3121,40,CU
cu2605,兴业期货,南华期货,12,国贸期货,2359,2068,-662,-356,2878,-125,CU
cu2605,国贸期货,云晨期货,13,南华期货,2327,2021,-915,-526,2320,-357,CU
cu2605,长江期货,国信期货,14,五矿期货,2045,1736,395,-421,2308,206,CU
cu2605,广发期货,东吴期货,15,广发期货,1804,1673,-11,-109,2203,-187,CU
cu2605,海通期货,方正中期,16,云晨期货,1715,1670,-642,-92,2120,-168,CU
cu2605,南华期货,恒力期货,17,光大期货,1677,1637,-127,-80,2097,353,CU
cu2605,方正中期,中泰期货,18,国元期货,1668,1628,-371,-333,1937,42,CU
cu2605,华金期货,东海期货,19,华闻期货,1667,1422,-448,-218,1664,80,CU
cu2605,新湖期货,中信建投,20,中信建投,1663,1404,-353,-21,1561,60,CU
cu2605,,,999,,90458,87806,-12634,-8922,93931,-6568,CU
cu2607,中信期货,国泰君安,1,国泰君安,9881,4874,-201,1049,11628,1228,CU
cu2607,中银期货,中信期货,2,中信期货,8236,4636,-2061,20,6182,255,CU
cu2607,国泰君安,东证期货,3,东证期货,5070,2248,-1292,-30,5610,134,CU
cu2607,五矿期货,银河期货,4,国信期货,3353,1780,222,302,4673,-3,CU
cu2607,金瑞期货,金瑞期货,5,华泰期货,2772,1253,-60,-77,4138,-83,CU
cu2607,物产中大,华泰期货,6,物产中大,1980,1052,-222,784,3652,75,CU
cu2607,银河期货,中信建投,7,南华期货,1926,944,622,11,3282,-12,CU
cu2607,光大期货,一德期货,8,浙商期货,1909,851,-140,-4,3077,-1,CU
cu2607,东证期货,建信期货,9,宝城期货,1623,814,91,6,2277,7,CU
cu2607,国投期货,方正中期,10,广发期货,1563,762,204,1,1717,68,CU
cu2607,先锋期货,弘业期货,11,弘业期货,1509,753,354,500,1712,50,CU
cu2607,兴业期货,南华期货,12,银河期货,1494,690,-815,5,1648,206,CU
cu2607,建信期货,申万期货,13,华闻期货,1448,654,17,1,1519,-25,CU
cu2607,华泰期货,东吴期货,14,申万期货,1442,651,107,62,1467,-15,CU
cu2607,东亚期货,中泰期货,15,先锋期货,1428,568,534,-276,1406,-68,CU
cu2607,铜冠金源,中航期货,16,海通期货,1410,501,110,-75,1276,-100,CU
cu2607,浙商期货,永安期货,17,金瑞期货,1402,492,-111,-11,1098,45,CU
cu2607,南华期货,新湖期货,18,中辉期货,1365,469,-55,-2,991,2,CU
cu2607,国联期货,国信期货,19,东亚期货,1341,465,178,38,891,-327,CU
cu2607,方正中期,平安期货,20,招商期货,1165,438,98,106,839,-36,CU
cu2607,,,999,,52317,24895,-2420,2410,59083,1400,CU
cu2609,中信期货,国泰君安,1,国泰君安,3816,2994,1429,65,10231,1450,CU
cu2609,国泰君安,中信期货,2,中信期货,2879,1222,134,538,8921,-89,CU
cu2609,光大期货,方正中期,3,申万期货,2251,899,219,3,2895,9,CU
cu2609,华泰期货,申万期货,4,广发期货,1964,815,510,256,1657,0,CU
cu2609,金瑞期货,信达期货,5,华泰期货,1826,724,270,196,1586,0,CU
cu2609,东亚期货,光大期货,6,东亚期货,1379,638,221,161,1358,25,CU
cu2609,东证期货,平安期货,7,国信期货,1325,507,3,33,1235,-24,CU
cu2609,建信期货,铜冠金源,8,东证期货,1248,471,106,400,1221,1,CU
cu2609,南华期货,东吴期货,9,建信期货,1244,429,330,19,1107,3,CU
cu2609,中银期货,中航期货,10,银河期货,1180,371,-8,-5,1065,-2,CU
cu2609,广发期货,弘业期货,11,中泰期货,1165,353,147,123,836,0,CU
cu2609,申万期货,广州期货,12,金瑞期货,1135,343,137,95,593,7,CU
cu2609,中粮期货,金瑞期货,13,招商期货,1121,317,243,-2,553,-65,CU
cu2609,中泰期货,中信建投,14,光大期货,1014,288,61,9,461,144,CU
cu2609,银河期货,新湖期货,15,平安期货,979,251,157,-22,405,22,CU
cu2609,国联期货,南华期货,16,新湖期货,963,246,76,5,394,13,CU
cu2609,国投期货,大地期货,17,中信建投,958,214,150,1,368,-1,CU
cu2609,财信期货,银河期货,18,永安期货,873,198,73,0,363,-119,CU
cu2609,海通期货,中辉期货,19,长江期货,838,173,56,10,335,6,CU
cu2609,华金期货,华泰期货,20,南华期货,827,164,112,0,294,222,CU
cu2609,,,999,,28985,11617,4426,1885,35878,1602,CU
cu2612,中信期货,中信期货,1,中信期货,2065,732,565,652,10026,6,CU
cu2612,国泰君安,金瑞期货,2,国泰君安,1574,665,253,-101,2802,19,CU
cu2612,光大期货,申万期货,3,申万期货,1570,492,124,4,1926,-71,CU
cu2612,乾坤期货,方正中期,4,建信期货,1037,401,400,0,1627,-12,CU
cu2612,华泰期货,建信期货,5,银河期货,1019,239,-24,21,976,401,CU
cu2612,铜冠金源,铜冠金源,6,渤海期货,922,227,220,3,918,0,CU
cu2612,金瑞期货,国泰君安,7,南华期货,902,224,-241,18,881,-96,CU
cu2612,东证期货,银河期货,8,华泰期货,852,184,-78,2,470,127,CU
cu2612,广发期货,国投期货,9,徽商期货,829,177,-20,-64,348,26,CU
cu2612,银河期货,中航期货,10,广发期货,808,171,-67,20,142,0,CU
cu2612,国联期货,海通期货,11,金瑞期货,781,151,82,2,127,12,CU
cu2612,上海中期,南华期货,12,光大期货,680,148,-5,0,119,219,CU
cu2612,方正中期,广州期货,13,新湖期货,637,146,76,0,115,3,CU
cu2612,中粮期货,信达期货,14,东证期货,625,124,-98,1,110,0,CU
cu2612,创元期货,招商期货,15,中泰期货,519,115,21,0,105,2,CU
cu2612,东华期货,华泰期货,16,华闻期货,416,86,-27,0,70,23,CU
cu2612,一德期货,中辉期货,17,齐盛期货,408,76,72,-1,60,-1,CU
cu2612,新湖期货,光大期货,18,方正中期,384,68,43,17,47,4,CU
cu2612,中辉期货,永安期货,19,国联期货,384,64,12,0,43,0,CU
cu2612,中信建投,东吴期货,20,正信期货,347,62,1,0,42,-20,CU
cu2612,,,999,,16759,4552,1309,574,20954,642,CU
cu2608,国泰君安,国泰君安,1,国泰君安,3596,2123,892,-83,7397,974,CU
cu2608,中信期货,中信期货,2,东亚期货,2664,947,452,16,3651,12,CU
cu2608,银河期货,东亚期货,3,国信期货,2127,631,115,137,2687,-176,CU
cu2608,光大期货,金瑞期货,4,东证期货,2033,588,-60,22,2336,-53,CU
cu2608,五矿期货,申万期货,5,华泰期货,1679,573,141,0,1559,-45,CU
cu2608,金瑞期货,银河期货,6,中信期货,1441,534,-122,-12,1520,-20,CU
cu2608,中银期货,东吴期货,7,华闻期货,1342,384,-27,-1,1372,5,CU
cu2608,国联期货,东证期货,8,银河期货,1312,383,163,194,864,25,CU
cu2608,方正中期,中航期货,9,国联期货,1013,348,197,4,845,24,CU
cu2608,物产中大,广州期货,10,宝城期货,1013,298,-154,-15,728,6,CU
cu2608,东证期货,华泰期货,11,国投期货,992,274,273,59,717,127,CU
cu2608,铜冠金源,光大期货,12,铜冠金源,968,272,-218,185,638,12,CU
cu2608,中国国际,建信期货,13,渤海期货,775,265,258,0,533,1,CU
cu2608,国投期货,弘业期货,14,金瑞期货,731,247,-285,-54,530,40,CU
cu2608,华泰期货,中辉期货,15,广发期货,573,245,-29,84,527,10,CU
cu2608,民生期货,冠通期货,16,民生期货,537,240,175,202,487,0,CU
cu2608,东兴期货,华鑫期货,17,招商期货,523,210,89,0,420,205,CU
cu2608,中粮期货,南华期货,18,华鑫期货,523,205,201,-5,355,31,CU
cu2608,浙商期货,宝城期货,19,中银期货,472,202,13,37,342,-54,CU
cu2608,南华期货,方正中期,20,申万期货,409,182,-15,19,340,10,CU
cu2608,,,999,,24723,9151,2059,789,27848,1134,CU
al2608,中粮期货,国泰君安,1,中信期货,5010,4456,-4856,-2,5205,128,AL
al2608,中信期货,中信期货,2,东证期货,3630,2699,-383,464,4253,56,AL
al2608,国泰君安,银河期货,3,华泰期货,2612,2260,-3542,242,4064,413,AL
al2608,国信期货,东吴期货,4,海通期货,1643,1782,-1341,238,2922,-111,AL
al2608,国投期货,申万期货,5,国联期货,1421,1510,-921,29,2375,10,AL
al2608,永安期货,东亚期货,6,银河期货,1189,1330,-619,1,1965,-386,AL
al2608,光大期货,海通期货,7,国信期货,1075,1066,-332,-41,1275,18,AL
al2608,建信期货,中信建投,8,国泰君安,1060,1060,-2114,0,1167,1,AL
al2608,银河期货,正信期货,9,广发期货,1039,987,-1035,531,1138,411,AL
al2608,中泰期货,长城期货,10,中泰期货,1003,816,-1157,-29,879,0,AL
al2608,金瑞期货,招商期货,11,正信期货,965,805,-242,-15,872,45,AL
al2608,瑞达期货,中辉期货,12,申万期货,963,785,-948,-3,843,0,AL
al2608,浙商期货,东证期货,13,东亚期货,942,739,-133,-10,809,71,AL
al2608,东亚期货,中粮期货,14,华闻期货,931,710,-829,333,642,309,AL
al2608,五矿期货,创元期货,15,新湖期货,802,452,-483,7,590,241,AL
al2608,华泰期货,瑞达期货,16,东吴期货,795,389,-551,2,494,4,AL
al2608,财信期货,云晨期货,17,中辉期货,694,336,-2544,0,424,0,AL
al2608,混沌天成,方正中期,18,方正中期,687,332,-49,0,400,163,AL
al2608,英大期货,广发期货,19,中粮期货,623,323,-169,0,400,94,AL
al2608,云晨期货,混沌天成,20,宝城期货,600,303,-315,0,400,0,AL
al2608,,,999,,27684,23140,-22563,1747,31117,1467,AL
al2606,中信期货,中信期货,1,中信期货,42236,111387,-53945,-503,45864,1104,AL
al2606,浙商期货,国泰君安,2,国泰君安,31231,70461,-28551,657,28847,1282,AL
al2606,国泰君安,东证期货,3,东证期货,19995,55593,-14978,1187,28432,-2140,AL
al2606,国贸期货,乾坤期货,4,华泰期货,19778,40914,-11202,215,15076,-1599,AL
al2606,银河期货,永安期货,5,华闻期货,14179,24574,-22895,-858,13180,600,AL
al2606,华泰期货,中信建投,6,海通期货,12427,24415,-10389,609,11545,4894,AL
al2606,中粮期货,浙商期货,7,中信建投,8692,16737,2131,1298,9779,-248,AL
al2606,瑞达期货,银河期货,8,广发期货,8262,16491,-10712,1293,9741,320,AL
al2606,方正中期,申万期货,9,银河期货,8221,16232,-4334,1313,8785,233,AL
al2606,东证期货,国投期货,10,方正中期,7366,9979,-4368,963,8601,-183,AL
al2606,国海良时,广发期货,11,东方财富,7216,9935,-3875,71,8541,43,AL
al2606,广发期货,中辉期货,12,中泰期货,6840,9267,-6871,-390,8103,-122,AL
al2606,金瑞期货,华泰期货,13,国信期货,6827,7830,-5943,476,7470,325,AL
al2606,中泰期货,东吴期货,14,申万期货,6192,6664,-5417,57,7297,699,AL
al2606,国信期货,南华期货,15,国盛期货,5874,6583,-2010,1182,7129,-163,AL
al2606,五矿期货,云期货,16,兴证期货,5801,6513,61,-232,6760,72,AL
al2606,中信建投,瑞达期货,17,瑞达期货,5543,6351,-4085,-985,6386,-330,AL
al2606,光大期货,瑞银期货,18,浙商期货,5304,6297,-15663,-362,4934,223,AL
al2606,建信期货,五矿期货,19,东吴期货,5154,6189,-6889,258,4841,17,AL
al2606,国投期货,光大期货,20,徽商期货,4630,6153,-4447,-22,4805,451,AL
al2606,,,999,,231768,458565,-214382,6227,246116,5478,AL
al2605,浙商期货,国泰君安,1,中信期货,20533,37907,-46034,-106,18475,-2366,AL
al2605,中信期货,中信期货,2,国泰君安,17281,24065,-38855,-1414,16433,-1593,AL
al2605,国泰君安,永安期货,3,东证期货,6162,17177,-4285,-949,12802,-861,AL
al2605,中信建投,东证期货,4,华泰期货,5798,16542,-15163,-339,6677,-1614,AL
al2605,中粮期货,申万期货,5,海通期货,4659,13490,-14388,-577,5231,-609,AL
al2605,方正中期,东吴期货,6,东吴期货,4537,6526,-1754,-426,5149,168,AL
al2605,银河期货,华泰期货,7,浙商期货,4516,5859,-10493,-867,5094,-675,AL
al2605,国海良时,东亚期货,8,华闻期货,4412,5090,1727,-23,4912,-227,AL
al2605,华泰期货,银河期货,9,银河期货,3217,4094,-5596,-549,4836,-145,AL
al2605,中泰期货,光大期货,10,中泰期货,3202,3480,-7158,-352,4618,-13,AL
al2605,永安期货,浙商期货,11,广发期货,2997,3257,-8136,35,3812,-327,AL
al2605,国联期货,金瑞期货,12,中信建投,2995,3252,-4681,-179,3459,-274,AL
al2605,国贸期货,广发期货,13,光大期货,2933,2913,-485,-21,2985,-198,AL
al2605,东证期货,南华期货,14,东方财富,2918,2883,-4714,-463,2722,-126,AL
al2605,瑞达期货,国信期货,15,国元期货,2861,2510,-1900,-639,2591,124,AL
al2605,广发期货,五矿期货,16,方正中期,2801,2456,-3210,-173,2586,40,AL
al2605,新湖期货,中粮期货,17,中粮期货,2786,1995,-1674,-18,2542,-134,AL
al2605,宝城期货,瑞达期货,18,平安期货,2758,1887,-1276,-102,2523,-218,AL
al2605,东吴期货,东海期货,19,国信期货,2755,1824,-1680,-586,2236,-84,AL
al2605,南华期货,方正中期,20,申万期货,2484,1792,-3150,-70,1859,534,AL
al2605,,,999,,102605,158999,-172905,-7818,111542,-8598,AL
al2607,中信期货,国泰君安,1,中信期货,17455,18609,-16237,2734,16296,6,AL
al2607,国泰君安,中信期货,2,国泰君安,13206,15736,-7141,764,11795,-269,AL
al2607,中粮期货,中信建投,3,东证期货,5928,9751,-953,99,6098,77,AL
al2607,永安期货,乾坤期货,4,华泰期货,5646,8732,-2593,57,4279,1164,AL
al2607,建信期货,东证期货,5,海通期货,5576,7151,-11657,184,4180,559,AL
al2607,银河期货,光大期货,6,中泰期货,4551,3829,-2227,766,4047,18,AL
al2607,国信期货,申万期货,7,广发期货,3207,3261,-669,189,3688,26,AL
al2607,国贸期货,国信期货,8,浙商期货,2948,2412,-1613,393,3551,814,AL
al2607,东吴期货,长江期货,9,华闻期货,2563,2297,1410,-469,3411,17,AL
al2607,东证期货,国联期货,10,国信期货,2010,1753,-1047,220,3326,-609,AL
al2607,华泰期货,招商期货,11,国联期货,1996,1720,311,194,3258,-44,AL
al2607,金瑞期货,东吴期货,12,银河期货,1995,1711,-1510,15,2794,300,AL
al2607,中泰期货,建信期货,13,申万期货,1912,1614,-3893,0,2665,203,AL
al2607,广发期货,华泰期货,14,东吴期货,1731,1511,-1307,324,2659,10,AL
al2607,浙商期货,东海期货,15,方正中期,1682,1425,-963,228,2300,114,AL
al2607,华宝期货,银河期货,16,中辉期货,1554,1334,-1645,651,2032,-75,AL
al2607,国投期货,中辉期货,17,大越期货,1457,1292,1241,54,1781,-61,AL
al2607,申万期货,金瑞期货,18,乾坤期货,1397,1193,-1028,-86,1562,-250,AL
al2607,东亚期货,方正中期,19,宝城期货,1375,1170,19,-402,1481,612,AL
al2607,长城期货,正信期货,20,徽商期货,1344,1118,-111,4,1386,-91,AL
al2607,,,999,,79533,87619,-51613,5919,82589,2521,AL
al2609,中信期货,国泰君安,1,中信期货,3140,3323,-698,982,3649,130,AL
al2609,国泰君安,东吴期货,2,海通期货,2853,1405,-76,73,3115,187,AL
al2609,中粮期货,招商期货,3,华泰期货,1630,1405,-1789,-11,2509,111,AL
al2609,浙商期货,申万期货,4,东证期货,1484,1061,-1501,2,2127,117,AL
al2609,瑞达期货,中信期货,5,中泰期货,1192,920,-663,0,2014,-103,AL
al2609,中泰期货,宏源期货,6,广发期货,1166,899,-1528,52,1795,112,AL
al2609,广发期货,永安期货,7,银河期货,1114,837,-764,65,1192,13,AL
al2609,国投期货,长城期货,8,光大期货,1002,801,-2663,29,1108,0,AL
al2609,东证期货,光大期货,9,国泰君安,852,733,-1015,205,845,-190,AL
al2609,国信期货,华泰期货,10,申万期货,785,502,-343,71,704,5,AL
al2609,光大期货,东证期货,11,东吴期货,758,497,-348,13,627,46,AL
al2609,建信期货,中信建投,12,新湖期货,726,476,-1150,3,514,21,AL
al2609,中信建投,东亚期货,13,国信期货,657,376,-579,-10,443,342,AL
al2609,紫金天风,西南期货,14,东亚期货,620,373,129,117,321,24,AL
al2609,银河期货,东海期货,15,渤海期货,548,364,-284,59,316,12,AL
al2609,华泰期货,银河期货,16,中辉期货,448,322,-1037,180,315,60,AL
al2609,永安期货,中原期货,17,永安期货,405,294,-209,5,309,2,AL
al2609,中辉期货,海通期货,18,国联期货,398,281,-613,-16,300,8,AL
al2609,长城期货,广发期货,19,中财期货,357,268,189,0,294,12,AL
al2609,五矿期货,瑞达期货,20,安粮期货,308,247,-477,-17,271,1,AL
al2609,,,999,,20443,15384,-15419,1802,22768,910,AL
zn2605,中信期货,东证期货,1,东证期货,7990,20276,-5239,-1847,6697,-189,ZN
zn2605,银河期货,中信期货,2,中信期货,6414,18325,1639,-287,5016,-148,ZN
zn2605,国贸期货,国泰君安,3,国泰君安,4615,17338,-8112,254,3738,-109,ZN
zn2605,国泰君安,中粮期货,4,海通期货,3490,10983,-2061,-673,3500,-139,ZN
zn2605,东证期货,华泰期货,5,华泰期货,2469,7633,-4477,-401,3110,-675,ZN
zn2605,国投期货,银河期货,6,华闻期货,2025,6073,190,-472,2696,217,ZN
zn2605,新湖期货,建信期货,7,中泰期货,1798,4117,-743,42,2506,-188,ZN
zn2605,建信期货,申万期货,8,国贸期货,1798,3408,-1115,-4,2221,227,ZN
zn2605,华泰期货,东吴期货,9,银河期货,1755,3000,-378,144,1544,-225,ZN
zn2605,山金期货,东亚期货,10,广发期货,1597,2195,-452,18,1441,-172,ZN
zn2605,平安期货,国贸期货,11,东方财富,1572,1786,-606,-17,1387,-214,ZN
zn2605,紫金天风,国信期货,12,方正中期,1260,1556,-45,9,1222,-138,ZN
zn2605,广发期货,南华期货,13,光大期货,1196,1525,-754,-221,968,-165,ZN
zn2605,瑞达期货,东航期货,14,国盛期货,1187,1442,-102,61,799,-15,ZN
zn2605,宏源期货,国联期货,15,中粮期货,1155,1407,-478,-68,766,-232,ZN
zn2605,五矿期货,海通期货,16,南华期货,974,1392,-1024,72,753,-196,ZN
zn2605,云晨期货,一德期货,17,中辉期货,858,1263,-177,-189,748,-134,ZN
zn2605,中金财富,金瑞期货,18,中信建投,846,1225,-591,-408,748,-79,ZN
zn2605,中泰期货,宝城期货,19,国信期货,791,1194,-898,-23,740,-230,ZN
zn2605,永安期货,方正中期,20,徽商期货,747,1117,-351,-95,730,-187,ZN
zn2605,,,999,,44537,107255,-25774,-4105,41330,-2991,ZN
zn2606,中信期货,中信期货,1,中信期货,12957,13501,-3172,457,7595,1384,ZN
zn2606,国泰君安,国泰君安,2,东证期货,8290,11439,-4567,720,5332,-353,ZN
zn2606,建信期货,东证期货,3,国泰君安,3433,8151,726,76,4211,-155,ZN
zn2606,银河期货,华泰期货,4,中泰期货,2903,6402,-761,408,4130,168,ZN
zn2606,乾坤期货,国信期货,5,华泰期货,2655,5695,-1731,-674,3443,114,ZN
zn2606,金瑞期货,东亚期货,6,南华期货,2482,4490,-903,87,2513,3,ZN
zn2606,东证期货,永安期货,7,华闻期货,2340,2621,-706,-124,2431,1302,ZN
zn2606,中粮期货,银河期货,8,海通期货,2091,2051,-227,161,2258,98,ZN
zn2606,申万期货,南华期货,9,银河期货,2062,2034,-237,488,2186,-213,ZN
zn2606,云晨期货,浙商期货,10,永安期货,1805,1848,1182,311,2042,509,ZN
zn2606,平安期货,中金财富,11,浙商期货,1456,1776,415,274,1692,360,ZN
zn2606,国投期货,方正中期,12,广发期货,1306,1374,-66,462,1680,6,ZN
zn2606,华泰期货,东吴期货,13,乾坤期货,1244,1302,-907,83,1651,-17,ZN
zn2606,东亚期货,瑞银期货,14,申万期货,1240,1298,-976,-68,1513,76,ZN
zn2606,中金岭南,建信期货,15,中信建投,1221,1030,-30,173,1461,195,ZN
zn2606,铜冠金源,中信建投,16,中金财富,1185,938,145,17,1298,-73,ZN
zn2606,一德期货,广发期货,17,中粮期货,1073,844,-382,44,1227,-20,ZN
zn2606,招商期货,金瑞期货,18,金瑞期货,918,817,269,56,1128,310,ZN
zn2606,中金财富,大越期货,19,五矿期货,916,766,440,-212,1029,-31,ZN
zn2606,中信建投,瑞达期货,20,国投期货,893,745,-190,163,882,-58,ZN
zn2606,,,999,,52470,69122,-11678,2902,49702,3605,ZN
zn2607,中信期货,国泰君安,1,中信期货,5651,5531,1841,1658,2889,834,ZN
zn2607,东亚期货,中信期货,2,东证期货,2092,3622,-804,31,2792,427,ZN
zn2607,铜冠金源,国信期货,3,华泰期货,1902,2305,-183,-65,2321,-4,ZN
zn2607,紫金天风,东证期货,4,国泰君安,1722,1652,-772,0,2267,53,ZN
zn2607,五矿期货,新湖期货,5,海通期货,1555,1063,-111,15,2078,19,ZN
zn2607,中金岭南,中信建投,6,银河期货,1411,753,326,6,1516,-14,ZN
zn2607,国泰君安,银河期货,7,广发期货,1385,729,529,18,873,244,ZN
zn2607,银河期货,华泰期货,8,大有期货,1378,525,273,85,842,305,ZN
zn2607,金瑞期货,浙商期货,9,永安期货,1326,513,279,48,798,0,ZN
zn2607,国信期货,东吴期货,10,金瑞期货,918,471,169,-78,657,2,ZN
zn2607,乾坤期货,方正中期,11,华闻期货,642,430,-137,157,624,-100,ZN
zn2607,南华期货,永安期货,12,国贸期货,553,404,247,11,613,445,ZN
zn2607,大有期货,宏源期货,13,国联期货,424,366,4,3,577,0,ZN
zn2607,东证期货,大越期货,14,中辉期货,384,357,-73,31,566,0,ZN
zn2607,海通期货,长江期货,15,中泰期货,377,341,-113,-11,504,2,ZN
zn2607,申万期货,东方财富,16,国信期货,371,334,48,-117,488,37,ZN
zn2607,兴业期货,国联期货,17,中国国际,348,276,-5,27,431,44,ZN
zn2607,方正中期,南华期货,18,五矿期货,347,266,19,9,413,53,ZN
zn2607,华泰期货,盛达期货,19,盛达期货,323,235,218,0,406,1,ZN
zn2607,光大期货,五矿期货,20,乾坤期货,316,215,1,15,314,-1,ZN
zn2607,,,999,,23425,20388,1756,1843,21969,2347,ZN
pb2605,国泰君安,中信期货,1,中信期货,5452,17845,-6956,165,6433,-785,PB
pb2605,中信期货,东证期货,2,东证期货,3648,11322,-6276,-1632,5427,-637,PB
pb2605,银河期货,国泰君安,3,国泰君安,3537,8573,-7567,384,3680,-554,PB
pb2605,东证期货,永安期货,4,华泰期货,2582,6165,-5529,-245,3559,-73,PB
pb2605,海证期货,银河期货,5,浙商期货,2132,5540,2243,-551,2681,-123,PB
pb2605,国投期货,华泰期货,6,海通期货,1991,4197,-3439,-292,2314,-366,PB
pb2605,中泰期货,方正中期,7,银河期货,1731,2363,-2273,-43,2177,81,PB
pb2605,建信期货,平安期货,8,华闻期货,1348,2122,-4149,44,1882,-158,PB
pb2605,申万期货,国信期货,9,方正中期,1319,2017,166,-503,1695,-110,PB
pb2605,华鑫期货,广发期货,10,国盛期货,1183,1694,-158,45,1642,-73,PB
pb2605,方正中期,中辉期货,11,海证期货,1119,1671,508,-600,1341,6,PB
pb2605,南华期货,华闻期货,12,申万期货,978,1559,-196,-5,1160,-29,PB
pb2605,国信期货,中金财富,13,中信建投,964,836,-145,30,1138,-262,PB
pb2605,金瑞期货,申万期货,14,中融汇信,863,807,-280,-7,839,212,PB
pb2605,光大期货,中融汇信,15,招商期货,804,750,-85,-71,831,489,PB
pb2605,海通期货,招商期货,16,国投期货,741,730,-607,3,661,-10,PB
pb2605,东海期货,中信建投,17,宏源期货,721,682,59,15,531,-194,PB
pb2605,华泰期货,中粮期货,18,东方财富,697,642,-355,87,484,0,PB
pb2605,中金财富,南华期货,19,中辉期货,672,626,-74,-79,458,-43,PB
pb2605,广发期货,创元期货,20,国元期货,623,616,-297,-58,444,-243,PB
pb2605,,,999,,33105,70757,-35410,-3313,39377,-2872,PB
pb2606,中信期货,中信期货,1,中信期货,6405,12849,-2151,427,7681,502,PB
pb2606,东证期货,银河期货,2,华泰期货,5458,7398,293,-290,5121,603,PB
pb2606,乾坤期货,国泰君安,3,东证期货,4091,7089,86,-16,2997,-44,PB
pb2606,国泰君安,乾坤期货,4,国泰君安,3637,3995,-3728,533,2870,-409,PB
pb2606,国信期货,平安期货,5,海通期货,3382,2100,-1154,-211,2465,20,PB
pb2606,金瑞期货,恒力期货,6,国贸期货,3252,1797,401,1,2184,1,PB
pb2606,银河期货,申万期货,7,浙商期货,2083,1584,1226,7,1748,-197,PB
pb2606,永安期货,广发期货,8,华闻期货,2070,1537,-549,1069,1651,174,PB
pb2606,申万期货,华泰期货,9,申万期货,1578,1456,430,713,1640,71,PB
pb2606,国投期货,中金财富,10,永安期货,1545,1444,1181,222,1543,129,PB
pb2606,华鑫期货,东证期货,11,国投期货,1311,1051,-580,1,1522,499,PB
pb2606,中粮期货,福能期货,12,银河期货,815,1040,-67,4,1312,5,PB
pb2606,海证期货,国信期货,13,乾坤期货,815,1015,-104,869,1204,-10,PB
pb2606,浙商期货,中信建投,14,海证期货,804,946,815,-7,1133,223,PB
pb2606,大有期货,招商期货,15,中金财富,631,921,-279,193,1123,33,PB
pb2606,瑞银期货,方正中期,16,中辉期货,624,721,-243,0,1000,14,PB
pb2606,中泰期货,宝城期货,17,中信建投,613,653,-204,46,969,-13,PB
pb2606,建信期货,东亚期货,18,渤海期货,565,613,-469,-46,932,41,PB
pb2606,中金财富,国元期货,19,广发期货,499,536,-1083,300,874,84,PB
pb2606,方正中期,盛达期货,20,中国国际,479,484,-94,-2,803,-1,PB
pb2606,,,999,,40657,49229,-6273,3813,40772,1725,PB
ni2606,国泰君安,中信期货,1,中信期货,19481,47505,20543,3273,29643,2507,NI
ni2606,银河期货,国泰君安,2,国泰君安,10193,44049,16792,1731,12176,804,NI
ni2606,国投期货,永安期货,3,中泰期货,7460,23463,11292,51,8665,2019,NI
ni2606,中信期货,南华期货,4,东证期货,5208,20905,7603,220,8301,287,NI
ni2606,广发期货,中金财富,5,华闻期货,4819,18780,10391,1262,7651,374,NI
ni2606,中粮期货,华泰期货,6,海通期货,4793,14093,8917,760,7271,295,NI
ni2606,光大期货,东证期货,7,广发期货,4545,13709,8132,367,3761,573,NI
ni2606,中国国际,海证期货,8,华泰期货,3082,13486,5032,2096,3417,565,NI
ni2606,永安期货,浙商期货,9,银河期货,2584,10055,5967,37,3292,143,NI
ni2606,国信期货,新湖期货,10,浙商期货,2486,7780,-817,461,3257,497,NI
ni2606,兴业期货,国投期货,11,瑞达期货,2484,6786,-172,179,3230,910,NI
ni2606,东证期货,瑞达期货,12,永安期货,2462,6176,2496,1720,3180,145,NI
ni2606,华泰期货,国联期货,13,方正中期,2409,5815,3305,609,2698,759,NI
ni2606,瑞达期货,银河期货,14,国联期货,2375,5686,1532,285,2697,504,NI
ni2606,新湖期货,中泰期货,15,国贸期货,2355,5077,3378,1331,2560,491,NI
ni2606,东吴期货,宏源期货,16,徽商期货,2337,4885,2069,-3,2095,492,NI
ni2606,福能期货,紫金天风,17,中粮期货,2266,4704,3462,29,2037,375,NI
ni2606,浙商期货,广发期货,18,新湖期货,2221,4702,2336,15,1913,573,NI
ni2606,中泰期货,中财期货,19,国信期货,2043,4560,1286,984,1840,262,NI
ni2606,国贸期货,申万期货,20,中信建投,2009,4269,1742,444,1824,-33,NI
ni2606,,,999,,87612,266485,115286,15851,111508,12542,NI
ni2609,中信期货,国投期货,1,中信期货,5389,9068,905,177,9320,-23,NI
ni2609,国泰君安,中信期货,2,国泰君安,4649,8704,708,-50,9172,157,NI
ni2609,银河期货,南华期货,3,中泰期货,4165,5180,2703,1067,6216,37,NI
ni2609,南华期货,华泰期货,4,东证期货,3609,4841,1817,115,2395,1253,NI
ni2609,永安期货,国泰君安,5,华泰期货,3298,3657,-1559,24,2140,164,NI
ni2609,华泰期货,山金期货,6,银河期货,2288,3307,2109,142,2019,-2,NI
ni2609,瑞达期货,弘业期货,7,浙商期货,1571,2843,-1574,72,1854,119,NI
ni2609,中国国际,国富期货,8,广发期货,1498,2695,1359,177,1702,-1,NI
ni2609,广发期货,方正中期,9,海通期货,1238,2668,-7,413,1688,132,NI
ni2609,国信期货,新湖期货,10,华闻期货,1136,1957,502,255,1289,-34,NI
ni2609,东证期货,中信建投,11,瑞达期货,1079,1169,423,110,1259,-51,NI
ni2609,国海良时,银河期货,12,国信期货,1075,1123,269,108,1165,68,NI
ni2609,光大期货,浙商期货,13,五矿期货,920,994,-170,41,908,101,NI
ni2609,国贸期货,格林大华,14,中信建投,774,726,136,25,898,-387,NI
ni2609,中泰期货,东证期货,15,光大期货,707,694,-28,53,808,201,NI
ni2609,东航期货,广发期货,16,徽商期货,669,663,72,9,754,102,NI
ni2609,海证期货,徽商期货,17,方正中期,597,603,-148,-43,691,19,NI
ni2609,国投期货,永安期货,18,格林大华,578,579,300,-4,638,1,NI
ni2609,民生期货,大有期货,19,弘业期货,545,559,466,1,616,4,NI
ni2609,山金期货,申万期货,20,中辉期货,524,547,218,1,589,0,NI
ni2609,,,999,,36309,52577,8501,2693,46121,1860,NI
ni2607,银河期货,中信期货,1,国泰君安,6425,8110,2764,-14,9897,566,NI
ni2607,国投期货,东证期货,2,中信期货,4960,7255,2772,576,8583,321,NI
ni2607,国泰君安,南华期货,3,东证期货,4320,4632,1465,518,8561,17,NI
ni2607,中信期货,国泰君安,4,海通期货,3891,3087,1642,529,3784,1042,NI
ni2607,中粮期货,方正中期,5,中泰期货,2651,2977,1827,1,2610,-11,NI
ni2607,永安期货,国投期货,6,瑞达期货,2076,2006,-93,133,2426,2,NI
ni2607,东证期货,银河期货,7,广发期货,1903,1911,754,19,2215,34,NI
ni2607,建信期货,永安期货,8,信达期货,1848,1473,469,882,1519,210,NI
ni2607,福能期货,瑞达期货,9,银河期货,1337,1356,687,-6,1501,30,NI
ni2607,海通期货,国信期货,10,国联期货,1319,1170,222,-106,1138,11,NI
ni2607,浙商期货,中信建投,11,永安期货,1258,1139,455,139,1107,20,NI
ni2607,东吴期货,大有期货,12,国信期货,1161,1122,316,25,973,133,NI
ni2607,光大期货,浙商期货,13,华闻期货,1112,1094,579,7,955,102,NI
ni2607,瑞达期货,五矿期货,14,南华期货,1058,1092,25,36,706,-11,NI
ni2607,中信建投,一德期货,15,建信期货,941,894,662,323,666,177,NI
ni2607,东兴期货,海通期货,16,国投期货,899,886,567,498,498,-17,NI
ni2607,南华期货,正信期货,17,东海期货,814,830,322,-143,333,35,NI
ni2607,国联期货,盛达期货,18,华泰期货,788,791,423,-4,318,23,NI
ni2607,国贸期货,金瑞期货,19,国贸期货,728,744,445,-9,317,-1,NI
ni2607,广州金控,民生期货,20,浙商期货,715,707,-1429,-1,309,2,NI
ni2607,,,999,,40204,43276,14874,3403,48416,2685,NI
ni2608,国泰君安,南华期货,1,东证期货,4254,2986,534,-39,4039,-192,NI
ni2608,中信期货,中信期货,2,中信期货,2308,1447,105,38,3390,33,NI
ni2608,国投期货,东证期货,3,海通期货,1917,1266,563,3,3346,203,NI
ni2608,永安期货,国泰君安,4,中泰期货,1311,1108,482,30,1844,84,NI
ni2608,东证期货,永安期货,5,国泰君安,1187,967,50,147,1640,29,NI
ni2608,南华期货,国信期货,6,银河期货,1129,720,187,-18,903,232,NI
ni2608,海通期货,国投期货,7,南华期货,1004,632,113,-9,742,-3,NI
ni2608,浙商期货,浙商期货,8,永安期货,789,489,95,56,736,50,NI
ni2608,瑞达期货,海通期货,9,东兴期货,759,469,-131,2,709,17,NI
ni2608,银河期货,大有期货,10,广发期货,718,465,219,91,654,82,NI
ni2608,东兴期货,瑞达期货,11,瑞达期货,715,433,-174,349,349,1,NI
ni2608,光大期货,银河期货,12,国联期货,400,391,317,13,296,27,NI
ni2608,华泰期货,国海良时,13,国信期货,344,331,10,169,211,100,NI
ni2608,广州金控,国联期货,14,国投期货,294,302,-523,0,110,29,NI
ni2608,方正中期,方正中期,15,华闻期货,286,298,44,2,63,10,NI
ni2608,长江期货,宁证期货,16,浙商期货,233,274,-709,0,56,1,NI
ni2608,中信建投,建信期货,17,光大期货,153,239,122,1,46,0,NI
ni2608,中粮期货,中银期货,18,华泰期货,115,233,141,3,35,10,NI
ni2608,五矿期货,西南期货,19,安粮期货,114,207,3,0,30,7,NI
ni2608,招商期货,广发期货,20,新湖期货,95,129,-123,-2,22,20,NI
ni2608,,,999,,18125,13386,1325,836,19221,740,NI
ni2605,方正中期,中信期货,1,国泰君安,11762,92650,25987,315,7835,-1635,NI
ni2605,广发期货,国泰君安,2,中信期货,11437,77459,25803,-545,7159,-481,NI
ni2605,国泰君安,东证期货,3,东证期货,7917,39581,6740,-309,7074,-657,NI
ni2605,中信期货,永安期货,4,广发期货,4515,26658,10903,-418,6927,-512,NI
ni2605,东证期货,广发期货,5,海通期货,3740,26073,6932,-614,6111,717,NI
ni2605,华泰期货,银河期货,6,中泰期货,2950,25128,7403,-491,5983,406,NI
ni2605,银河期货,南华期货,7,银河期货,2626,20021,5485,-1167,5840,-92,NI
ni2605,国投期货,国贸期货,8,华闻期货,2276,16669,8533,-15,4913,620,NI
ni2605,永安期货,浙商期货,9,华泰期货,2227,15128,1364,208,3233,-447,NI
ni2605,五矿期货,华泰期货,10,徽商期货,2207,14108,3321,-59,3145,-231,NI
ni2605,建信期货,东吴期货,11,中信建投,1942,13012,1891,-404,3020,45,NI
ni2605,国贸期货,国信期货,12,国信期货,1879,11537,1339,211,2753,195,NI
ni2605,中粮期货,中粮期货,13,方正中期,1858,10471,2011,-637,2610,-41,NI
ni2605,光大期货,方正中期,14,东方财富,1824,9767,1272,-152,2569,-324,NI
ni2605,浙商期货,五矿期货,15,浙商期货,1684,9384,-2203,-167,2169,363,NI
ni2605,瑞达期货,中信建投,16,国元期货,1593,8387,2244,-174,1985,-205,NI
ni2605,海通期货,创元期货,17,东吴期货,1561,8348,2704,-207,1931,85,NI
ni2605,大有期货,瑞达期货,18,中辉期货,1452,7663,1609,28,1928,-7,NI
ni2605,申万期货,兴证期货,19,瑞达期货,1440,6489,-965,-586,1531,-167,NI
ni2605,东海期货,中泰期货,20,中国国际,1361,6475,2250,-17,1437,-155,NI
ni2605,,,999,,68251,445008,114623,-5200,80153,-2523,NI
sn2605,国泰君安,国泰君安,1,国泰君安,2974,43003,-4011,-155,3486,-70,SN
sn2605,中信期货,东证期货,2,中信期货,1717,32495,-1326,-56,2722,-140,SN
sn2605,光大期货,中信期货,3,东证期货,1647,14711,-2126,17,1531,-265,SN
sn2605,东证期货,银河期货,4,广发期货,1125,13893,-1799,-513,1417,-21,SN
sn2605,广发期货,华泰期货,5,海通期货,990,12862,245,-107,1127,56,SN
sn2605,银河期货,永安期货,6,银河期货,901,12117,83,-178,973,-108,SN
sn2605,海证期货,中泰期货,7,华泰期货,893,12109,373,-319,898,19,SN
sn2605,瑞达期货,中粮期货,8,东方财富,791,11932,-350,-46,877,-65,SN
sn2605,东海期货,中信建投,9,徽商期货,753,11595,-544,-38,850,-153,SN
sn2605,金瑞期货,广发期货,10,中信建投,744,9932,107,-53,772,-8,SN
sn2605,方正中期,方正中期,11,中泰期货,703,9557,236,-162,741,-130,SN
sn2605,国投期货,浙商期货,12,国信期货,687,9363,52,79,707,72,SN
sn2605,中信建投,东海期货,13,渤海期货,673,8124,-748,-9,666,-4,SN
sn2605,华泰期货,申万期货,14,华闻期货,656,7334,-1190,83,547,75,SN
sn2605,南华期货,瑞达期货,15,方正中期,627,6758,-1010,-41,535,-8,SN
sn2605,中粮期货,国投期货,16,瑞达期货,600,5320,132,-40,514,-85,SN
sn2605,兴证期货,平安期货,17,光大期货,504,5241,-680,-32,511,-119,SN
sn2605,中泰期货,五矿期货,18,国元期货,479,4459,-142,-28,505,17,SN
sn2605,国联期货,金瑞期货,19,东吴期货,474,4425,27,27,503,-101,SN
sn2605,招商期货,南华期货,20,宝城期货,470,4340,-639,46,487,85,SN
sn2605,,,999,,18408,239570,-13310,-1525,20369,-953,SN
sn2607,银河期货,国泰君安,1,中信期货,2118,3134,15,83,2194,-84,SN
sn2607,广发期货,东证期货,2,国泰君安,918,2769,-345,42,2032,6,SN
sn2607,南华期货,中信期货,3,中泰期货,913,2300,93,17,1086,33,SN
sn2607,光大期货,海证期货,4,华泰期货,821,2079,-1,-1,633,63,SN
sn2607,中信期货,中信建投,5,海通期货,684,932,155,19,478,85,SN
sn2607,国泰君安,金瑞期货,6,广发期货,576,761,8,97,457,40,SN
sn2607,东证期货,中国国际,7,银河期货,503,653,224,80,417,1,SN
sn2607,金瑞期货,广发期货,8,南华期货,364,597,43,13,411,81,SN
sn2607,中国国际,永安期货,9,华闻期货,358,563,-14,0,402,-35,SN
sn2607,新湖期货,山金期货,10,浙商期货,330,540,-417,-4,351,-10,SN
sn2607,中粮期货,南华期货,11,东证期货,264,496,-267,0,312,40,SN
sn2607,方正中期,银河期货,12,光大期货,243,418,-143,-5,184,86,SN
sn2607,云晨期货,新湖期货,13,瑞达期货,215,404,-26,0,153,2,SN
sn2607,民生期货,方正中期,14,渤海期货,192,312,99,2,146,0,SN
sn2607,华安期货,乾坤期货,15,金瑞期货,169,291,-147,9,142,68,SN
sn2607,国投期货,大有期货,16,海证期货,162,240,-293,2,136,-54,SN
sn2607,招商期货,华泰期货,17,国信期货,154,225,16,51,109,-16,SN
sn2607,宏源期货,平安期货,18,兴证期货,145,219,35,4,107,2,SN
sn2607,浙商期货,东海期货,19,中信建投,134,216,155,-4,98,-2,SN
sn2607,中信建投,东吴期货,20,金石期货,116,189,189,-1,85,1,SN
sn2607,,,999,,9379,17338,-621,404,9933,307,SN
sn2606,银河期货,中信期货,1,国泰君安,3426,19132,-193,69,3538,491,SN
sn2606,国泰君安,国泰君安,2,中信期货,2299,13718,-912,144,2808,-360,SN
sn2606,中信期货,永安期货,3,华泰期货,1254,6602,1282,-133,2222,0,SN
sn2606,东海期货,东证期货,4,海通期货,1104,5669,789,101,1796,228,SN
sn2606,光大期货,瑞达期货,5,东证期货,1044,5525,1374,8,1379,55,SN
sn2606,南华期货,华泰期货,6,中泰期货,977,4670,-123,-17,1284,99,SN
sn2606,东证期货,乾坤期货,7,银河期货,851,4666,1176,269,1223,-230,SN
sn2606,广发期货,南华期货,8,广发期货,823,4512,-1050,108,1127,199,SN
sn2606,方正中期,银河期货,9,华闻期货,776,4363,-179,3,878,183,SN
sn2606,云晨期货,国投期货,10,国信期货,768,2571,104,-5,581,29,SN
sn2606,中信建投,中金财富,11,中信建投,684,2416,-96,221,551,53,SN
sn2606,中粮期货,广发期货,12,渤海期货,585,2320,479,1,465,-12,SN
sn2606,金瑞期货,中信建投,13,中辉期货,535,2061,653,18,460,35,SN
sn2606,建信期货,平安期货,14,瑞达期货,525,1851,-494,-2,451,-24,SN
sn2606,兴证期货,浙商期货,15,徽商期货,512,1706,-217,53,421,303,SN
sn2606,大有期货,东亚期货,16,方正中期,458,1623,3,-2,414,-2,SN
sn2606,民生期货,金瑞期货,17,东方财富,414,1598,264,8,369,96,SN
sn2606,宝城期货,中国国际,18,海证期货,409,1595,758,-37,352,-3,SN
sn2606,瑞达期货,东海期货,19,宝城期货,401,1486,656,-30,346,-91,SN
sn2606,华鑫期货,中辉期货,20,浙商期货,368,1297,54,8,343,59,SN
sn2606,,,999,,18213,89381,4328,785,21008,1108,SN
au2610,国投期货,中信期货,1,中信期货,3572,2387,730,-2,540,26,AU
au2610,方正中期,信达期货,2,国泰君安,1513,1795,449,1,319,1,AU
au2610,五矿期货,华泰期货,3,华泰期货,1483,1353,822,18,197,70,AU
au2610,中信建投,国泰君安,4,国信期货,1291,612,196,-10,178,-20,AU
au2610,华泰期货,中泰期货,5,五矿期货,701,587,48,3,120,-3,AU
au2610,光大期货,平安期货,6,海通期货,672,572,188,-1,99,1,AU
au2610,金瑞期货,银河期货,7,广发期货,348,455,251,-33,95,-31,AU
au2610,东亚期货,国信期货,8,东证期货,348,377,89,0,94,8,AU
au2610,国泰君安,中信建投,9,中信建投,328,195,125,3,75,-3,AU
au2610,广发期货,中财期货,10,中泰期货,310,161,-229,2,75,-13,AU
au2610,中银期货,齐盛期货,11,华闻期货,301,159,-11,60,73,4,AU
au2610,中信期货,中原期货,12,光大期货,296,130,-23,9,50,-1,AU
au2610,南华期货,东证期货,13,浙商期货,266,103,42,0,36,8,AU
au2610,银河期货,浙商期货,14,兴证期货,247,92,50,7,34,-18,AU
au2610,国信期货,南华期货,15,中银期货,238,83,70,8,28,-1,AU
au2610,东方财富,兴证期货,16,银河期货,232,76,-51,0,22,2,AU
au2610,海通期货,招商期货,17,瑞达期货,221,62,37,0,18,5,AU
au2610,中财期货,广发期货,18,东吴期货,216,50,43,0,15,-79,AU
au2610,建信期货,中衍期货,19,金瑞期货,191,46,-77,0,14,1,AU
au2610,东海期货,光大期货,20,永安期货,161,44,3,0,13,-19,AU
au2610,,,999,,12935,9339,2752,65,2095,-62,AU
au2608,云晨期货,国泰君安,1,国泰君安,9798,14966,3647,90,1886,930,AU
au2608,国泰君安,中信期货,2,中信期货,6766,14091,1165,-2,936,147,AU
au2608,中信期货,银河期货,3,五矿期货,2961,6675,-166,46,860,-3,AU
au2608,华泰期货,信达期货,4,华泰期货,2849,5483,712,27,759,78,AU
au2608,金瑞期货,永安期货,5,海通期货,2559,5409,1277,175,696,-71,AU
au2608,齐盛期货,招商期货,6,国信期货,1997,2371,215,1,428,14,AU
au2608,中泰期货,广发期货,7,东证期货,1613,1944,-113,86,386,-34,AU
au2608,中信建投,平安期货,8,广发期货,1589,1765,403,20,335,18,AU
au2608,金元期货,建信期货,9,中泰期货,1354,1540,-12,3,324,-6,AU
au2608,广发期货,中财期货,10,国联期货,1310,1157,243,-105,282,27,AU
au2608,方正中期,一德期货,11,华闻期货,1235,1026,191,3,261,1,AU
au2608,东证期货,浙商期货,12,国元期货,1052,842,221,-22,215,60,AU
au2608,东亚期货,东证期货,13,信达期货,859,809,-240,-12,202,-14,AU
au2608,国信期货,国投期货,14,浙商期货,738,762,324,17,175,-1,AU
au2608,银河期货,中泰期货,15,南华期货,729,758,273,-31,146,22,AU
au2608,南华期货,渤海期货,16,光大期货,654,667,-27,7,145,-1,AU
au2608,弘业期货,华泰期货,17,瑞达期货,593,602,241,0,121,36,AU
au2608,中金财富,宝城期货,18,银河期货,568,598,-9,1,117,-5,AU
au2608,国投期货,海通期货,19,中信建投,455,571,-72,42,105,-20,AU
au2608,融达期货,光大期货,20,兴证期货,449,529,237,-1,86,-25,AU
au2608,,,999,,40128,62565,8510,345,8465,1153,AU
au2606,国泰君安,国泰君安,1,国泰君安,24561,78592,16866,275,7544,-351,AU
au2606,中信期货,中信期货,2,中信期货,11577,52109,10195,120,4397,-577,AU
au2606,东证期货,东证期货,3,华泰期货,11319,26298,1921,-163,2911,-573,AU
au2606,华泰期货,银河期货,4,国信期货,6621,23446,4824,58,2166,-43,AU
au2606,齐盛期货,广发期货,5,东证期货,5714,20352,1315,121,2113,-153,AU
au2606,中信建投,永安期货,6,海通期货,5202,18756,2299,-44,1904,-291,AU
au2606,云晨期货,方正中期,7,五矿期货,4904,13203,3593,-200,1548,106,AU
au2606,金瑞期货,华泰期货,8,广发期货,4894,8777,1638,60,1395,-166,AU
au2606,广发期货,平安期货,9,银河期货,4570,8553,1189,48,1015,-74,AU
au2606,瑞达期货,国投期货,10,中泰期货,4467,8516,1778,48,860,133,AU
au2606,五矿期货,中信建投,11,中信建投,3682,7751,366,-5,750,25,AU
au2606,国投期货,中财期货,12,南华期货,3672,6598,3346,-3,724,-244,AU
au2606,光大期货,光大期货,13,东方财富,3111,5727,179,-54,716,-10,AU
au2606,中泰期货,兴业期货,14,中银期货,3043,5433,888,26,678,102,AU
au2606,南华期货,南华期货,15,民生期货,3029,4767,448,-30,676,-6,AU
au2606,方正中期,招商期货,16,华闻期货,2801,4767,1319,-36,644,-113,AU
au2606,银河期货,宝城期货,17,新湖期货,2769,4724,294,34,559,7,AU
au2606,招商期货,浙商期货,18,方正中期,2614,4674,152,265,557,-157,AU
au2606,平安期货,齐盛期货,19,东吴期货,2505,3967,1353,-33,408,110,AU
au2606,徽商期货,国贸期货,20,徽商期货,2447,3555,154,73,397,5,AU
au2606,,,999,,113502,310565,54117,560,31962,-2270,AU
au2612,山金期货,中信期货,1,中信期货,2974,963,330,0,502,-45,AU
au2612,五矿期货,国泰君安,2,国泰君安,1215,906,62,31,367,104,AU
au2612,金瑞期货,平安期货,3,华泰期货,930,555,83,31,356,7,AU
au2612,中银期货,华泰期货,4,东证期货,749,488,34,0,265,70,AU
au2612,国泰君安,国信期货,5,五矿期货,577,255,-148,10,249,14,AU
au2612,中泰期货,财信期货,6,中泰期货,549,237,37,24,203,49,AU
au2612,光大期货,银河期货,7,浙商期货,460,173,159,19,195,23,AU
au2612,中衍期货,东证期货,8,广发期货,346,162,-2,0,169,-33,AU
au2612,紫金天风,东亚期货,9,国信期货,328,161,42,0,130,19,AU
au2612,广发期货,铜冠金源,10,金瑞期货,303,126,15,1,94,50,AU
au2612,中信期货,兴证期货,11,光大期货,222,106,-25,-8,77,3,AU
au2612,铜冠金源,申万期货,12,华闻期货,200,96,-39,2,75,0,AU
au2612,首创期货,光大期货,13,兴证期货,197,84,30,1,45,-3,AU
au2612,中金岭南,中信建投,14,银河期货,189,78,-15,0,39,1,AU
au2612,东证期货,方正中期,15,东吴期货,163,60,27,-5,37,7,AU
au2612,中原期货,中泰期货,16,财信期货,158,53,53,-6,35,-1,AU
au2612,东亚期货,永安期货,17,铜冠金源,142,52,-120,-2,31,-8,AU
au2612,浙商期货,招商期货,18,方正中期,142,46,-29,8,30,0,AU
au2612,长江期货,广发期货,19,永安期货,142,43,-26,-7,27,9,AU
au2612,华泰期货,中原期货,20,齐盛期货,128,42,-163,-3,25,0,AU
au2612,,,999,,10114,4686,305,96,2951,266,AU
ag2606,中信期货,国泰君安,1,国泰君安,19664,156940,10869,1026,33232,21,AG
ag2606,东证期货,中信期货,2,中信期货,18499,120005,-2752,-174,18377,-881,AG
ag2606,国泰君安,东证期货,3,广发期货,11996,55971,-6803,291,11546,-232,AG
ag2606,金瑞期货,银河期货,4,华泰期货,11285,55486,-592,165,9542,427,AG
ag2606,云晨期货,国投期货,5,东证期货,10540,52204,175,-366,8596,-1037,AG
ag2606,中粮期货,永安期货,6,银河期货,10077,50821,6460,512,7791,-112,AG
ag2606,华鑫期货,华泰期货,7,中泰期货,6536,40251,-4788,-314,7066,-948,AG
ag2606,宏源期货,方正中期,8,海通期货,5378,39513,2567,35,6682,662,AG
ag2606,银河期货,广发期货,9,方正中期,5268,34219,101,-718,6445,-234,AG
ag2606,五矿期货,金瑞期货,10,中信建投,5198,34046,-4052,-27,5487,-56,AG
ag2606,方正中期,中信建投,11,国信期货,5165,30004,299,-387,5481,383,AG
ag2606,中泰期货,国元期货,12,东方财富,4688,25972,-4100,-491,4793,32,AG
ag2606,华泰期货,招商期货,13,徽商期货,4640,25683,-2175,98,4545,-132,AG
ag2606,浙商期货,平安期货,14,华闻期货,4613,23066,1063,-174,4486,304,AG
ag2606,平安期货,光大期货,15,平安期货,4571,20529,-2867,-301,3727,-10,AG
ag2606,国投期货,浙商期货,16,宝城期货,4332,17786,2193,199,3551,-2,AG
ag2606,南华期货,申万期货,17,东吴期货,3815,17159,16,57,3369,-6,AG
ag2606,齐盛期货,东吴期货,18,国元期货,3345,17004,-257,83,3174,-806,AG
ag2606,广发期货,国金期货,19,光大期货,3216,16156,-2628,-341,3133,-23,AG
ag2606,中信建投,创元期货,20,民生期货,2780,16068,173,-119,3126,-593,AG
ag2606,,,999,,145606,848883,-7098,-946,154149,-3243,AG
ag2608,东证期货,中信期货,1,国泰君安,9278,75638,6072,883,10399,-382,AG
ag2608,中银期货,银河期货,2,中信期货,7147,48551,-3707,-32,8273,241,AG
ag2608,中信期货,永安期货,3,广发期货,6173,24767,-631,1499,6215,915,AG
ag2608,金瑞期货,国投期货,4,华泰期货,5741,24663,1877,53,4820,13,AG
ag2608,国泰君安,国元期货,5,海通期货,5002,24251,3528,139,4602,39,AG
ag2608,银河期货,国泰君安,6,中泰期货,4926,21886,-872,947,3279,173,AG
ag2608,中粮期货,东证期货,7,东证期货,4262,18984,1048,-7,2711,-39,AG
ag2608,云晨期货,华泰期货,8,银河期货,4181,18672,696,106,1880,-36,AG
ag2608,广发期货,金瑞期货,9,国信期货,4110,16737,211,70,1872,803,AG
ag2608,南华期货,浙商期货,10,徽商期货,3977,13144,887,-18,1865,197,AG
ag2608,方正中期,国金期货,11,中信建投,3367,11014,-391,-25,1700,62,AG
ag2608,永安期货,光大期货,12,国元期货,3092,9145,919,-16,1438,17,AG
ag2608,中财期货,广发期货,13,华闻期货,2894,8782,631,27,1201,127,AG
ag2608,国投期货,大越期货,14,五矿期货,2034,8299,713,14,1165,3,AG
ag2608,光大期货,民生期货,15,东方财富,1584,7897,417,47,1048,-21,AG
ag2608,浙商期货,中信建投,16,方正中期,1384,7548,-916,571,967,179,AG
ag2608,中辉期货,方正中期,17,东吴期货,1238,6692,307,-25,960,81,AG
ag2608,中信建投,海通期货,18,民生期货,1184,6267,-303,21,955,-10,AG
ag2608,宏源期货,福能期货,19,海证期货,1179,6204,-891,92,789,-75,AG
ag2608,国信期货,国贸期货,20,创元期货,1090,5650,-469,-49,735,19,AG
ag2608,,,999,,73843,364791,9126,4297,56874,2306,AG
ag2610,东证期货,中信期货,1,国泰君安,7083,13944,-343,99,6660,-91,AG
ag2610,金瑞期货,广发期货,2,中信期货,4037,13060,-513,230,2381,36,AG
ag2610,申万期货,金瑞期货,3,东证期货,2536,4795,1051,-2,1338,796,AG
ag2610,中信期货,一德期货,4,中泰期货,2358,4608,-19,39,1271,3,AG
ag2610,中财期货,华泰期货,5,华泰期货,2029,4341,-383,-8,908,-8,AG
ag2610,平安期货,银河期货,6,海通期货,1799,4283,363,150,730,-10,AG
ag2610,国泰君安,国投期货,7,广发期货,1716,2834,-1417,109,680,-1,AG
ag2610,东亚期货,国泰君安,8,国信期货,1620,2434,331,24,583,81,AG
ag2610,云晨期货,国元期货,9,南华期货,1311,1832,390,0,583,15,AG
ag2610,银河期货,平安期货,10,浙商期货,1059,1787,-1792,49,579,-3,AG
ag2610,光大期货,齐盛期货,11,五矿期货,971,1776,339,8,491,793,AG
ag2610,瑞达期货,永安期货,12,银河期货,779,1317,34,4,470,438,AG
ag2610,五矿期货,首创期货,13,金瑞期货,750,1182,1057,-1,447,-2,AG
ag2610,中辉期货,东亚期货,14,华闻期货,725,1108,206,36,420,-13,AG
ag2610,华泰期货,中信建投,15,海证期货,568,1077,77,177,349,11,AG
ag2610,方正中期,方正中期,16,宝城期货,536,949,180,-18,321,12,AG
ag2610,广发期货,国新国证,17,齐盛期货,501,890,-754,38,255,250,AG
ag2610,格林大华,国信期货,18,永安期货,478,767,550,46,233,12,AG
ag2610,永安期货,宏源期货,19,东方财富,441,712,-56,-5,212,11,AG
ag2610,中泰期货,东吴期货,20,国元期货,373,631,-231,-61,211,10,AG
ag2610,,,999,,31670,64327,-930,914,19122,2340,AG
ag2612,东证期货,中信期货,1,国泰君安,4384,7967,1229,39,6313,50,AG
ag2612,铜冠金源,银河期货,2,中信期货,3207,4422,-67,76,3852,102,AG
ag2612,中信期货,铜冠金源,3,中泰期货,3072,3270,210,-30,2945,37,AG
ag2612,金瑞期货,国泰君安,4,华泰期货,2921,2414,-756,108,2414,-192,AG
ag2612,中财期货,平安期货,5,东证期货,2858,2119,311,-2,2020,4,AG
ag2612,申万期货,中信建投,6,海通期货,2007,1858,112,5,507,12,AG
ag2612,平安期货,东证期货,7,广发期货,1629,1471,-335,43,415,444,AG
ag2612,云晨期货,方正中期,8,国信期货,1374,1417,-99,0,369,48,AG
ag2612,大有期货,国元期货,9,浙商期货,1334,1230,-905,58,353,0,AG
ag2612,国泰君安,首创期货,10,华闻期货,1314,739,-360,45,306,3,AG
ag2612,华泰期货,广发期货,11,南华期货,1260,702,387,-4,281,11,AG
ag2612,永安期货,金瑞期货,12,银河期货,816,693,88,-1,266,48,AG
ag2612,银河期货,华泰期货,13,金瑞期货,712,688,299,-7,236,34,AG
ag2612,光大期货,国信期货,14,信达期货,687,649,-240,-6,198,100,AG
ag2612,广发期货,东亚期货,15,东方财富,679,561,-141,30,188,74,AG
ag2612,方正中期,东吴期货,16,平安期货,482,493,12,8,160,4,AG
ag2612,南华期货,南华期货,17,光大期货,479,467,360,-1,146,9,AG
ag2612,上海大陆,光大期货,18,申万期货,477,467,209,-1,121,-5,AG
ag2612,中信建投,永安期货,19,海证期货,443,423,-8,-10,119,84,AG
ag2612,东亚期货,齐盛期货,20,瑞达期货,313,394,3,-18,104,36,AG
ag2612,,,999,,30448,32444,309,332,21313,903,AG
ag2605,金瑞期货,中信期货,1,中信期货,1414,7876,676,-202,2028,67,AG
ag2605,中信期货,国泰君安,2,国泰君安,1297,6063,-868,-15,1620,-208,AG
ag2605,齐盛期货,国元期货,3,中泰期货,946,3450,-158,118,1586,5,AG
ag2605,国投期货,银河期货,4,五矿期货,793,2773,489,51,1357,-22,AG
ag2605,银河期货,东亚期货,5,海通期货,732,2732,354,5,1181,-128,AG
ag2605,东证期货,中信建投,6,广发期货,561,2608,-352,65,687,12,AG
ag2605,国泰君安,东证期货,7,华泰期货,541,2462,-170,33,445,33,AG
ag2605,永安期货,恒力期货,8,国信期货,510,2067,368,-10,402,40,AG
ag2605,中泰期货,广发期货,9,东证期货,482,1530,159,-52,398,-9,AG
ag2605,华泰期货,中泰期货,10,浙商期货,479,1433,-401,67,357,220,AG
ag2605,国海良时,平安期货,11,南华期货,427,1247,924,-5,292,-225,AG
ag2605,新湖期货,国投期货,12,瑞达期货,370,828,53,6,259,305,AG
ag2605,五矿期货,海证期货,13,华闻期货,366,767,-152,75,222,-54,AG
ag2605,紫金天风,新湖期货,14,国投期货,291,734,255,7,214,1,AG
ag2605,东吴期货,创元期货,15,中信建投,258,704,261,-1,210,-14,AG
ag2605,方正中期,中财期货,16,平安期货,236,623,-273,39,188,-10,AG
ag2605,广发期货,浙商期货,17,国联期货,212,561,137,13,187,-8,AG
ag2605,海通期货,华泰期货,18,海证期货,209,510,-161,-37,158,-29,AG
ag2605,格林大华,方正中期,19,金瑞期货,204,474,275,-2,134,-2,AG
ag2605,平安期货,海通期货,20,银河期货,203,455,30,-16,131,-77,AG
ag2605,,,999,,10531,39897,1446,139,12056,-103,AG
rb2609,中信期货,中信期货,1,东证期货,16642,7312,1374,103,21868,62,RB
rb2609,东吴期货,中信建投,2,华泰期货,12624,2270,-180,425,12130,783,RB
rb2609,中信建投,东吴期货,3,海证期货,12025,2049,1672,786,12083,386,RB
rb2609,海通期货,海通期货,4,海通期货,11561,1994,-186,-840,11374,-846,RB
rb2609,南华期货,东证期货,5,中信建投,10930,1597,-365,779,9035,155,RB
rb2609,东证期货,南华期货,6,南华期货,9404,1576,66,367,8837,765,RB
rb2609,华闻期货,国投期货,7,中粮期货,7645,1536,1070,28,7769,-3,RB
rb2609,永安期货,中粮期货,8,永安期货,7358,1222,-926,106,7696,823,RB
rb2609,国投期货,华泰期货,9,国投期货,6350,1201,171,16,7516,260,RB
rb2609,中粮期货,永安期货,10,国泰君安,6284,1148,48,693,6509,10,RB
rb2609,国泰君安,国泰君安,11,东吴期货,6074,1005,-211,66,5953,304,RB
rb2609,华泰期货,华闻期货,12,申万期货,6001,945,542,280,5627,26,RB
rb2609,创元期货,创元期货,13,创元期货,5539,832,245,380,5506,384,RB
rb2609,申万期货,申万期货,14,中信期货,4886,815,-2006,462,4728,473,RB
rb2609,银河期货,银河期货,15,中泰期货,3654,644,-917,-18,3395,-13,RB
rb2609,西部期货,西部期货,16,银河期货,2789,415,-407,68,2779,68,RB
rb2609,中泰期货,先锋期货,17,新湖期货,2633,347,-75,3,2713,4,RB
rb2609,先锋期货,财信期货,18,安粮期货,1468,261,-347,2,2621,-2,RB
rb2609,财信期货,新湖期货,19,平安期货,1205,222,147,5,1455,70,RB
rb2609,新湖期货,长江期货,20,方正中期,1176,207,-145,71,1280,-4,RB
rb2609,,,999,,136248,27598,-430,3782,140874,3705,RB
rb2605,国泰君安,国泰君安,1,东证期货,32077,19918,-14553,-4901,37644,-1435,RB
rb2605,永安期货,东证期货,2,中信期货,28323,18606,-10261,-4698,36398,-1626,RB
rb2605,东证期货,中信期货,3,国泰君安,22012,15728,-12616,-1752,22595,-2370,RB
rb2605,银河期货,永安期货,4,永安期货,21116,11433,-1217,-1163,19821,-5051,RB
rb2605,中信期货,国投期货,5,华泰期货,15673,9225,-7455,-1954,19060,-387,RB
rb2605,新湖期货,银河期货,6,华闻期货,15111,8333,-486,-1113,15340,-157,RB
rb2605,方正中期,华泰期货,7,中泰期货,11859,7563,-2352,-562,13144,-1269,RB
rb2605,中泰期货,浙商期货,8,中信建投,10055,6006,2334,306,11578,-544,RB
rb2605,华闻期货,光大期货,9,瑞达期货,9638,3351,745,-1622,10417,-207,RB
rb2605,南华期货,广发期货,10,南华期货,7719,2804,-645,-1551,10080,-472,RB
rb2605,光大期货,五矿期货,11,方正中期,7706,2658,-7649,-271,9816,-943,RB
rb2605,瑞达期货,方正中期,12,光大期货,7174,2640,-1970,-2189,9553,-976,RB
rb2605,国投期货,申万期货,13,申万期货,6988,2618,8,-280,8379,-1387,RB
rb2605,国贸期货,平安期货,14,浙商期货,6911,2530,-5357,-969,7830,-45,RB
rb2605,中辉期货,弘业期货,15,中辉期货,6840,2525,633,700,7507,-566,RB
rb2605,物产中大,国贸期货,16,海通期货,6392,2376,-1560,360,6604,-779,RB
rb2605,兴证期货,海通期货,17,海证期货,6233,2332,-8459,30,5928,-222,RB
rb2605,建信期货,宝城期货,18,中金财富,5914,2249,1102,-212,5503,-186,RB
rb2605,华泰期货,安粮期货,19,银河期货,5656,2138,-4055,-698,5245,-59,RB
rb2605,海通期货,招商期货,20,新湖期货,5388,2040,-2784,-1002,5048,-108,RB
rb2605,,,999,,238785,127073,-76597,-23541,267490,-18789,RB
rb2607,中信期货,中信期货,1,华泰期货,58305,13493,-12262,13,33184,3,RB
rb2607,东证期货,东证期货,2,东证期货,29347,12759,528,244,27358,-17,RB
rb2607,国泰君安,中辉期货,3,中信期货,23785,3982,-3864,-592,27051,0,RB
rb2607,中辉期货,创元期货,4,海通期货,21852,3103,-1573,0,23581,-369,RB
rb2607,创元期货,国泰君安,5,国泰君安,21223,3017,-2195,-390,21336,-47,RB
rb2607,海通期货,海通期货,6,中粮期货,20016,2690,341,-1301,19877,-1266,RB
rb2607,中粮期货,国投期货,7,中信建投,17763,2528,-6734,136,18030,-26,RB
rb2607,国投期货,东吴期货,8,海证期货,17674,2254,1826,39,17703,46,RB
rb2607,东吴期货,中粮期货,9,华闻期货,17021,1971,-903,-2,17467,-16,RB
rb2607,银河期货,华泰期货,10,永安期货,14967,1895,-2863,-200,16788,-455,RB
rb2607,华泰期货,银河期货,11,国投期货,14916,1657,-2905,-382,15415,-49,RB
rb2607,申万期货,申万期货,12,南华期货,12133,1032,-4258,7,12180,23,RB
rb2607,永安期货,中信建投,13,申万期货,9565,970,-2012,323,12068,-518,RB
rb2607,华闻期货,徽商期货,14,平安期货,9405,888,122,461,10044,5,RB
rb2607,徽商期货,永安期货,15,创元期货,8780,823,-1734,10,9097,-24,RB
rb2607,中信建投,华闻期货,16,弘业期货,6213,797,-3,-516,8776,-180,RB
rb2607,中泰期货,安粮期货,17,中泰期货,5108,777,-6500,-304,6617,-97,RB
rb2607,安粮期货,先锋期货,18,银河期货,4685,695,-1524,124,5624,3,RB
rb2607,先锋期货,东亚期货,19,宁证期货,4342,673,-661,-5,4684,-2,RB
rb2607,东亚期货,渤海期货,20,国联期货,3546,535,130,1,4322,1,RB
rb2607,,,999,,320646,56539,-47044,-2334,311202,-2985,RB
rb2610,国泰君安,中信期货,1,中信期货,166797,145207,-44634,2837,148029,-7890,RB
rb2610,中信期货,东证期货,2,国泰君安,124735,80363,-27684,-12537,138972,-9560,RB
rb2610,永安期货,国泰君安,3,东证期货,88372,74454,-32115,5869,67135,-2672,RB
rb2610,东证期货,银河期货,4,华闻期货,75843,70216,-7789,-2404,65293,-896,RB
rb2610,华泰期货,永安期货,5,华泰期货,70864,50458,-20028,-6218,42120,521,RB
rb2610,瑞银期货,方正中期,6,银河期货,49330,27332,-13813,49,41539,500,RB
rb2610,乾坤期货,海证期货,7,永安期货,44464,22654,-9170,-11282,37588,827,RB
rb2610,银河期货,中辉期货,8,中金财富,40112,18687,3621,-1926,36095,2918,RB
rb2610,中金财富,华泰期货,9,南华期货,36412,18026,-5876,-14457,33685,-4098,RB
rb2610,国投期货,中信建投,10,财信期货,34511,17370,7530,815,32729,-1407,RB
rb2610,国贸期货,浙商期货,11,中泰期货,30130,15929,-12719,1336,32039,-1524,RB
rb2610,方正中期,乾坤期货,12,方正中期,29046,15496,-16164,1814,29380,-42,RB
rb2610,东海期货,新湖期货,13,中信建投,22653,15167,-7593,565,29187,202,RB
rb2610,中辉期货,东海期货,14,徽商期货,22367,13879,-8331,-329,28829,-582,RB
rb2610,物产中大,徽商期货,15,东方财富,21279,13452,-4338,1629,27418,-1042,RB
rb2610,光大期货,迈科期货,16,广发期货,20406,13169,-8642,-4628,23060,-6965,RB
rb2610,浙商期货,五矿期货,17,瑞达期货,19780,12737,-21095,2050,20552,1161,RB
rb2610,中财期货,申万期货,18,乾坤期货,19506,11816,-3064,4150,20242,-1381,RB
rb2610,申万期货,南华期货,19,光大期货,17070,11270,34,1332,20115,-807,RB
rb2610,格林大华,渤海期货,20,国盛期货,16006,11048,-3486,901,19847,-73,RB
rb2610,,,999,,949683,658730,-235356,-30434,893854,-32810,RB
hc2605,国泰君安,国泰君安,1,国泰君安,50234,19097,-10818,-2681,29225,-4988,HC
hc2605,国贸期货,东证期货,2,中信期货,20452,13742,-7444,209,23813,-1487,HC
hc2605,东海期货,五矿期货,3,东证期货,19586,11581,-6496,-4,18696,-5065,HC
hc2605,银河期货,光大期货,4,中泰期货,18280,9471,-4993,-41,14558,-1426,HC
hc2605,永安期货,永安期货,5,华泰期货,16669,8615,-4955,-3271,12435,-305,HC
hc2605,东证期货,华泰期货,6,国元期货,15831,5890,1453,-1526,10753,-2174,HC
hc2605,方正中期,银河期货,7,五矿期货,7512,5409,3609,-246,10388,-467,HC
hc2605,华宝期货,招商期货,8,先融期货,7180,5269,5235,0,10191,50,HC
hc2605,宝城期货,一德期货,9,永安期货,5110,4480,-8834,-1056,9923,-717,HC
hc2605,恒力期货,广发期货,10,光大期货,4392,3919,1392,-704,9849,173,HC
hc2605,南华期货,宝城期货,11,中辉期货,4261,3868,3214,1,9547,-100,HC
hc2605,迈科期货,中信期货,12,浙商期货,4154,3142,-2267,-9,9037,-1886,HC
hc2605,华闻期货,国贸期货,13,东吴期货,4052,3052,2417,-535,8175,-202,HC
hc2605,五矿期货,南华期货,14,中信建投,3906,2629,-1147,-170,7944,-306,HC
hc2605,浙商期货,兴证期货,15,华闻期货,3789,2268,-381,-2615,7488,4,HC
hc2605,瑞达期货,瑞达期货,16,渤海期货,3729,2175,434,-665,5382,-72,HC
hc2605,一德期货,中信建投,17,银河期货,3502,2140,-5292,-568,5359,461,HC
hc2605,中信期货,金元期货,18,海通期货,3301,1977,-1781,198,5036,-10,HC
hc2605,新湖期货,方正中期,19,海证期货,3297,1863,-27,-505,4816,-188,HC
hc2605,物产中大,中财期货,20,瑞达期货,3292,1627,-2040,-156,4450,-1047,HC
hc2605,,,999,,202529,112214,-38721,-14344,217065,-19752,HC
hc2610,国泰君安,国泰君安,1,中信期货,151972,83565,-17195,5321,272434,4694,HC
hc2610,国贸期货,中信期货,2,东证期货,105994,80367,-15843,3819,117083,5345,HC
hc2610,永安期货,光大期货,3,国泰君安,99946,67113,-57426,8700,63515,3434,HC
hc2610,东证期货,东证期货,4,华泰期货,65755,36345,-11750,2624,54149,-15927,HC
hc2610,银河期货,乾坤期货,5,华闻期货,53721,23619,-2396,1627,51298,7622,HC
hc2610,中信期货,永安期货,6,永安期货,45816,22831,-7560,-8330,43434,-2147,HC
hc2610,南华期货,银河期货,7,银河期货,39755,18651,-9111,4594,36646,5080,HC
hc2610,北金期货,五矿期货,8,海通期货,36445,18499,-7883,-2,28646,4801,HC
hc2610,华闻期货,国贸期货,9,中金财富,34559,17676,1106,1176,25113,-338,HC
hc2610,光大期货,华泰期货,10,光大期货,30572,15399,-701,-199,24478,2768,HC
hc2610,中泰期货,中泰期货,11,中泰期货,26593,15330,-12830,785,22812,1487,HC
hc2610,五矿期货,瑞达期货,12,中信建投,24586,11931,-2249,1028,20548,-1028,HC
hc2610,瑞达期货,国投期货,13,五矿期货,21594,11707,3233,1015,19278,377,HC
hc2610,一德期货,中金财富,14,广发期货,20850,10971,-2373,1618,19023,7495,HC
hc2610,国投期货,中信建投,15,中辉期货,20425,10220,5242,-863,18158,-54,HC
hc2610,物产中大,宝城期货,16,乾坤期货,19386,9169,-1466,737,17740,-634,HC
hc2610,华泰期货,中粮期货,17,国元期货,15599,8907,-932,-575,16780,-10,HC
hc2610,广州金控,方正中期,18,国信期货,15086,8651,2359,155,15273,16,HC
hc2610,方正中期,浙商期货,19,国贸期货,14357,8431,-13091,1698,15083,1020,HC
hc2610,建信期货,广发期货,20,海证期货,13762,7907,-1954,265,14876,-2354,HC
hc2610,,,999,,856773,487289,-152820,25193,896367,21647,HC
hc2607,东吴期货,中信期货,1,华泰期货,42416,10814,-386,-1,28011,56,HC
hc2607,海通期货,东吴期货,2,南华期货,28016,8739,2685,-995,23383,3,HC
hc2607,国泰君安,海通期货,3,国泰君安,23404,8239,-4778,170,22639,-981,HC
hc2607,华泰期货,华泰期货,4,浙商期货,22263,7601,6701,-3289,22033,-3637,HC
hc2607,招商期货,国泰君安,5,中信建投,21706,5575,-1218,-2,19008,137,HC
hc2607,弘业期货,招商期货,6,海通期货,19055,5366,2412,25,17887,-43,HC
hc2607,中粮期货,弘业期货,7,中信期货,18451,4300,3256,-2,17005,-703,HC
hc2607,宏源期货,中粮期货,8,东证期货,17020,3786,-1646,174,16916,13,HC
hc2607,广发期货,宏源期货,9,广发期货,17000,3546,-287,83,15933,191,HC
hc2607,中信建投,中信建投,10,中粮期货,15763,2949,1069,-391,15724,-364,HC
hc2607,中国国际,广发期货,11,长江期货,13336,2833,1222,-701,11113,-7,HC
hc2607,中信期货,中国国际,12,弘业期货,11120,2692,289,-462,9711,-698,HC
hc2607,长江期货,长江期货,13,宏源期货,8124,2383,667,-8,8145,-7,HC
hc2607,宝城期货,宝城期货,14,中国国际,6038,1399,-229,-93,6602,-5,HC
hc2607,华闻期货,华闻期货,15,华闻期货,5651,1370,1227,761,4425,511,HC
hc2607,东证期货,东亚期货,16,招商期货,3024,897,-1288,15,3836,-21,HC
hc2607,上海中期,西部期货,17,中泰期货,3018,892,-199,-175,3481,6,HC
hc2607,永安期货,华鑫期货,18,平安期货,1672,784,107,-2,3404,1,HC
hc2607,东亚期货,渤海期货,19,中金财富,1423,420,-49,0,3023,-95,HC
hc2607,西部期货,兴证期货,20,金信期货,1411,407,249,0,3000,3,HC
hc2607,,,999,,279911,74992,9804,-4893,255279,-5640,HC
fu2609,国泰君安,国泰君安,1,中信期货,4949,7375,-70,-43,8311,-84,FU
fu2609,中信期货,银河期货,2,东证期货,4107,6757,2725,477,6300,1472,FU
fu2609,光大期货,中信期货,3,国泰君安,3806,6631,1501,570,2047,-308,FU
fu2609,东证期货,东证期货,4,光大期货,2803,3643,1006,396,1951,645,FU
fu2609,银河期货,中银期货,5,银河期货,2342,3522,1799,70,1872,2035,FU
fu2609,华泰期货,浙商期货,6,海通期货,2314,2411,-178,59,1722,-228,FU
fu2609,中金财富,华泰期货,7,中银期货,2189,2352,2082,496,1715,-202,FU
fu2609,永安期货,光大期货,8,南华期货,1938,2304,1520,49,1582,421,FU
fu2609,乾坤期货,物产中大,9,中泰期货,1588,1914,911,144,1440,-3,FU
fu2609,华安期货,南华期货,10,广发期货,1578,1878,459,45,1438,762,FU
fu2609,广发期货,平安期货,11,华泰期货,1507,1733,641,48,1239,-55,FU
fu2609,方正中期,永安期货,12,方正中期,1403,1647,290,224,1119,-53,FU
fu2609,盛达期货,广发期货,13,国投期货,1318,1445,1164,11,1092,-46,FU
fu2609,申万期货,东吴期货,14,徽商期货,1093,1426,247,297,1086,-18,FU
fu2609,国联期货,宏源期货,15,浙商期货,1090,1295,601,-79,1084,-10,FU
fu2609,平安期货,瑞银期货,16,中信建投,1082,1294,235,128,926,532,FU
fu2609,中信建投,中泰期货,17,东方财富,966,1271,385,55,846,-48,FU
fu2609,海通期货,宝城期货,18,大地期货,951,1162,272,233,807,37,FU
fu2609,西部期货,国金期货,19,中金财富,920,1117,618,-5,786,6,FU
fu2609,东吴期货,国元期货,20,平安期货,908,1059,384,35,719,37,FU
fu2609,,,999,,38852,52236,16592,3210,38082,4892,FU
fu2607,五矿期货,瑞银期货,1,中信期货,3033,5282,678,0,5015,-500,FU
fu2607,中信期货,国泰君安,2,国泰君安,2714,2836,-1085,252,3444,278,FU
fu2607,国泰君安,中信期货,3,东证期货,2323,1858,-166,-294,2696,-4,FU
fu2607,华泰期货,华泰期货,4,银河期货,1475,1491,61,-62,2448,-12,FU
fu2607,银河期货,东证期货,5,光大期货,1175,1053,124,15,1809,22,FU
fu2607,宏源期货,银河期货,6,中泰期货,677,807,441,-35,600,16,FU
fu2607,光大期货,浙商期货,7,中银期货,589,694,-79,185,496,-22,FU
fu2607,国投期货,瑞达期货,8,平安期货,539,678,365,1,479,-210,FU
fu2607,中泰期货,国贸期货,9,东方财富,498,616,-55,36,369,-44,FU
fu2607,东证期货,中信建投,10,海证期货,476,554,475,2,366,49,FU
fu2607,大地期货,光大期货,11,瑞银期货,444,500,0,-2,308,166,FU
fu2607,中信建投,五矿期货,12,广发期货,394,482,102,16,270,17,FU
fu2607,东方财富,国海良时,13,国信期货,381,463,60,-25,252,10,FU
fu2607,乾坤期货,广发期货,14,海通期货,360,340,-489,0,234,57,FU
fu2607,徽商期货,冠通期货,15,中信建投,354,327,-54,-15,212,3,FU
fu2607,海通期货,国盛期货,16,方正中期,349,326,16,-19,178,1,FU
fu2607,方正中期,国信期货,17,渤海期货,347,318,-241,-49,167,6,FU
fu2607,国信期货,东方财富,18,申万期货,345,276,114,-29,154,157,FU
fu2607,紫金天风,申万期货,19,瑞达期货,336,268,102,9,135,-12,FU
fu2607,东吴期货,西南期货,20,徽商期货,287,252,15,-47,118,1,FU
fu2607,,,999,,17096,19421,384,-61,19750,-21,FU
fu2606,中信期货,国泰君安,1,国泰君安,6069,19265,1792,968,7749,-101,FU
fu2606,国泰君安,东证期货,2,中信期货,4029,17363,4157,1078,7050,105,FU
fu2606,东证期货,中信期货,3,东证期货,3964,15577,3415,560,4523,-1133,FU
fu2606,华泰期货,永安期货,4,东方财富,3800,8468,506,549,3138,-85,FU
fu2606,银河期货,华泰期货,5,中泰期货,3384,6772,2119,481,2807,382,FU
fu2606,光大期货,平安期货,6,银河期货,2884,6257,2479,307,2545,466,FU
fu2606,五矿期货,西部期货,7,光大期货,2398,5543,471,-23,1935,-240,FU
fu2606,海通期货,方正中期,8,海通期货,2311,4893,60,203,1700,144,FU
fu2606,大地期货,光大期货,9,中信建投,2020,4196,1011,962,1641,-210,FU
fu2606,东方财富,东方财富,10,广发期货,2020,4099,830,-502,1610,414,FU
fu2606,西部期货,银河期货,11,华泰期货,1665,4027,832,250,1477,-618,FU
fu2606,广发期货,浙商期货,12,平安期货,1619,3184,1650,150,1351,43,FU
fu2606,兴证期货,海通期货,13,中银期货,1447,3097,-1345,203,1253,-122,FU
fu2606,方正中期,广发期货,14,方正中期,1380,3063,666,-23,1247,157,FU
fu2606,平安期货,南华期货,15,国信期货,1299,2956,-668,-58,1198,290,FU
fu2606,中泰期货,中金财富,16,民生期货,1204,2660,-1221,60,1044,-718,FU
fu2606,永安期货,东吴期货,17,徽商期货,1176,2641,620,-481,1021,43,FU
fu2606,瑞达期货,国联期货,18,大地期货,1152,2568,275,624,1013,215,FU
fu2606,创元期货,中银期货,19,永安期货,1133,2504,1652,227,889,399,FU
fu2606,中信建投,中信建投,20,国元期货,1100,2222,607,-684,846,92,FU
fu2606,,,999,,46054,121355,19908,4851,46037,-477,FU
fu2605,国泰君安,国泰君安,1,国泰君安,10749,49052,-5094,-1176,15328,-1322,FU
fu2605,中信期货,中信期货,2,中信期货,8878,42872,10452,-226,11314,423,FU
fu2605,东证期货,东证期货,3,东证期货,5253,32701,7042,2268,5974,-1340,FU
fu2605,永安期货,银河期货,4,广发期货,5244,20207,4471,214,5327,-728,FU
fu2605,海通期货,广发期货,5,银河期货,4211,18428,-1767,194,4590,514,FU
fu2605,银河期货,华泰期货,6,中信建投,4016,18252,-1204,-525,3785,-470,FU
fu2605,华泰期货,平安期货,7,海通期货,3082,16926,-216,-471,3423,160,FU
fu2605,广发期货,永安期货,8,方正中期,3020,11929,1787,167,3168,-567,FU
fu2605,光大期货,海通期货,9,华泰期货,2791,11183,-1369,-581,2799,-557,FU
fu2605,西部期货,中信建投,10,中泰期货,2489,11007,3116,-284,2605,-113,FU
fu2605,方正中期,光大期货,11,东吴期货,2328,9566,2298,-119,2208,-520,FU
fu2605,中信建投,方正中期,12,平安期货,2237,9058,-2132,-361,2022,-457,FU
fu2605,华闻期货,华闻期货,13,华闻期货,2216,8347,2321,8,1932,-304,FU
fu2605,瑞达期货,浙商期货,14,徽商期货,2053,7792,-79,433,1892,-57,FU
fu2605,国投期货,东吴期货,15,宏源期货,1848,6704,1100,-100,1635,54,FU
fu2605,东吴期货,中泰期货,16,光大期货,1799,6310,151,-157,1343,402,FU
fu2605,平安期货,东方财富,17,东方财富,1796,6062,-1104,-316,1311,257,FU
fu2605,宏源期货,瑞达期货,18,永安期货,1611,5924,694,-98,1276,567,FU
fu2605,国信期货,招商期货,19,浙商期货,1561,5837,-1780,16,1260,299,FU
fu2605,国联期货,国投期货,20,申万期货,1496,5614,15,-34,1211,-141,FU
fu2605,,,999,,68678,303771,18702,-1148,74403,-3900,FU
bu2606,国泰君安,国泰君安,1,国泰君安,21607,93805,-17122,-801,17281,1404,BU
bu2606,华泰期货,中信期货,2,东证期货,18466,76318,-13622,-318,16567,373,BU
bu2606,银河期货,东证期货,3,中信期货,17240,74561,-8605,106,16282,-1178,BU
bu2606,中信期货,永安期货,4,中泰期货,16760,54044,-6348,514,15147,179,BU
bu2606,中泰期货,浙商期货,5,海通期货,13729,29495,-2288,-194,12591,414,BU
bu2606,永安期货,华泰期货,6,银河期货,9502,26180,-1268,-193,7769,92,BU
bu2606,海通期货,银河期货,7,广发期货,8936,25399,169,147,7624,326,BU
bu2606,东证期货,广发期货,8,浙商期货,8355,18261,-20319,14,7545,106,BU
bu2606,物产中大,乾坤期货,9,中信建投,7766,15583,-3043,67,6244,-2767,BU
bu2606,大地期货,国投期货,10,国信期货,6409,14898,290,-705,5404,294,BU
bu2606,国贸期货,申万期货,11,华闻期货,5280,13852,-5729,181,5315,-32,BU
bu2606,广发期货,华安期货,12,徽商期货,3499,13650,-3853,-511,4626,-85,BU
bu2606,盛达期货,盛达期货,13,方正中期,3389,13049,-2862,-98,4569,-433,BU
bu2606,浙商期货,中金财富,14,华泰期货,3373,11236,-4618,257,4316,929,BU
bu2606,格林大华,冠通期货,15,平安期货,3291,10350,-2880,17,3768,8,BU
bu2606,国投期货,宝城期货,16,光大期货,3031,9892,-235,262,3670,-586,BU
bu2606,中信建投,光大期货,17,华安期货,3013,7868,-1053,-3,3651,208,BU
bu2606,华安期货,东吴期货,18,东方财富,2876,7513,-980,7,3251,-474,BU
bu2606,南华期货,平安期货,19,东吴期货,2582,7389,-531,-9,2823,361,BU
bu2606,民生期货,方正中期,20,宏源期货,2509,7293,49,12,2820,710,BU
bu2606,,,999,,161613,530636,-94848,-1248,151263,-151,BU
bu2605,中粮期货,国泰君安,1,中信期货,2717,3543,-87,3,2636,101,BU
bu2605,国泰君安,中信期货,2,国泰君安,2371,2540,311,-209,1638,-316,BU
bu2605,海通期货,华泰期货,3,东证期货,1069,1903,828,-9,1276,-39,BU
bu2605,国投期货,银河期货,4,国信期货,608,1099,43,-25,809,-67,BU
bu2605,国贸期货,浙商期货,5,盛达期货,597,878,465,-242,636,-1,BU
bu2605,永安期货,国富期货,6,中泰期货,506,655,-727,-64,526,-1,BU
bu2605,东海期货,瑞达期货,7,银河期货,398,578,-67,7,454,-61,BU
bu2605,物产中大,物产中大,8,渤海期货,307,557,188,-206,370,-1,BU
bu2605,宏源期货,光大期货,9,新湖期货,285,419,362,7,314,-33,BU
bu2605,银河期货,东证期货,10,海通期货,254,361,-68,-1,308,48,BU
bu2605,中信期货,中泰期货,11,国投期货,252,354,202,31,273,-8,BU
bu2605,中航期货,新世纪,12,齐盛期货,251,313,-13,-127,270,0,BU
bu2605,齐盛期货,一德期货,13,国贸期货,241,289,217,-49,226,5,BU
bu2605,平安期货,永安期货,14,中财期货,227,262,-40,0,213,-66,BU
bu2605,浙商期货,盛达期货,15,永安期货,179,230,132,-2,209,-70,BU
bu2605,大地期货,广发期货,16,光大期货,114,220,163,-100,207,-67,BU
bu2605,东证期货,齐盛期货,17,物产中大,81,207,206,-99,158,0,BU
bu2605,南华期货,南华期货,18,广发期货,68,204,-113,3,119,-30,BU
bu2605,光大期货,中信建投,19,创元期货,62,200,156,-133,103,-10,BU
bu2605,盛达期货,宏源期货,20,华泰期货,61,196,-181,-26,88,1,BU
bu2605,,,999,,10648,15008,1977,-1241,10833,-615,BU
ru2605,国泰君安,国泰君安,1,中信期货,2870,9439,3489,-413,5059,-109,RU
ru2605,中信期货,银河期货,2,国泰君安,1779,7406,-362,-236,1539,-178,RU
ru2605,东证期货,中信期货,3,华泰期货,1715,5577,528,-15,1446,-345,RU
ru2605,国投期货,东吴期货,4,东证期货,1230,5309,-86,17,1186,53,RU
ru2605,银河期货,国贸期货,5,中泰期货,943,3896,487,-94,1120,-119,RU
ru2605,永安期货,永安期货,6,浙商期货,928,3607,-756,-21,909,-113,RU
ru2605,创元期货,华泰期货,7,金瑞期货,789,1438,427,9,811,-113,RU
ru2605,广发期货,广发期货,8,银河期货,769,1336,450,-12,742,-12,RU
ru2605,浙商期货,东证期货,9,广发期货,564,1226,-1054,-86,698,-304,RU
ru2605,南华期货,南华期货,10,国金期货,527,646,508,-131,619,33,RU
ru2605,国信期货,方正中期,11,华闻期货,516,628,-1220,-7,533,-20,RU
ru2605,物产中大,一德期货,12,国元期货,483,600,-188,-20,490,1,RU
ru2605,大地期货,大地期货,13,海通期货,443,508,63,-36,477,68,RU
ru2605,中泰期货,中泰期货,14,东吴期货,419,500,280,-171,468,-55,RU
ru2605,海通期货,创元期货,15,国信期货,403,485,290,-52,453,-252,RU
ru2605,兴证期货,建信期货,16,徽商期货,342,472,254,-38,389,2,RU
ru2605,中银期货,瑞达期货,17,国贸期货,325,441,182,-10,379,5,RU
ru2605,国元期货,平安期货,18,创元期货,324,413,-160,-12,371,-46,RU
ru2605,瑞达期货,国元期货,19,南华期货,317,376,180,-14,338,-18,RU
ru2605,华泰期货,新湖期货,20,大地期货,281,360,231,-152,327,-2,RU
ru2605,,,999,,15967,44663,3543,-1494,18354,-1524,RU
ru2609,国泰君安,国泰君安,1,国泰君安,14962,110150,25256,1529,28544,-675,RU
ru2609,中信期货,中信期货,2,东证期货,7718,61043,6340,-1356,11116,-284,RU
ru2609,国投期货,东证期货,3,中信期货,7216,48124,6587,-1047,8852,251,RU
ru2609,东证期货,永安期货,4,华泰期货,6487,43803,6844,-8,8626,231,RU
ru2609,华泰期货,银河期货,5,广发期货,6440,28547,-14822,-157,6180,25,RU
ru2609,物产中大,华泰期货,6,海通期货,5677,27690,-3838,-41,5589,-1110,RU
ru2609,中泰期货,新湖期货,7,华闻期货,4154,22849,-3841,-94,5031,-289,RU
ru2609,创元期货,广发期货,8,浙商期货,3789,14025,267,247,4894,-23,RU
ru2609,永安期货,中信建投,9,中泰期货,3552,11382,457,-262,4629,-167,RU
ru2609,银河期货,一德期货,10,银河期货,3293,10305,-135,-92,4307,12,RU
ru2609,瑞达期货,浙商期货,11,创元期货,3017,9164,3719,175,4178,-4,RU
ru2609,中银期货,东吴期货,12,徽商期货,3017,8589,364,-14,3532,71,RU
ru2609,南华期货,南华期货,13,华西期货,2961,7902,4389,238,3177,-88,RU
ru2609,浙商期货,光大期货,14,中辉期货,2928,6910,3322,-73,2784,583,RU
ru2609,中国国际,海通期货,15,东吴期货,2671,6545,1358,-50,2780,455,RU
ru2609,北金期货,国联期货,16,申万期货,2366,6098,1398,0,2701,111,RU
ru2609,新湖期货,国海良时,17,海证期货,2281,5903,849,34,2631,158,RU
ru2609,大地期货,方正中期,18,方正中期,2256,5523,475,-151,2483,29,RU
ru2609,冠通期货,国投期货,19,中信建投,2152,5340,1382,-193,2471,-102,RU
ru2609,广发期货,东海期货,20,国联期货,2066,4959,1297,82,2156,88,RU
ru2609,,,999,,89003,444851,41668,-1233,116661,-728,RU
ru2701,国投期货,国泰君安,1,中信期货,1271,1814,633,368,4756,3,RU
ru2701,中银期货,华泰期货,2,国泰君安,893,1317,664,-2,1248,106,RU
ru2701,国泰君安,新湖期货,3,华泰期货,827,876,97,-18,1245,1,RU
ru2701,浙商期货,一德期货,4,国投期货,768,382,121,-20,854,5,RU
ru2701,物产中大,银河期货,5,南华期货,678,299,148,5,724,20,RU
ru2701,南华期货,广发期货,6,广发期货,641,271,31,-11,367,6,RU
ru2701,大地期货,国联期货,7,东证期货,434,236,65,-2,315,71,RU
ru2701,宝城期货,东吴期货,8,国信期货,415,228,118,1,252,1,RU
ru2701,中泰期货,东证期货,9,海通期货,408,192,78,-2,211,6,RU
ru2701,中信期货,南华期货,10,银河期货,360,166,100,-16,158,8,RU
ru2701,中金财富,中信建投,11,金瑞期货,355,159,75,0,156,107,RU
ru2701,瑞达期货,国贸期货,12,华闻期货,316,149,149,-1,96,4,RU
ru2701,华泰期货,平安期货,13,中信建投,312,127,108,4,74,-11,RU
ru2701,中衍期货,东海期货,14,徽商期货,250,125,77,1,71,0,RU
ru2701,一德期货,国投期货,15,中天期货,249,110,110,0,59,0,RU
ru2701,国贸期货,中泰期货,16,中泰期货,206,106,34,1,58,-14,RU
ru2701,先融期货,中信期货,17,国元期货,198,89,21,0,58,0,RU
ru2701,长江期货,财信期货,18,物产中大,195,80,75,-2,56,0,RU
ru2701,宏源期货,申万期货,19,渤海期货,163,76,46,19,43,11,RU
ru2701,广发期货,宏源期货,20,国联期货,149,73,72,-9,43,-8,RU
ru2701,,,999,,9088,6875,2822,316,10844,316,RU
nr2606,国泰君安,永安期货,1,中信期货,5746,20408,6460,-856,10421,-602,NR
nr2606,中信期货,中信期货,2,国泰君安,5332,19921,2387,-1290,4831,-176,NR
nr2606,新湖期货,国泰君安,3,东证期货,5287,17255,5400,-99,3941,-107,NR
nr2606,银河期货,摩根大通,4,华泰期货,3366,14236,840,692,3495,-788,NR
nr2606,东吴期货,东证期货,5,浙商期货,2653,7156,1046,-622,3357,279,NR
nr2606,浙商期货,瑞银期货,6,海通期货,2491,4768,49,-140,3340,30,NR
nr2606,中银期货,新湖期货,7,银河期货,2320,3282,940,521,2211,-194,NR
nr2606,南华期货,中金财富,8,徽商期货,2099,2940,974,-551,2124,-221,NR
nr2606,中泰期货,乾坤期货,9,华闻期货,1803,2197,60,31,1806,-496,NR
nr2606,永安期货,宏源期货,10,中泰期货,1669,2113,934,-113,1676,-18,NR
nr2606,东证期货,广发期货,11,国信期货,1348,2002,654,298,1399,81,NR
nr2606,乾坤期货,中泰期货,12,南华期货,1251,1941,933,969,1258,36,NR
nr2606,大地期货,南华期货,13,中信建投,1231,1642,272,-178,1021,122,NR
nr2606,徽商期货,银河期货,14,乾坤期货,1197,1617,750,-7,1001,-80,NR
nr2606,瑞银期货,华泰期货,15,中辉期货,1192,1582,1066,-30,925,216,NR
nr2606,物产中大,创元期货,16,东吴期货,1040,1539,997,-246,920,-85,NR
nr2606,摩根大通,徽商期货,17,摩根大通,1029,1492,819,644,873,-17,NR
nr2606,宏源期货,正信期货,18,宏源期货,1020,1402,635,-80,832,20,NR
nr2606,华泰期货,东吴期货,19,广发期货,868,1396,3,58,805,-41,NR
nr2606,中信建投,大地期货,20,瑞达期货,863,1346,415,272,777,-251,NR
nr2606,,,999,,43805,110235,25634,-727,47013,-2292,NR
nr2607,国泰君安,中信期货,1,东证期货,3019,6190,1705,145,5634,14,NR
nr2607,中信期货,永安期货,2,中信期货,2668,5356,524,264,3729,198,NR
nr2607,中银期货,新湖期货,3,华泰期货,2082,5033,116,7,3010,47,NR
nr2607,新湖期货,东吴期货,4,国泰君安,1596,4686,-763,52,1596,13,NR
nr2607,物产中大,国泰君安,5,浙商期货,1404,1884,125,-200,1516,297,NR
nr2607,浙商期货,一德期货,6,南华期货,1327,1344,617,206,1054,3,NR
nr2607,正信期货,乾坤期货,7,海通期货,1160,1225,-273,39,880,-94,NR
nr2607,东证期货,冠通期货,8,渤海期货,793,941,751,201,695,-227,NR
nr2607,宏源期货,摩根大通,9,瑞达期货,712,873,446,80,618,11,NR
nr2607,瑞达期货,宝城期货,10,中泰期货,711,711,19,76,572,74,NR
nr2607,大地期货,申万期货,11,永安期货,670,703,537,164,556,124,NR
nr2607,创元期货,银河期货,12,华闻期货,665,662,58,-40,534,27,NR
nr2607,国投期货,广发期货,13,国元期货,580,624,200,138,465,16,NR
nr2607,海通期货,宏源期货,14,国投期货,528,598,461,-338,463,25,NR
nr2607,方正中期,紫金天风,15,银河期货,508,570,-102,50,414,-3,NR
nr2607,华泰期货,东证期货,16,申万期货,490,460,339,-66,398,-49,NR
nr2607,国贸期货,创元期货,17,宝城期货,458,445,2,90,375,11,NR
nr2607,宝城期货,中金财富,18,国信期货,414,414,-47,-233,317,-44,NR
nr2607,银河期货,中金岭南,19,金瑞期货,405,383,184,51,313,2,NR
nr2607,南华期货,中泰期货,20,物产中大,384,364,322,-304,303,9,NR
nr2607,,,999,,20574,33466,5221,382,23442,454,NR
nr2605,国泰君安,国泰君安,1,东证期货,2028,2257,935,-2,3421,-417,NR
nr2605,中信期货,南华期货,2,华泰期货,751,1222,-406,-80,630,-77,NR
nr2605,建信期货,国投期货,3,国泰君安,574,1011,253,2,627,-1,NR
nr2605,南华期货,中泰期货,4,中信期货,465,772,-623,0,591,-107,NR
nr2605,中银期货,华鑫期货,5,中银期货,444,600,40,-600,590,0,NR
nr2605,冠通期货,东证期货,6,银河期货,426,530,139,-2,425,-183,NR
nr2605,浙商期货,永安期货,7,渤海期货,386,426,211,-40,424,-11,NR
nr2605,东证期货,宏源期货,8,信达期货,316,353,351,-32,262,-102,NR
nr2605,新湖期货,国信期货,9,国信期货,312,270,137,-4,247,-3,NR
nr2605,永安期货,中信期货,10,中泰期货,284,227,149,-51,243,-146,NR
nr2605,格林大华,齐盛期货,11,中信建投,273,214,82,0,157,0,NR
nr2605,东吴期货,格林大华,12,广发期货,261,209,39,-10,156,0,NR
nr2605,宝城期货,银河期货,13,物产中大,245,207,-16,-50,130,-69,NR
nr2605,银河期货,广发期货,14,五矿期货,224,157,112,-189,122,2,NR
nr2605,物产中大,东吴期货,15,海通期货,210,148,145,-9,111,-44,NR
nr2605,国投期货,摩根大通,16,光大期货,200,144,125,0,109,0,NR
nr2605,金信期货,渤海期货,17,宏源期货,192,125,20,-12,70,-10,NR
nr2605,大地期货,浙商期货,18,国贸期货,161,118,-105,-1,67,-66,NR
nr2605,东方财富,国元期货,19,浙商期货,123,114,111,0,67,-29,NR
nr2605,华泰期货,国贸期货,20,华闻期货,114,96,-8,-215,55,-34,NR
nr2605,,,999,,7989,9200,1691,-1295,8504,-1297,NR
sp2605,国泰君安,中信期货,1,中信期货,7244,32623,-6904,-822,16130,-608,SP
sp2605,东证期货,国泰君安,2,国泰君安,5276,32424,-55977,-1541,6635,-910,SP
sp2605,华泰期货,东证期货,3,东证期货,4474,16082,-12805,968,6109,-879,SP
sp2605,中信期货,广发期货,4,华泰期货,3626,11437,-7889,-309,5887,-10,SP
sp2605,银河期货,银河期货,5,中泰期货,3519,10829,7438,-1522,3213,-94,SP
sp2605,瑞达期货,华泰期货,6,广发期货,3160,6893,-5361,-1235,2877,-349,SP
sp2605,广发期货,光大期货,7,山西三立,2099,6853,688,-35,2605,-315,SP
sp2605,永安期货,中信建投,8,华闻期货,1811,6642,-14380,-562,2460,-456,SP
sp2605,海通期货,宏源期货,9,银河期货,1612,6128,-4453,32,1720,-196,SP
sp2605,海证期货,方正中期,10,东方财富,1601,3789,1004,-306,1631,-140,SP
sp2605,物产中大,南华期货,11,海通期货,1479,3672,-4836,85,1603,-102,SP
sp2605,招商期货,中泰期货,12,中信建投,1377,3081,-872,-123,1397,-312,SP
sp2605,兴证期货,徽商期货,13,永安期货,1327,2971,1076,-577,1317,-126,SP
sp2605,中金财富,海通期货,14,浙商期货,1292,2960,465,-176,1193,-248,SP
sp2605,宝城期货,国联期货,15,徽商期货,1276,2843,-686,-87,1159,-175,SP
sp2605,中辉期货,中财期货,16,瑞达期货,1157,2587,269,-117,1152,-63,SP
sp2605,宏源期货,五矿期货,17,方正中期,1154,2312,-1005,-908,1134,-612,SP
sp2605,创元期货,先锋期货,18,宏源期货,1134,2244,-549,-184,1051,-464,SP
sp2605,五矿期货,格林大华,19,申万期货,1104,2023,678,121,1017,-38,SP
sp2605,中信建投,国投期货,20,平安期货,1078,1946,-1146,109,902,-386,SP
sp2605,,,999,,46800,160339,-105245,-7189,61192,-6483,SP
sp2607,中信期货,银河期货,1,中信期货,8537,19472,-6012,-2549,12552,-760,SP
sp2607,永安期货,华泰期货,2,东证期货,8359,9910,-6261,236,9966,-865,SP
sp2607,乾坤期货,国泰君安,3,国泰君安,7998,7347,-3387,-1522,8678,-1159,SP
sp2607,华泰期货,永安期货,4,华泰期货,7916,6742,-1045,-699,7944,-212,SP
sp2607,东证期货,中信期货,5,山西三立,7213,4568,-725,250,7251,-1737,SP
sp2607,瑞达期货,南华期货,6,银河期货,7080,3959,-2785,113,5837,-613,SP
sp2607,宏源期货,国元期货,7,中辉期货,5546,3211,1046,-113,5605,-35,SP
sp2607,国泰君安,浙商期货,8,平安期货,5525,2566,596,-1246,5456,-6,SP
sp2607,银河期货,宏源期货,9,浙商期货,5516,2365,-3726,1875,5296,-41,SP
sp2607,国元期货,长江期货,10,中泰期货,4904,2221,434,-773,5120,2,SP
sp2607,海通期货,瑞达期货,11,长江期货,4901,2146,-3435,-247,5023,-307,SP
sp2607,中粮期货,海通期货,12,中信建投,4765,2130,-114,-13,4846,-70,SP
sp2607,长江期货,中粮期货,13,海通期货,4620,2101,-1285,-146,4842,-56,SP
sp2607,弘业期货,光大期货,14,永安期货,4599,2048,-428,-1,4515,-122,SP
sp2607,中国国际,弘业期货,15,中粮期货,4531,1769,-311,-10,4433,-21,SP
sp2607,中金财富,中国国际,16,国信期货,4483,1703,-3753,-790,3535,-7,SP
sp2607,海证期货,广发期货,17,乾坤期货,2157,1522,1392,-85,2536,-53,SP
sp2607,瑞银期货,东证期货,18,国元期货,1598,1498,355,-2,2464,-1512,SP
sp2607,广发期货,中信建投,19,广发期货,1505,1449,-73,-604,2170,-780,SP
sp2607,中辉期货,一德期货,20,南华期货,1451,1353,255,-1925,1570,-53,SP
sp2607,,,999,,103204,80080,-29262,-8251,109639,-8407,SP
sp2609,中信期货,国泰君安,1,国泰君安,19826,69830,18198,1973,28920,1768,SP
sp2609,国泰君安,东证期货,2,中信期货,10197,47238,5897,844,17942,-687,SP
sp2609,东证期货,中信期货,3,东证期货,8496,24013,-3404,-1932,12057,1197,SP
sp2609,中金财富,华泰期货,4,浙商期货,8332,16050,-5151,177,11181,1673,SP
sp2609,银河期货,银河期货,5,银河期货,7819,12907,1196,-2325,10033,-240,SP
sp2609,华泰期货,广发期货,6,华泰期货,7548,9017,-1215,444,7651,138,SP
sp2609,乾坤期货,光大期货,7,海通期货,6095,8296,-6951,1465,7129,-29,SP
sp2609,平安期货,中财期货,8,华闻期货,5781,5430,-716,965,6872,-77,SP
sp2609,永安期货,浙商期货,9,国信期货,5621,5216,302,351,5842,-776,SP
sp2609,浙商期货,永安期货,10,徽商期货,5593,5066,951,232,4869,1094,SP
sp2609,广发期货,物产中大,11,兴证期货,5218,4960,3302,199,4766,98,SP
sp2609,国贸期货,大地期货,12,中泰期货,4744,4483,-9030,107,4252,40,SP
sp2609,国元期货,中信建投,13,方正中期,4637,4084,-865,893,4193,43,SP
sp2609,中辉期货,南华期货,14,中辉期货,4604,4041,587,706,3974,54,SP
sp2609,华源期货,瑞达期货,15,中信建投,3679,4022,196,324,3596,156,SP
sp2609,宏源期货,宝城期货,16,平安期货,3616,3902,-1326,413,3518,460,SP
sp2609,招商期货,国投期货,17,广发期货,3583,3881,-653,241,3397,193,SP
sp2609,瑞达期货,国贸期货,18,新湖期货,3189,3446,664,-155,3360,-408,SP
sp2609,国投期货,中泰期货,19,永安期货,3183,3221,-160,-87,3206,-140,SP
sp2609,光大期货,方正中期,20,瑞达期货,3027,3109,-630,251,3162,-100,SP
sp2609,,,999,,124788,242212,1192,5086,149920,4457,SP
ss2606,国泰君安,乾坤期货,1,国泰君安,21280,127475,108476,8666,19820,1593,SS
ss2606,中信期货,中信期货,2,东证期货,16506,115486,76634,3939,19528,4959,SS
ss2606,国投期货,国泰君安,3,中信期货,14977,88222,60995,1188,11301,3231,SS
ss2606,国贸期货,东证期货,4,浙商期货,10535,41226,22679,4179,10229,1053,SS
ss2606,银河期货,永安期货,5,华泰期货,9050,35705,22569,1120,8401,4834,SS
ss2606,东证期货,银河期货,6,海通期货,8353,27949,18337,1669,7015,533,SS
ss2606,建信期货,浙商期货,7,华闻期货,7792,25877,17303,3554,6615,288,SS
ss2606,中粮期货,中金财富,8,银河期货,5857,19265,14995,549,6502,1875,SS
ss2606,华泰期货,华泰期货,9,东方财富,5477,14375,12211,282,6450,1227,SS
ss2606,创元期货,广发期货,10,中泰期货,4799,10525,3550,2140,6295,2271,SS
ss2606,五矿期货,平安期货,11,广发期货,4364,9637,-189,2670,5493,680,SS
ss2606,方正中期,中信建投,12,徽商期货,3549,9032,7175,1486,4975,535,SS
ss2606,中国国际,瑞银期货,13,方正中期,3007,8236,5236,90,4496,-1,SS
ss2606,正信期货,华闻期货,14,招商期货,2395,7858,5947,1310,4145,-83,SS
ss2606,广州期货,宏源期货,15,东吴期货,2258,7358,4777,585,3820,1184,SS
ss2606,广发期货,方正中期,16,永安期货,2193,7350,5440,1008,3780,760,SS
ss2606,海证期货,海证期货,17,中信建投,2151,7317,6048,584,3457,681,SS
ss2606,永安期货,五矿期货,18,国投期货,2115,6975,4894,554,3444,1237,SS
ss2606,国信期货,中泰期货,19,五矿期货,2095,6723,5160,1295,3356,966,SS
ss2606,申万期货,中辉期货,20,国盛期货,2007,6544,6269,1130,2955,1284,SS
ss2606,,,999,,130760,583135,408506,37998,142077,29107,SS
ss2605,中信期货,中信期货,1,东证期货,4683,34035,8792,-527,8011,-2089,SS
ss2605,国泰君安,国泰君安,2,中信期货,4622,30728,8688,-1148,5932,-260,SS
ss2605,东证期货,国投期货,3,国泰君安,3235,23638,-15589,-1335,3864,-656,SS
ss2605,华泰期货,平安期货,4,华泰期货,3017,15812,2276,1,3527,-454,SS
ss2605,一德期货,东证期货,5,海通期货,2777,14833,7483,-88,2374,-1326,SS
ss2605,国联期货,广发期货,6,中泰期货,2680,12054,10005,-65,2127,-347,SS
ss2605,银河期货,创元期货,7,东方财富,2538,10500,773,-749,1984,-189,SS
ss2605,广州期货,银河期货,8,华闻期货,2507,8841,-952,-73,1715,-281,SS
ss2605,广发期货,海证期货,9,浙商期货,2112,6956,-17690,-33,1695,-197,SS
ss2605,金瑞期货,永安期货,10,建信期货,1969,5734,3667,-50,1632,-58,SS
ss2605,物产中大,五矿期货,11,广发期货,1936,3884,-3307,-44,1574,460,SS
ss2605,国投期货,浙商期货,12,银河期货,1412,3716,-2216,-742,1499,-40,SS
ss2605,建信期货,瑞达期货,13,申万期货,1239,3400,935,-2830,1371,-78,SS
ss2605,中粮期货,中辉期货,14,中信建投,1197,2805,1334,-147,1340,514,SS
ss2605,东方财富,方正中期,15,方正中期,1117,2719,1335,109,1278,-175,SS
ss2605,招商期货,国贸期货,16,国信期货,1115,2520,713,-124,1071,-172,SS
ss2605,申万期货,正信期货,17,招商期货,990,2494,1488,-989,872,-405,SS
ss2605,信达期货,一德期货,18,国投期货,875,2180,1210,-278,832,-25,SS
ss2605,东海期货,南华期货,19,五矿期货,869,2075,687,-112,777,-108,SS
ss2605,永安期货,宝城期货,20,平安期货,771,1856,-41,-575,655,-135,SS
ss2605,,,999,,41661,190780,9591,-9799,44130,-6021,SS
lu2606,中信期货,中信期货,1,国泰君安,4967,9060,1085,777,6176,257,LU
lu2606,国泰君安,国泰君安,2,中信期货,4938,8836,2175,-128,5724,84,LU
lu2606,东证期货,东证期货,3,东证期货,3546,7931,2790,213,3595,298,LU
lu2606,银河期货,银河期货,4,银河期货,2571,3806,640,-70,2965,-308,LU
lu2606,中银期货,华泰期货,5,海通期货,1949,2886,787,12,2111,-324,LU
lu2606,永安期货,中辉期货,6,华泰期货,1895,2555,325,138,1895,195,LU
lu2606,华泰期货,光大期货,7,南华期货,1851,1993,1835,-309,1761,175,LU
lu2606,中辉期货,西部期货,8,华闻期货,1473,1800,-729,-57,1705,275,LU
lu2606,平安期货,华闻期货,9,徽商期货,1470,1559,271,-217,1705,211,LU
lu2606,乾坤期货,国联期货,10,东方财富,1441,1551,348,-29,1670,-46,LU
lu2606,浙商期货,浙商期货,11,五矿期货,1376,1402,667,57,1635,-37,LU
lu2606,南华期货,中金财富,12,平安期货,1344,1366,382,25,1608,-23,LU
lu2606,华闻期货,方正中期,13,中信建投,1243,1227,378,205,1331,89,LU
lu2606,光大期货,宏源期货,14,永安期货,1069,1204,501,-27,1178,99,LU
lu2606,海通期货,宝城期货,15,中泰期货,1028,1029,-396,267,1160,-12,LU
lu2606,宝城期货,东吴期货,16,国投期货,892,971,562,11,985,-112,LU
lu2606,冠通期货,冠通期货,17,浙商期货,888,946,-96,133,777,138,LU
lu2606,民生期货,永安期货,18,方正中期,878,883,96,178,669,260,LU
lu2606,国元期货,海通期货,19,国信期货,851,847,-209,6,645,159,LU
lu2606,东吴期货,平安期货,20,新湖期货,834,837,618,-8,629,37,LU
lu2606,,,999,,36504,52689,12030,1177,39924,1415,LU
lu2605,国泰君安,国泰君安,1,国泰君安,1644,1874,-1688,-369,1045,-201,LU
lu2605,中信期货,永安期货,2,中信期货,1330,1852,-805,-641,781,108,LU
lu2605,华泰期货,银河期货,3,东证期货,879,1586,-444,-32,739,-54,LU
lu2605,光大期货,东吴期货,4,光大期货,532,531,-51,35,573,-5,LU
lu2605,东吴期货,中银期货,5,申万期货,508,458,253,-13,518,-2,LU
lu2605,东证期货,申万期货,6,永安期货,338,399,-53,-24,335,98,LU
lu2605,大越期货,中信期货,7,中泰期货,321,336,157,0,311,-377,LU
lu2605,金瑞期货,光大期货,8,华泰期货,314,322,-185,-1,309,-38,LU
lu2605,平安期货,海通期货,9,银河期货,291,250,-58,-9,254,-92,LU
lu2605,海证期货,瑞达期货,10,广发期货,262,243,-31,-20,211,-114,LU
lu2605,海通期货,中信建投,11,中辉期货,240,234,162,-105,209,-29,LU
lu2605,恒力期货,徽商期货,12,海通期货,225,223,-4,0,200,-24,LU
lu2605,徽商期货,西部期货,13,徽商期货,220,218,-59,-32,191,97,LU
lu2605,银河期货,恒力期货,14,方正中期,205,174,-132,-62,174,0,LU
lu2605,华闻期货,海证期货,15,西部期货,196,145,73,-2,156,-20,LU
lu2605,上海中期,东证期货,16,瑞达期货,193,139,100,-29,130,-344,LU
lu2605,国元期货,上海中期,17,东方财富,130,135,-106,-29,130,0,LU
lu2605,广发期货,宏源期货,18,国元期货,123,134,-24,-3,108,-8,LU
lu2605,国贸期货,华闻期货,19,中州期货,123,130,125,-22,98,3,LU
lu2605,新湖期货,东方财富,20,中信建投,110,121,-236,-1,94,26,LU
lu2605,,,999,,8184,9504,-3006,-1359,6566,-976,LU
ao2609,中信期货,方正中期,1,东证期货,14283,38583,-2736,3855,33410,122,AO
ao2609,国泰君安,国投期货,2,国泰君安,12049,32322,-4935,303,28526,-722,AO
ao2609,东证期货,东证期货,3,中信期货,10358,28878,4763,4498,19848,1339,AO
ao2609,银河期货,国泰君安,4,华泰期货,9922,14705,1008,1855,17739,1459,AO
ao2609,中金财富,中信期货,5,中泰期货,8908,12833,624,269,13301,1515,AO
ao2609,瑞达期货,银河期货,6,银河期货,8454,11858,2145,2556,9745,1629,AO
ao2609,永安期货,浙商期货,7,徽商期货,7714,9486,-28,-586,9500,-83,AO
ao2609,平安期货,永安期货,8,海通期货,6941,9465,1286,723,9463,415,AO
ao2609,华泰期货,东吴期货,9,广发期货,5873,8022,-4364,718,7862,68,AO
ao2609,中信建投,东方财富,10,瑞达期货,5246,7812,2200,403,7820,683,AO
ao2609,广发期货,国元期货,11,东方财富,5195,7412,-122,434,5030,227,AO
ao2609,浙商期货,中泰期货,12,方正中期,5167,7386,1086,407,3772,815,AO
ao2609,建信期货,中信建投,13,华闻期货,5132,7007,151,30,3652,588,AO
ao2609,申万期货,徽商期货,14,中信建投,4955,6481,311,252,3420,821,AO
ao2609,国投期货,中银期货,15,中辉期货,4855,5211,2137,599,3398,93,AO
ao2609,中泰期货,广发期货,16,宏源期货,4574,4585,997,338,3329,646,AO
ao2609,光大期货,海通期货,17,永安期货,3723,4551,-749,383,3062,244,AO
ao2609,华闻期货,南华期货,18,东吴期货,3428,4296,-1065,1066,2741,179,AO
ao2609,南华期货,中辉期货,19,国投期货,3366,4225,-1609,-85,2740,112,AO
ao2609,民生期货,华泰期货,20,国信期货,3175,4225,116,50,2630,249,AO
ao2609,,,999,,133318,229343,1216,18068,190988,10399,AO
ao2607,东吴期货,东吴期货,1,东证期货,8086,1630,-1218,0,8005,6,AO
ao2607,国泰君安,光大期货,2,广发期货,4564,985,-166,165,4805,32,AO
ao2607,华泰期货,创元期货,3,国泰君安,4265,785,-137,8,4436,92,AO
ao2607,光大期货,东证期货,4,光大期货,3780,717,208,3,4427,252,AO
ao2607,东证期货,中信建投,5,中泰期货,3714,546,134,148,4289,11,AO
ao2607,创元期货,招商期货,6,中信期货,3713,539,-477,0,3825,55,AO
ao2607,招商期货,华泰期货,7,华泰期货,3637,527,-383,16,3532,-5,AO
ao2607,中信建投,广发期货,8,瑞达期货,2763,509,-41,0,3007,60,AO
ao2607,中信期货,国泰君安,9,海通期货,2182,465,-184,-2,2470,-164,AO
ao2607,国贸期货,一德期货,10,国贸期货,2168,423,72,146,2435,-1,AO
ao2607,广发期货,永安期货,11,创元期货,1903,412,-258,3,2404,11,AO
ao2607,南华期货,银河期货,12,招商期货,1491,327,51,-1,2175,11,AO
ao2607,五矿期货,中原期货,13,中金财富,1243,272,143,-8,2048,-146,AO
ao2607,申万期货,东航期货,14,中信建投,1089,227,-115,53,1658,0,AO
ao2607,永安期货,中信期货,15,中原期货,973,194,99,50,1555,7,AO
ao2607,浙商期货,宝城期货,16,五矿期货,833,175,-119,88,952,-5,AO
ao2607,中辉期货,方正中期,17,国元期货,726,175,7,0,626,38,AO
ao2607,银河期货,南华期货,18,银河期货,694,153,-427,24,349,8,AO
ao2607,国投期货,中辉期货,19,大地期货,671,147,126,1,341,-22,AO
ao2607,国联期货,中泰期货,20,方正中期,601,142,-153,12,322,9,AO
ao2607,,,999,,49096,9350,-2838,706,53661,249,AO
ao2605,国泰君安,国泰君安,1,中信期货,8206,39535,-9425,429,13809,-1066,AO
ao2605,中信期货,中信期货,2,东证期货,6758,30354,694,-1385,12692,-662,AO
ao2605,东证期货,东方财富,3,国泰君安,6055,25171,-14463,63,5554,230,AO
ao2605,永安期货,东证期货,4,华泰期货,5465,13070,-3422,50,4872,-2585,AO
ao2605,国投期货,方正中期,5,东方财富,4985,12273,-423,-73,4585,218,AO
ao2605,银河期货,华泰期货,6,中泰期货,4799,10930,-2093,9,4081,98,AO
ao2605,创元期货,广发期货,7,浙商期货,4219,8818,-16785,620,3878,-97,AO
ao2605,瑞达期货,中泰期货,8,广发期货,3900,8338,-1475,454,3744,-107,AO
ao2605,南华期货,中信建投,9,徽商期货,3490,8299,-513,-58,3437,-157,AO
ao2605,中辉期货,银河期货,10,海通期货,3430,7390,-1949,-217,3041,-150,AO
ao2605,中财期货,徽商期货,11,中信建投,3009,7004,-641,196,2750,-38,AO
ao2605,中信建投,光大期货,12,银河期货,2974,5521,-2145,-65,2606,168,AO
ao2605,招商期货,招商期货,13,华闻期货,2780,5452,-1585,68,2391,-143,AO
ao2605,正信期货,平安期货,14,平安期货,2779,4754,-406,199,2388,209,AO
ao2605,宏源期货,东吴期货,15,方正中期,2614,4666,-640,-88,2381,-197,AO
ao2605,国贸期货,永安期货,16,山西三立,2509,3863,-863,126,2214,-272,AO
ao2605,中金财富,宏源期货,17,瑞达期货,2180,3845,-1056,-568,2113,-144,AO
ao2605,海通期货,国元期货,18,招商期货,2155,3373,-1798,217,2037,-71,AO
ao2605,华泰期货,南华期货,19,国投期货,2113,3363,-2487,-234,1984,-171,AO
ao2605,国信期货,华闻期货,20,国信期货,2073,3359,-911,39,1963,514,AO
ao2605,,,999,,76493,209378,-62386,-218,82520,-4423,AO
ao2606,永安期货,东吴期货,1,东证期货,11587,9813,-1093,610,9979,50,AO
ao2606,国泰君安,国泰君安,2,国泰君安,8541,6133,-559,1914,9605,181,AO
ao2606,东吴期货,招商期货,3,中信期货,7384,5955,-747,-2,8161,175,AO
ao2606,中信期货,国投期货,4,华泰期货,7069,4280,-492,-325,7930,210,AO
ao2606,创元期货,东证期货,5,中信建投,5783,2922,-893,122,6243,774,AO
ao2606,华泰期货,光大期货,6,银河期货,5656,2493,-1162,315,5964,239,AO
ao2606,东证期货,创元期货,7,创元期货,5507,2177,-301,193,5680,-215,AO
ao2606,招商期货,华泰期货,8,海通期货,5129,2124,-315,19,5423,15,AO
ao2606,中信建投,中信建投,9,广发期货,4528,1826,-327,122,4533,464,AO
ao2606,广发期货,广发期货,10,国海良时,4259,1587,-401,48,4333,-72,AO
ao2606,光大期货,方正中期,11,国信期货,3653,1515,-76,4,4188,-42,AO
ao2606,浙商期货,中信期货,12,中泰期货,3439,1507,283,-89,3999,-638,AO
ao2606,信达期货,五矿期货,13,光大期货,2761,1475,-1342,43,3360,14,AO
ao2606,银河期货,国信期货,14,东方财富,2471,1386,19,168,2283,252,AO
ao2606,申万期货,银河期货,15,国贸期货,2324,1321,-110,-30,2189,-199,AO
ao2606,中金财富,国贸期货,16,瑞达期货,2061,1126,-721,263,1963,-5,AO
ao2606,中粮期货,兴证期货,17,华闻期货,1624,1094,-435,-10,1790,107,AO
ao2606,中原期货,正信期货,18,永安期货,1584,1014,-519,17,1622,-263,AO
ao2606,一德期货,中泰期货,19,国金期货,1212,1005,542,51,1290,401,AO
ao2606,平安期货,永安期货,20,招商期货,1173,978,-1495,16,1106,64,AO
ao2606,,,999,,87745,51731,-10144,3449,91641,1512,AO
br2605,国泰君安,国泰君安,1,中信期货,4951,88147,-1704,-530,5054,-418,BR
br2605,中信期货,中信期货,2,海通期货,1748,48546,-12406,375,2789,-324,BR
br2605,东证期货,银河期货,3,国泰君安,1703,41148,3207,716,1738,113,BR
br2605,新湖期货,东证期货,4,华泰期货,1050,39808,4932,-42,1349,-913,BR
br2605,物产中大,广发期货,5,东证期货,995,29504,2650,-129,1256,31,BR
br2605,华泰期货,中信建投,6,广发期货,931,24973,587,13,851,46,BR
br2605,广发期货,瑞达期货,7,中泰期货,828,16695,8,-8,812,111,BR
br2605,大地期货,国盛期货,8,东方财富,790,12475,-349,38,794,202,BR
br2605,宏源期货,海通期货,9,浙商期货,711,11035,-20302,43,748,224,BR
br2605,徽商期货,永安期货,10,徽商期货,709,10766,-232,64,629,-43,BR
br2605,南华期货,国贸期货,11,银河期货,701,10468,785,1,620,258,BR
br2605,国投期货,东吴期货,12,中信建投,647,9989,97,344,606,-165,BR
br2605,民生期货,中泰期货,13,平安期货,639,8344,618,-2,586,-92,BR
br2605,银河期货,新湖期货,14,方正中期,549,6753,488,-147,579,91,BR
br2605,东吴期货,一德期货,15,华闻期货,544,6663,-13652,81,556,83,BR
br2605,中泰期货,浙商期货,16,民生期货,516,6650,1881,-151,539,15,BR
br2605,浙商期货,华泰期货,17,东吴期货,507,6072,80,-102,526,-32,BR
br2605,宝城期货,大地期货,18,国信期货,477,5643,-813,26,507,116,BR
br2605,格林大华,申万期货,19,创元期货,476,5635,1089,-43,507,2,BR
br2605,正信期货,冠通期货,20,华安期货,472,4934,1359,30,472,-20,BR
br2605,,,999,,19944,394248,-31677,577,21518,-715,BR
br2606,国泰君安,国泰君安,1,中信期货,15468,42259,3190,-796,7377,-555,BR
br2606,南华期货,中信期货,2,海通期货,5651,25475,-558,-62,6443,-241,BR
br2606,银河期货,东证期货,3,国泰君安,5236,23229,-3365,-544,4476,395,BR
br2606,中信期货,永安期货,4,东证期货,4056,17718,1220,-22,4315,-160,BR
br2606,永安期货,中信建投,5,浙商期货,3966,12447,3729,84,4006,-752,BR
br2606,正信期货,申万期货,6,广发期货,3669,11827,6352,359,3670,-87,BR
br2606,国投期货,物产中大,7,中泰期货,3651,11287,1358,223,2431,28,BR
br2606,中泰期货,银河期货,8,银河期货,2147,8629,4192,-164,2074,-103,BR
br2606,大地期货,华泰期货,9,东方财富,1851,5483,1658,1304,1930,-2,BR
br2606,中财期货,浙商期货,10,华泰期货,1190,5063,2055,-155,1881,-42,BR
br2606,东证期货,国海良时,11,徽商期货,1175,4934,331,473,1696,465,BR
br2606,华泰期货,广发期货,12,申万期货,1136,4446,432,-77,1331,-502,BR
br2606,国新国证,南华期货,13,华闻期货,1002,3849,925,0,1204,-363,BR
br2606,海通期货,光大期货,14,中信建投,944,3835,381,60,1179,-55,BR
br2606,瑞达期货,海通期货,15,方正中期,791,3482,305,168,870,191,BR
br2606,方正中期,方正中期,16,大地期货,714,3189,1914,-508,696,10,BR
br2606,新湖期货,冠通期货,17,创元期货,695,2913,967,-49,685,3,BR
br2606,平安期货,海证期货,18,东吴期货,663,2825,167,-20,647,128,BR
br2606,浙商期货,新世纪,19,光大期货,613,2754,690,-35,644,508,BR
br2606,广发期货,中泰期货,20,瑞达期货,573,2746,670,-945,633,73,BR
br2606,,,999,,55191,198390,26613,-706,48188,-1061,BR
ec2604,中信期货,东海期货,1,东海期货,240,30,30,0,299,-15,EC
ec2604,国泰君安,国泰君安,2,一德期货,161,14,14,1,277,0,EC
ec2604,申万期货,南华期货,3,广发期货,139,11,8,0,265,0,EC
ec2604,新世纪,中航期货,4,申万期货,134,10,9,-1,136,0,EC
ec2604,华安期货,弘业期货,5,国金期货,134,8,-5,0,124,-1,EC
ec2604,永安期货,银河期货,6,国信期货,109,8,-46,-1,101,-1,EC
ec2604,弘业期货,华泰期货,7,云晨期货,83,8,8,0,90,-1,EC
ec2604,华泰期货,徽商期货,8,国贸期货,82,7,-3,0,87,0,EC
ec2604,国金期货,上海大陆,9,华安期货,73,7,6,0,84,0,EC
ec2604,国信期货,光大期货,10,东证期货,66,6,-42,-8,64,0,EC
ec2604,国贸期货,东证期货,11,中信建投,58,6,6,-7,63,1,EC
ec2604,银河期货,国金期货,12,新世纪,50,5,1,-1,62,8,EC
ec2604,民生期货,方正中期,13,山金期货,48,3,3,-1,60,0,EC
ec2604,安粮期货,新湖期货,14,永安期货,40,3,2,0,53,0,EC
ec2604,光大期货,广发期货,15,国元期货,37,2,2,0,52,-1,EC
ec2604,东证期货,中国国际,16,东航期货,36,2,0,1,43,0,EC
ec2604,东海期货,中信期货,17,宏源期货,34,2,-1,-15,36,0,EC
ec2604,海证期货,长江期货,18,中粮期货,31,2,1,0,30,0,EC
ec2604,广发期货,申万期货,19,银河期货,31,2,0,0,21,-10,EC
ec2604,紫金天风,国投期货,20,国泰君安,30,1,-3,0,19,0,EC
ec2604,,,999,,1616,137,-10,-32,1966,-20,EC
ad2606,浙商期货,东吴期货,1,海通期货,1844,1690,-233,50,1925,9,AD
ad2606,东吴期货,华泰期货,2,中信期货,1571,1335,-300,7,1828,89,AD
ad2606,中粮期货,中粮期货,3,国泰君安,1482,1315,-990,0,1435,22,AD
ad2606,华泰期货,南华期货,4,东证期货,1220,872,-552,-20,1425,-1,AD
ad2606,南华期货,浙商期货,5,浙商期货,1182,807,-2383,-1,1224,5,AD
ad2606,五矿期货,五矿期货,6,华西期货,1025,623,-206,13,1116,3,AD
ad2606,华西期货,东证期货,7,国联期货,967,548,-77,-4,942,-30,AD
ad2606,上海中期,华西期货,8,宏源期货,948,502,-314,4,850,7,AD
ad2606,中泰期货,中泰期货,9,华泰期货,888,437,-474,0,831,11,AD
ad2606,国泰君安,上海中期,10,南华期货,852,422,-198,62,806,-1,AD
ad2606,长江期货,长江期货,11,上海中期,802,363,-760,1,801,1,AD
ad2606,东证期货,华安期货,12,长江期货,715,356,-451,26,763,15,AD
ad2606,中信期货,宏源期货,13,中粮期货,633,354,-372,170,683,-43,AD
ad2606,宏源期货,国泰君安,14,五矿期货,594,338,-225,-5,604,79,AD
ad2606,永安期货,紫金天风,15,广发期货,315,321,40,80,548,2,AD
ad2606,中信建投,银河期货,16,中泰期货,287,307,-550,0,475,55,AD
ad2606,申万期货,国信期货,17,光大期货,256,233,149,-12,398,103,AD
ad2606,银河期货,东航期货,18,国信期货,251,231,0,60,338,-3,AD
ad2606,中财期货,中信期货,19,银河期货,212,219,-62,0,202,27,AD
ad2606,建信期货,广发期货,20,中信建投,158,169,-160,7,192,14,AD
ad2606,,,999,,16202,11442,-8118,438,17386,364,AD
ad2605,五矿期货,东证期货,1,中信期货,414,353,-259,0,390,0,AD
ad2605,浙商期货,中粮期货,2,上海中期,388,268,-194,-1,384,-3,AD
ad2605,中泰期货,华泰期货,3,东证期货,327,233,-275,-2,351,-23,AD
ad2605,东吴期货,中泰期货,4,华西期货,316,211,135,0,317,1,AD
ad2605,中信建投,东吴期货,5,华泰期货,306,146,-150,-10,313,0,AD
ad2605,华泰期货,浙商期货,6,国泰君安,304,122,-161,-19,299,2,AD
ad2605,长江期货,五矿期货,7,中泰期货,295,119,-154,0,291,0,AD
ad2605,上海中期,长江期货,8,南华期货,291,106,-158,-1,289,1,AD
ad2605,南华期货,上海中期,9,中粮期货,290,98,-121,0,285,1,AD
ad2605,中粮期货,南华期货,10,国贸期货,280,95,-159,-3,260,0,AD
ad2605,宏源期货,宏源期货,11,华安期货,250,89,78,-4,247,-11,AD
ad2605,国泰君安,华安期货,12,海通期货,233,77,-704,-36,214,-89,AD
ad2605,中信期货,国泰君安,13,长江期货,164,55,-144,8,179,14,AD
ad2605,国信期货,华西期货,14,宏源期货,142,53,-144,0,177,-79,AD
ad2605,华西期货,中信期货,15,银河期货,139,51,-31,-68,145,-3,AD
ad2605,中银期货,瑞达期货,16,广发期货,93,45,32,0,124,-4,AD
ad2605,申万期货,申万期货,17,华闻期货,55,40,16,3,114,-6,AD
ad2605,东证期货,银河期货,18,五矿期货,41,38,-104,-51,77,0,AD
ad2605,招商期货,中金岭南,19,浙商期货,37,37,-94,12,42,0,AD
ad2605,广发期货,东海期货,20,中信建投,35,35,-64,0,21,0,AD
ad2605,,,999,,4400,2271,-2655,-172,4519,-199,AD
op2606,中信建投,中信建投,1,中信建投,2187,895,-564,-22,2146,11,OP
op2606,国投期货,国投期货,2,浙商期货,1627,835,-340,29,1603,4,OP
op2606,浙商期货,浙商期货,3,华安期货,1593,570,-464,-21,1586,-18,OP
op2606,中信期货,中信期货,4,华西期货,1281,405,-168,0,1257,2,OP
op2606,华西期货,华西期货,5,中国国际,1270,380,47,0,1250,-1,OP
op2606,中泰期货,中泰期货,6,华泰期货,1108,368,90,1,1104,-8,OP
op2606,中国国际,中国国际,7,中信期货,1100,320,-45,37,1101,29,OP
op2606,上海中期,上海中期,8,申万期货,792,273,266,23,758,28,OP
op2606,招商期货,招商期货,9,国投期货,609,271,-210,49,602,49,OP
op2606,华泰期货,申万期货,10,国泰君安,58,240,48,2,223,46,OP
op2606,国泰君安,南华期货,11,海通期货,40,119,115,-15,92,-17,OP
op2606,国信期货,中衍期货,12,招商期货,37,110,58,6,84,16,OP
op2606,兴业期货,国泰君安,13,东证期货,34,81,33,-10,64,-53,OP
op2606,东证期货,物产中大,14,中泰期货,32,69,-23,9,41,6,OP
op2606,徽商期货,新湖期货,15,金元期货,22,60,6,32,34,13,OP
op2606,创元期货,银河期货,16,徽商期货,21,59,45,4,31,-4,OP
op2606,平安期货,齐盛期货,17,宝城期货,20,58,29,-1,24,5,OP
op2606,方正中期,海通期货,18,冠通期货,20,58,-34,12,19,-6,OP
op2606,国贸期货,兴证期货,19,宏源期货,15,55,0,8,18,10,OP
op2606,宝城期货,永安期货,20,上海中期,13,53,27,17,17,-3,OP
op2606,,,999,,11879,5279,-1084,160,12054,109,OP
