date,open,high,low,close,volume,hold,settle
2019-12-06,1580.0,1585.0,1546.0,1561.0,318030,38922,1566.0
2019-12-09,1564.0,1591.0,1556.0,1572.0,167478,31568,1571.0
2019-12-10,1572.0,1634.0,1570.0,1634.0,221672,68176,1613.0
2019-12-11,1649.0,1674.0,1637.0,1649.0,459154,66020,1656.0
2019-12-12,1642.0,1654.0,1625.0,1630.0,245622,70048,1642.0
2019-12-13,1633.0,1639.0,1623.0,1630.0,132320,69386,1632.0
2019-12-16,1634.0,1659.0,1626.0,1632.0,277650,77498,1642.0
2019-12-17,1629.0,1636.0,1578.0,1623.0,223740,70596,1622.0
2019-12-18,1623.0,1650.0,1622.0,1628.0,195192,71800,1636.0
2019-12-19,1628.0,1641.0,1623.0,1626.0,130952,74830,1633.0
2019-12-20,1626.0,1630.0,1611.0,1611.0,134436,84124,1620.0
2019-12-23,1610.0,1616.0,1596.0,1601.0,113058,83368,1606.0
2019-12-24,1603.0,1614.0,1600.0,1604.0,62084,83068,1607.0
2019-12-25,1602.0,1610.0,1599.0,1603.0,57878,88032,1604.0
2019-12-26,1602.0,1617.0,1602.0,1609.0,55730,85764,1611.0
2019-12-27,1609.0,1629.0,1607.0,1608.0,102264,86076,1619.0
2019-12-30,1609.0,1636.0,1608.0,1633.0,79116,80286,1623.0
2019-12-31,1633.0,1643.0,1629.0,1633.0,79146,73396,1635.0
2020-01-02,1633.0,1641.0,1618.0,1625.0,26179,34862,1631.0
2020-01-03,1626.0,1634.0,1620.0,1629.0,23178,33974,1627.0
2020-01-06,1629.0,1646.0,1628.0,1638.0,40966,33327,1637.0
2020-01-07,1636.0,1640.0,1624.0,1627.0,19256,32570,1631.0
2020-01-08,1626.0,1638.0,1624.0,1630.0,19972,32306,1631.0
2020-01-09,1629.0,1635.0,1621.0,1632.0,27286,29476,1629.0
2020-01-10,1633.0,1675.0,1633.0,1658.0,173405,39616,1661.0
2020-01-13,1659.0,1661.0,1646.0,1653.0,30481,37522,1654.0
2020-01-14,1657.0,1660.0,1648.0,1653.0,23832,36145,1653.0
2020-01-15,1654.0,1691.0,1652.0,1665.0,129730,39110,1675.0
2020-01-16,1667.0,1679.0,1665.0,1668.0,34266,36492,1671.0
2020-01-17,1674.0,1684.0,1667.0,1677.0,40310,37576,1678.0
2020-01-20,1678.0,1680.0,1658.0,1667.0,31571,33031,1667.0
2020-01-21,1668.0,1674.0,1655.0,1655.0,17726,32381,1663.0
2020-01-22,1657.0,1657.0,1631.0,1642.0,33941,26024,1641.0
2020-01-23,1644.0,1651.0,1591.0,1615.0,24597,22223,1623.0
2020-02-03,1517.0,1546.0,1509.0,1519.0,30443,18012,1523.0
2020-02-04,1528.0,1570.0,1528.0,1561.0,19994,18788,1551.0
2020-02-05,1558.0,1569.0,1551.0,1560.0,18788,21591,1559.0
2020-02-06,1562.0,1577.0,1561.0,1574.0,13995,19533,1568.0
2020-02-07,1574.0,1609.0,1571.0,1574.0,10599,19840,1577.0
2020-02-10,1573.0,1577.0,1562.0,1568.0,6875,20067,1571.0
2020-02-11,1569.0,1581.0,1564.0,1579.0,10022,19745,1574.0
2020-02-12,1578.0,1588.0,1572.0,1578.0,9233,20825,1581.0
2020-02-13,1579.0,1587.0,1573.0,1581.0,8057,21245,1580.0
2020-02-14,1580.0,1583.0,1572.0,1578.0,5604,20935,1577.0
2020-02-17,1578.0,1588.0,1577.0,1586.0,7310,21231,1582.0
2020-02-18,1590.0,1595.0,1581.0,1583.0,5105,20735,1585.0
2020-02-19,1583.0,1590.0,1583.0,1587.0,4483,20201,1586.0
2020-02-20,1588.0,1590.0,1565.0,1586.0,12495,21448,1581.0
2020-02-21,1580.0,1588.0,1570.0,1579.0,15823,22350,1578.0
2020-02-24,1575.0,1590.0,1567.0,1587.0,16435,23054,1579.0
2020-02-25,1585.0,1637.0,1584.0,1605.0,55706,26495,1614.0
2020-02-26,1604.0,1607.0,1577.0,1581.0,25077,23636,1593.0
2020-02-27,1582.0,1585.0,1567.0,1575.0,14567,23227,1575.0
2020-02-28,1564.0,1574.0,1542.0,1565.0,16218,23638,1565.0
2020-03-02,1564.0,1592.0,1563.0,1587.0,15366,24188,1584.0
2020-03-03,1589.0,1600.0,1568.0,1571.0,17940,26232,1582.0
2020-03-04,1578.0,1580.0,1569.0,1574.0,6538,26030,1574.0
2020-03-05,1574.0,1575.0,1550.0,1556.0,22192,30653,1560.0
2020-03-06,1555.0,1558.0,1544.0,1553.0,15316,30629,1552.0
2020-03-09,1506.0,1538.0,1501.0,1527.0,28000,28458,1521.0
2020-03-10,1530.0,1549.0,1529.0,1539.0,12592,27834,1538.0
2020-03-11,1538.0,1600.0,1534.0,1542.0,17821,29006,1547.0
2020-03-12,1542.0,1542.0,1521.0,1522.0,11058,28249,1529.0
2020-03-13,1518.0,1528.0,1512.0,1518.0,12744,27301,1518.0
2020-03-16,1523.0,1527.0,1505.0,1505.0,12752,26933,1517.0
2020-03-17,1498.0,1504.0,1485.0,1486.0,18207,26308,1492.0
2020-03-18,1483.0,1498.0,1465.0,1466.0,20790,24613,1477.0
2020-03-19,1470.0,1470.0,1417.0,1441.0,30540,18124,1441.0
2020-03-20,1449.0,1461.0,1438.0,1450.0,10459,18107,1450.0
2020-03-23,1428.0,1437.0,1414.0,1427.0,16260,17809,1427.0
2020-03-24,1436.0,1436.0,1409.0,1424.0,10593,17939,1425.0
2020-03-25,1430.0,1436.0,1416.0,1419.0,8409,19100,1424.0
2020-03-26,1415.0,1415.0,1390.0,1396.0,17336,19349,1399.0
2020-03-27,1397.0,1398.0,1373.0,1383.0,17010,17179,1385.0
2020-03-30,1378.0,1378.0,1336.0,1339.0,16340,15509,1355.0
2020-03-31,1341.0,1385.0,1338.0,1365.0,17787,14244,1362.0
2020-04-01,1358.0,1376.0,1358.0,1371.0,9293,13715,1369.0
2020-04-02,1375.0,1395.0,1366.0,1385.0,14396,13511,1382.0
2020-04-03,1390.0,1390.0,1358.0,1371.0,10470,12316,1373.0
2020-04-07,1385.0,1394.0,1365.0,1372.0,17635,14424,1380.0
2020-04-08,1375.0,1385.0,1366.0,1371.0,13159,14944,1377.0
2020-04-09,1381.0,1387.0,1372.0,1384.0,11607,15957,1380.0
2020-04-10,1380.0,1382.0,1354.0,1360.0,15982,14764,1373.0
2020-04-13,1360.0,1371.0,1333.0,1335.0,21407,14757,1353.0
2020-04-14,1338.0,1350.0,1322.0,1347.0,17725,13995,1334.0
2020-04-15,1342.0,1388.0,1339.0,1388.0,27746,17123,1378.0
2020-04-16,1410.0,1429.0,1353.0,1355.0,94765,16569,1397.0
2020-04-17,1352.0,1369.0,1345.0,1356.0,25382,14278,1359.0
2020-04-20,1465.0,1518.0,1465.0,1494.0,66396,22265,1495.0
2020-04-21,1488.0,1496.0,1466.0,1475.0,37925,17617,1478.0
2020-04-22,1470.0,1474.0,1448.0,1467.0,24142,16069,1464.0
2020-04-23,1470.0,1498.0,1464.0,1481.0,37329,18384,1485.0
2020-04-24,1478.0,1487.0,1467.0,1479.0,19080,16657,1478.0
2020-04-27,1473.0,1491.0,1473.0,1477.0,22680,18012,1484.0
2020-04-28,1473.0,1476.0,1450.0,1451.0,20400,16044,1460.0
2020-04-29,1460.0,1473.0,1438.0,1443.0,21238,16713,1451.0
2020-04-30,1445.0,1455.0,1435.0,1447.0,21061,17090,1444.0
2020-05-06,1454.0,1468.0,1444.0,1455.0,16923,18331,1456.0
2020-05-07,1459.0,1462.0,1450.0,1455.0,21916,21216,1455.0
2020-05-08,1460.0,1460.0,1436.0,1439.0,31153,25143,1447.0
2020-05-11,1442.0,1442.0,1398.0,1415.0,69326,36782,1420.0
2020-05-12,1413.0,1430.0,1408.0,1427.0,47911,37320,1416.0
2020-05-13,1427.0,1447.0,1417.0,1432.0,114667,41542,1435.0
2020-05-14,1430.0,1436.0,1419.0,1426.0,45571,43160,1428.0
2020-05-15,1430.0,1443.0,1426.0,1435.0,51114,43365,1435.0
2020-05-18,1433.0,1456.0,1430.0,1448.0,62285,45394,1444.0
2020-05-19,1452.0,1461.0,1438.0,1441.0,49213,46682,1451.0
2020-05-20,1445.0,1453.0,1439.0,1450.0,34252,48352,1446.0
2020-05-21,1455.0,1457.0,1445.0,1450.0,31711,47827,1451.0
2020-05-22,1453.0,1453.0,1419.0,1422.0,55575,45729,1432.0
2020-05-25,1423.0,1443.0,1408.0,1441.0,89474,53466,1424.0
2020-05-26,1437.0,1474.0,1437.0,1464.0,168659,63692,1460.0
2020-05-27,1462.0,1478.0,1442.0,1459.0,143875,62853,1462.0
2020-05-28,1461.0,1469.0,1453.0,1462.0,67318,63681,1462.0
2020-05-29,1463.0,1487.0,1462.0,1476.0,113378,63420,1477.0
2020-06-01,1478.0,1485.0,1470.0,1476.0,73196,65972,1477.0
2020-06-02,1472.0,1477.0,1456.0,1471.0,55997,65245,1467.0
2020-06-03,1475.0,1486.0,1467.0,1485.0,66616,70443,1477.0
2020-06-04,1486.0,1490.0,1462.0,1466.0,62867,66454,1475.0
2020-06-05,1468.0,1472.0,1464.0,1470.0,38833,67928,1468.0
2020-06-08,1473.0,1478.0,1461.0,1465.0,46291,68469,1468.0
2020-06-09,1465.0,1466.0,1433.0,1436.0,92815,77795,1444.0
2020-06-10,1436.0,1445.0,1431.0,1432.0,52148,76735,1438.0
2020-06-11,1434.0,1437.0,1423.0,1431.0,56704,78165,1431.0
2020-06-12,1425.0,1444.0,1422.0,1436.0,82328,78201,1437.0
2020-06-15,1438.0,1455.0,1432.0,1445.0,69314,75135,1443.0
2020-06-16,1443.0,1452.0,1436.0,1448.0,47576,72362,1446.0
2020-06-17,1450.0,1453.0,1435.0,1439.0,37906,71122,1443.0
2020-06-18,1440.0,1442.0,1429.0,1432.0,39807,74366,1434.0
2020-06-19,1432.0,1440.0,1428.0,1440.0,39607,74033,1434.0
2020-06-22,1441.0,1445.0,1431.0,1436.0,33064,75951,1437.0
2020-06-23,1436.0,1438.0,1425.0,1427.0,43906,81595,1430.0
2020-06-24,1427.0,1429.0,1396.0,1401.0,85340,88835,1413.0
2020-06-29,1396.0,1407.0,1381.0,1394.0,49057,88970,1396.0
2020-06-30,1399.0,1405.0,1387.0,1393.0,63634,104267,1396.0
2020-07-01,1391.0,1394.0,1358.0,1368.0,136548,131469,1372.0
2020-07-02,1361.0,1372.0,1358.0,1370.0,94822,132989,1365.0
2020-07-03,1371.0,1380.0,1368.0,1375.0,81952,136119,1374.0
2020-07-06,1375.0,1383.0,1371.0,1381.0,74235,133618,1377.0
2020-07-07,1384.0,1384.0,1366.0,1369.0,76403,132320,1377.0
2020-07-08,1369.0,1392.0,1363.0,1391.0,105402,130400,1384.0
2020-07-09,1392.0,1398.0,1386.0,1394.0,82673,128600,1393.0
2020-07-10,1398.0,1399.0,1381.0,1389.0,61809,125166,1390.0
2020-07-13,1389.0,1416.0,1387.0,1397.0,132818,127433,1400.0
2020-07-14,1395.0,1403.0,1373.0,1388.0,73759,127141,1390.0
2020-07-15,1388.0,1395.0,1376.0,1381.0,71106,135329,1385.0
2020-07-16,1381.0,1384.0,1371.0,1373.0,78860,139668,1378.0
2020-07-17,1373.0,1380.0,1341.0,1356.0,139887,147726,1361.0
2020-07-20,1356.0,1357.0,1306.0,1306.0,218647,163018,1321.0
2020-07-21,1305.0,1317.0,1288.0,1303.0,159512,153568,1305.0
2020-07-22,1306.0,1340.0,1306.0,1316.0,221633,160126,1322.0
2020-07-23,1315.0,1332.0,1313.0,1324.0,133985,156365,1323.0
2020-07-24,1329.0,1332.0,1315.0,1320.0,108624,147568,1323.0
2020-07-27,1320.0,1336.0,1305.0,1324.0,151598,150622,1323.0
2020-07-28,1325.0,1332.0,1317.0,1325.0,84488,146118,1324.0
2020-07-29,1325.0,1335.0,1323.0,1327.0,89609,144201,1328.0
2020-07-30,1326.0,1329.0,1311.0,1317.0,87141,146841,1319.0
2020-07-31,1318.0,1338.0,1317.0,1327.0,135911,137879,1327.0
2020-08-03,1330.0,1381.0,1320.0,1376.0,293414,128611,1359.0
2020-08-04,1380.0,1414.0,1370.0,1414.0,245596,136050,1401.0
2020-08-05,1464.0,1466.0,1376.0,1406.0,564186,114919,1418.0
2020-08-06,1405.0,1437.0,1393.0,1417.0,360804,118091,1415.0
2020-08-07,1417.0,1472.0,1407.0,1472.0,680537,122089,1454.0
2020-08-10,1477.0,1504.0,1433.0,1440.0,543128,94969,1465.0
2020-08-11,1445.0,1491.0,1428.0,1439.0,475479,100505,1463.0
2020-08-12,1443.0,1443.0,1404.0,1411.0,456488,97038,1416.0
2020-08-13,1416.0,1426.0,1392.0,1404.0,268310,93238,1408.0
2020-08-14,1407.0,1416.0,1368.0,1374.0,267395,88112,1391.0
2020-08-17,1384.0,1384.0,1339.0,1378.0,226357,71709,1360.0
2020-08-18,1383.0,1397.0,1362.0,1387.0,165890,63900,1378.0
2020-08-19,1390.0,1410.0,1382.0,1409.0,136583,52656,1396.0
2020-08-20,1578.0,1597.0,1568.0,1592.0,319413,80958,1586.0
2020-08-21,1596.0,1643.0,1593.0,1603.0,827133,107024,1619.0
2020-08-24,1610.0,1652.0,1603.0,1650.0,462414,118041,1629.0
2020-08-25,1657.0,1692.0,1646.0,1684.0,683336,155645,1674.0
2020-08-26,1683.0,1687.0,1665.0,1675.0,482841,156257,1675.0
2020-08-27,1675.0,1697.0,1656.0,1665.0,503056,142464,1672.0
2020-08-28,1666.0,1694.0,1654.0,1683.0,478192,147295,1675.0
2020-08-31,1687.0,1742.0,1677.0,1742.0,413361,162613,1723.0
2020-09-01,1742.0,1783.0,1737.0,1758.0,1126858,199298,1765.0
2020-09-02,1758.0,1797.0,1751.0,1796.0,650470,222932,1773.0
2020-09-03,1796.0,1822.0,1766.0,1785.0,1156253,220150,1798.0
2020-09-04,1784.0,1793.0,1717.0,1765.0,1209113,193678,1757.0
2020-09-07,1768.0,1799.0,1760.0,1787.0,936643,204083,1781.0
2020-09-08,1787.0,1793.0,1755.0,1762.0,628240,196580,1774.0
2020-09-09,1742.0,1757.0,1716.0,1727.0,715152,177412,1736.0
2020-09-10,1735.0,1763.0,1727.0,1739.0,594268,180506,1746.0
2020-09-11,1743.0,1779.0,1733.0,1777.0,562991,209848,1752.0
2020-09-14,1780.0,1784.0,1722.0,1729.0,711297,192285,1751.0
2020-09-15,1724.0,1736.0,1663.0,1667.0,954666,187157,1685.0
2020-09-16,1668.0,1686.0,1655.0,1680.0,579997,164974,1671.0
2020-09-17,1685.0,1694.0,1670.0,1675.0,385235,163169,1681.0
2020-09-18,1674.0,1723.0,1660.0,1709.0,691367,161583,1696.0
2020-09-21,1701.0,1713.0,1672.0,1682.0,522787,152737,1689.0
2020-09-22,1680.0,1736.0,1663.0,1730.0,798410,167676,1707.0
2020-09-23,1734.0,1756.0,1703.0,1751.0,941224,172447,1731.0
2020-09-24,1751.0,1762.0,1722.0,1742.0,819403,171897,1742.0
2020-09-25,1745.0,1746.0,1714.0,1724.0,557074,162065,1726.0
2020-09-28,1726.0,1754.0,1702.0,1708.0,683743,155879,1728.0
2020-09-29,1708.0,1719.0,1692.0,1706.0,478342,132498,1705.0
2020-09-30,1708.0,1727.0,1689.0,1717.0,428975,108618,1710.0
2020-10-09,1728.0,1736.0,1662.0,1691.0,390337,99910,1684.0
2020-10-12,1690.0,1733.0,1684.0,1725.0,385050,107079,1705.0
2020-10-13,1727.0,1749.0,1719.0,1730.0,497586,113375,1735.0
2020-10-14,1730.0,1737.0,1691.0,1707.0,416474,105664,1710.0
2020-10-15,1705.0,1717.0,1671.0,1673.0,428960,122705,1694.0
2020-10-16,1664.0,1689.0,1653.0,1680.0,320956,124059,1675.0
2020-10-19,1682.0,1690.0,1618.0,1621.0,507078,150836,1654.0
2020-10-20,1622.0,1638.0,1607.0,1637.0,438062,133614,1624.0
2020-10-21,1638.0,1640.0,1624.0,1640.0,261978,132703,1631.0
2020-10-22,1638.0,1652.0,1617.0,1627.0,460800,131714,1632.0
2020-10-23,1627.0,1638.0,1603.0,1605.0,389766,144318,1623.0
2020-10-26,1613.0,1624.0,1589.0,1616.0,442500,133759,1611.0
2020-10-27,1616.0,1625.0,1603.0,1617.0,314484,140656,1614.0
2020-10-28,1618.0,1623.0,1583.0,1610.0,422039,147640,1603.0
2020-10-29,1600.0,1610.0,1575.0,1583.0,365211,163958,1589.0
2020-10-30,1576.0,1591.0,1561.0,1568.0,385750,165684,1575.0
2020-11-02,1570.0,1608.0,1564.0,1606.0,334362,143046,1587.0
2020-11-03,1606.0,1607.0,1576.0,1578.0,318447,153795,1592.0
2020-11-04,1582.0,1586.0,1569.0,1574.0,237688,160226,1578.0
2020-11-05,1575.0,1582.0,1548.0,1553.0,263322,166462,1565.0
2020-11-06,1556.0,1582.0,1550.0,1552.0,329785,155381,1565.0
2020-11-09,1551.0,1558.0,1518.0,1522.0,356757,181560,1535.0
2020-11-10,1531.0,1538.0,1519.0,1532.0,285072,182214,1528.0
2020-11-11,1535.0,1553.0,1508.0,1522.0,475795,208698,1532.0
2020-11-12,1524.0,1528.0,1512.0,1523.0,323892,220280,1520.0
2020-11-13,1521.0,1546.0,1516.0,1534.0,506963,216606,1535.0
2020-11-16,1537.0,1561.0,1532.0,1543.0,439664,228616,1544.0
2020-11-17,1547.0,1556.0,1530.0,1543.0,356970,217121,1544.0
2020-11-18,1546.0,1551.0,1513.0,1530.0,365558,219027,1530.0
2020-11-19,1540.0,1554.0,1531.0,1549.0,358960,215545,1543.0
2020-11-20,1548.0,1549.0,1520.0,1523.0,351418,244543,1533.0
2020-11-23,1523.0,1528.0,1495.0,1515.0,449005,258863,1511.0
2020-11-24,1513.0,1519.0,1487.0,1494.0,340815,270862,1502.0
2020-11-25,1495.0,1504.0,1484.0,1487.0,370222,297370,1492.0
2020-11-26,1488.0,1497.0,1483.0,1491.0,270277,298118,1492.0
2020-11-27,1492.0,1526.0,1475.0,1520.0,618823,271156,1512.0
2020-11-30,1518.0,1518.0,1477.0,1477.0,477460,294968,1497.0
2020-12-01,1479.0,1484.0,1442.0,1446.0,563582,316523,1460.0
2020-12-02,1450.0,1461.0,1436.0,1441.0,422758,310710,1449.0
2020-12-03,1441.0,1451.0,1431.0,1445.0,338700,309808,1442.0
2020-12-04,1444.0,1472.0,1436.0,1445.0,544692,295276,1451.0
2020-12-07,1449.0,1458.0,1404.0,1415.0,643858,304528,1429.0
2020-12-08,1417.0,1431.0,1415.0,1420.0,300658,301776,1422.0
2020-12-09,1418.0,1433.0,1373.0,1375.0,653554,299329,1404.0
2020-12-10,1379.0,1384.0,1333.0,1338.0,857737,238401,1349.0
2020-12-11,1348.0,1368.0,1321.0,1330.0,743066,211001,1346.0
2020-12-14,1333.0,1396.0,1317.0,1388.0,752160,183161,1353.0
2020-12-15,1385.0,1398.0,1368.0,1385.0,445041,164039,1381.0
2020-12-16,1385.0,1406.0,1369.0,1385.0,399769,144004,1385.0
2020-12-17,1386.0,1431.0,1380.0,1419.0,342511,119987,1407.0
2020-12-18,1425.0,1438.0,1389.0,1416.0,260309,92943,1417.0
2020-12-21,1575.0,1671.0,1560.0,1666.0,676768,154014,1628.0
2020-12-22,1662.0,1662.0,1598.0,1618.0,597527,145775,1628.0
2020-12-23,1621.0,1648.0,1588.0,1644.0,670551,159107,1628.0
2020-12-24,1648.0,1676.0,1632.0,1657.0,549553,153827,1658.0
2020-12-25,1658.0,1673.0,1637.0,1650.0,376755,142231,1657.0
2020-12-28,1649.0,1682.0,1613.0,1619.0,520031,155199,1651.0
2020-12-29,1618.0,1637.0,1573.0,1593.0,504509,158982,1603.0
2020-12-30,1593.0,1607.0,1586.0,1600.0,245679,161163,1596.0
2020-12-31,1602.0,1625.0,1582.0,1611.0,346772,146448,1605.0
2021-01-04,1611.0,1636.0,1588.0,1609.0,277664,175758,1606.0
2021-01-05,1608.0,1627.0,1592.0,1599.0,360539,176301,1609.0
2021-01-06,1604.0,1650.0,1585.0,1650.0,571014,210459,1619.0
2021-01-07,1650.0,1682.0,1632.0,1637.0,617212,212951,1654.0
2021-01-08,1636.0,1652.0,1603.0,1608.0,494790,207560,1630.0
2021-01-11,1605.0,1608.0,1548.0,1548.0,645432,200965,1566.0
2021-01-12,1544.0,1549.0,1504.0,1529.0,435317,168567,1525.0
2021-01-13,1531.0,1538.0,1489.0,1503.0,405275,203248,1510.0
2021-01-14,1500.0,1530.0,1499.0,1522.0,384261,184047,1516.0
2021-01-15,1523.0,1553.0,1507.0,1547.0,366232,189980,1528.0
2021-01-18,1547.0,1560.0,1516.0,1556.0,384912,179372,1541.0
2021-01-19,1556.0,1562.0,1533.0,1547.0,255603,169153,1546.0
2021-01-20,1548.0,1584.0,1543.0,1583.0,367880,190121,1565.0
2021-01-21,1586.0,1586.0,1563.0,1570.0,318968,179100,1572.0
2021-01-22,1570.0,1593.0,1541.0,1552.0,462432,186020,1567.0
2021-01-25,1551.0,1578.0,1535.0,1578.0,350135,177269,1556.0
2021-01-26,1575.0,1588.0,1567.0,1576.0,277251,177929,1577.0
2021-01-27,1576.0,1593.0,1545.0,1559.0,386605,175753,1567.0
2021-01-28,1556.0,1607.0,1553.0,1603.0,392145,194993,1582.0
2021-01-29,1603.0,1626.0,1597.0,1618.0,349662,192350,1612.0
2021-02-01,1618.0,1629.0,1593.0,1596.0,328247,181081,1610.0
2021-02-02,1596.0,1628.0,1596.0,1614.0,314575,183088,1615.0
2021-02-03,1613.0,1640.0,1597.0,1637.0,444357,225743,1619.0
2021-02-04,1639.0,1643.0,1619.0,1633.0,370563,198208,1632.0
2021-02-05,1634.0,1639.0,1616.0,1627.0,263482,185306,1628.0
2021-02-08,1628.0,1653.0,1611.0,1645.0,334484,198042,1630.0
2021-02-09,1645.0,1647.0,1605.0,1618.0,265757,160540,1623.0
2021-02-10,1618.0,1630.0,1590.0,1598.0,211327,149675,1610.0
2021-02-18,1614.0,1668.0,1611.0,1668.0,217829,173175,1643.0
2021-02-19,1668.0,1674.0,1648.0,1666.0,280189,203728,1661.0
2021-02-22,1665.0,1745.0,1656.0,1745.0,402630,236481,1703.0
2021-02-23,1757.0,1804.0,1746.0,1763.0,593440,223086,1773.0
2021-02-24,1762.0,1797.0,1756.0,1781.0,444727,232740,1778.0
2021-02-25,1787.0,1867.0,1768.0,1847.0,649527,217560,1827.0
2021-02-26,1847.0,1876.0,1806.0,1836.0,540893,203859,1839.0
2021-03-01,1829.0,1931.0,1815.0,1908.0,811305,235743,1890.0
2021-03-02,1908.0,1941.0,1855.0,1907.0,1127431,246654,1904.0
2021-03-03,1916.0,1986.0,1897.0,1905.0,1194119,260520,1946.0
2021-03-04,1905.0,1905.0,1848.0,1848.0,882869,262718,1869.0
2021-03-05,1840.0,1864.0,1784.0,1841.0,806664,234993,1825.0
2021-03-08,1860.0,1917.0,1859.0,1917.0,989258,339022,1901.0
2021-03-09,1926.0,1974.0,1906.0,1942.0,976337,338114,1940.0
2021-03-10,1950.0,1968.0,1914.0,1963.0,911203,391665,1939.0
2021-03-11,1975.0,1983.0,1842.0,1892.0,1479792,343179,1894.0
2021-03-12,1888.0,1918.0,1862.0,1879.0,959480,327234,1887.0
2021-03-15,1880.0,1942.0,1864.0,1941.0,844215,347615,1896.0
2021-03-16,1939.0,1959.0,1911.0,1920.0,826139,313262,1938.0
2021-03-17,1920.0,1999.0,1905.0,1997.0,889991,383200,1946.0
2021-03-18,2000.0,2010.0,1968.0,1996.0,815399,368473,1989.0
2021-03-19,1996.0,1997.0,1933.0,1944.0,828676,327782,1971.0
2021-03-22,1952.0,2002.0,1921.0,1924.0,914102,327349,1964.0
2021-03-23,1924.0,1943.0,1906.0,1923.0,705414,305694,1923.0
2021-03-24,1909.0,1931.0,1869.0,1920.0,717727,284785,1896.0
2021-03-25,1918.0,1926.0,1878.0,1887.0,492124,278061,1898.0
2021-03-26,1874.0,1913.0,1854.0,1903.0,731001,260038,1879.0
2021-03-29,1910.0,1926.0,1851.0,1868.0,839041,266469,1889.0
2021-03-30,1869.0,1892.0,1846.0,1883.0,569060,214650,1869.0
2021-03-31,1878.0,1909.0,1865.0,1875.0,535415,231260,1886.0
2021-04-01,1877.0,1926.0,1855.0,1904.0,504680,210133,1886.0
2021-04-02,1910.0,1955.0,1895.0,1913.0,540750,215423,1923.0
2021-04-06,1919.0,1933.0,1876.0,1884.0,309215,194351,1901.0
2021-04-07,1885.0,1895.0,1835.0,1852.0,454549,203117,1869.0
2021-04-08,1848.0,1857.0,1818.0,1842.0,280322,162985,1840.0
2021-04-09,1967.0,1972.0,1909.0,1913.0,465412,275217,1937.0
2021-04-12,1910.0,1916.0,1853.0,1891.0,788942,283910,1882.0
2021-04-13,1895.0,1926.0,1873.0,1907.0,538376,276808,1898.0
2021-04-14,1908.0,1936.0,1882.0,1912.0,649058,297720,1906.0
2021-04-15,1917.0,1924.0,1866.0,1873.0,721073,318803,1900.0
2021-04-16,1872.0,1916.0,1859.0,1904.0,842496,330577,1896.0
2021-04-19,1904.0,1981.0,1896.0,1968.0,1250234,356635,1940.0
2021-04-20,1968.0,1985.0,1956.0,1976.0,610274,348289,1972.0
2021-04-21,1976.0,1981.0,1929.0,1935.0,823639,342816,1952.0
2021-04-22,1935.0,1967.0,1909.0,1933.0,861244,353036,1942.0
2021-04-23,1936.0,1948.0,1916.0,1923.0,815669,358292,1930.0
2021-04-26,1919.0,1958.0,1910.0,1947.0,929358,347925,1930.0
2021-04-27,1945.0,2004.0,1932.0,2001.0,827278,367472,1967.0
2021-04-28,2001.0,2012.0,1987.0,2005.0,752969,362415,2001.0
2021-04-29,2005.0,2058.0,2005.0,2045.0,899044,350018,2043.0
2021-04-30,2053.0,2088.0,2025.0,2087.0,693832,333104,2053.0
2021-05-06,2095.0,2200.0,2087.0,2190.0,582326,346380,2142.0
2021-05-07,2190.0,2192.0,2143.0,2162.0,816658,338393,2172.0
2021-05-10,2159.0,2227.0,2077.0,2172.0,1840154,339472,2152.0
2021-05-11,2175.0,2205.0,2121.0,2152.0,1723572,325630,2164.0
2021-05-12,2150.0,2278.0,2136.0,2249.0,1807272,339133,2197.0
2021-05-13,2236.0,2329.0,2158.0,2211.0,2369234,326370,2245.0
2021-05-14,2215.0,2296.0,2123.0,2201.0,3139810,348650,2216.0
2021-05-17,2216.0,2301.0,2206.0,2238.0,1885059,464273,2250.0
2021-05-18,2230.0,2250.0,2187.0,2229.0,1138003,426777,2215.0
2021-05-19,2227.0,2235.0,2098.0,2131.0,1287800,444161,2157.0
2021-05-20,2095.0,2115.0,2028.0,2081.0,1329617,436733,2076.0
2021-05-21,2081.0,2122.0,2062.0,2087.0,968112,439276,2093.0
2021-05-24,2096.0,2114.0,2036.0,2101.0,832974,422467,2075.0
2021-05-25,2109.0,2154.0,2076.0,2138.0,726907,400946,2116.0
2021-05-26,2125.0,2155.0,2109.0,2135.0,584115,392943,2127.0
2021-05-27,2110.0,2150.0,2090.0,2129.0,717158,399399,2125.0
2021-05-28,2129.0,2198.0,2119.0,2176.0,643556,388461,2168.0
2021-05-31,2173.0,2211.0,2161.0,2181.0,475702,381466,2186.0
2021-06-01,2181.0,2296.0,2162.0,2289.0,530815,399371,2229.0
2021-06-02,2288.0,2320.0,2260.0,2288.0,539174,406493,2290.0
2021-06-03,2288.0,2309.0,2234.0,2265.0,566427,393659,2276.0
2021-06-04,2248.0,2276.0,2216.0,2245.0,492978,373963,2243.0
2021-06-07,2258.0,2275.0,2232.0,2235.0,429075,359711,2251.0
2021-06-08,2233.0,2265.0,2189.0,2244.0,556683,391819,2230.0
2021-06-09,2245.0,2255.0,2197.0,2197.0,473412,382900,2223.0
2021-06-10,2193.0,2195.0,2139.0,2142.0,606380,427243,2166.0
2021-06-11,2142.0,2182.0,2134.0,2175.0,392675,383463,2160.0
2021-06-15,2170.0,2190.0,2130.0,2168.0,261578,399462,2154.0
2021-06-16,2167.0,2185.0,2146.0,2174.0,309218,387481,2166.0
2021-06-17,2175.0,2225.0,2166.0,2222.0,516983,385558,2195.0
2021-06-18,2215.0,2227.0,2163.0,2185.0,491790,370044,2200.0
2021-06-21,2185.0,2224.0,2183.0,2189.0,325178,349674,2201.0
2021-06-22,2185.0,2215.0,2155.0,2212.0,422866,365399,2184.0
2021-06-23,2212.0,2218.0,2171.0,2175.0,418594,367717,2192.0
2021-06-24,2176.0,2248.0,2174.0,2238.0,515278,359565,2215.0
2021-06-25,2240.0,2296.0,2230.0,2283.0,404162,368881,2262.0
2021-06-28,2288.0,2290.0,2222.0,2229.0,348843,352207,2244.0
2021-06-29,2229.0,2238.0,2194.0,2195.0,289316,352343,2214.0
2021-06-30,2195.0,2235.0,2191.0,2232.0,253547,349137,2211.0
2021-07-01,2234.0,2244.0,2182.0,2187.0,345947,355520,2220.0
2021-07-02,2200.0,2275.0,2194.0,2266.0,414394,346865,2227.0
2021-07-05,2269.0,2283.0,2250.0,2269.0,267575,345969,2265.0
2021-07-06,2269.0,2336.0,2263.0,2319.0,417403,364772,2307.0
2021-07-07,2318.0,2318.0,2250.0,2268.0,402151,329279,2285.0
2021-07-08,2268.0,2298.0,2260.0,2273.0,324247,308875,2277.0
2021-07-09,2265.0,2278.0,2232.0,2272.0,320298,291971,2252.0
2021-07-12,2280.0,2305.0,2251.0,2270.0,330681,299507,2278.0
2021-07-13,2270.0,2300.0,2266.0,2297.0,271181,294995,2284.0
2021-07-14,2298.0,2311.0,2272.0,2294.0,274708,296291,2292.0
2021-07-15,2295.0,2317.0,2238.0,2272.0,388115,285478,2271.0
2021-07-16,2279.0,2344.0,2251.0,2333.0,419519,313923,2294.0
2021-07-19,2333.0,2368.0,2296.0,2311.0,397372,283966,2328.0
2021-07-20,2292.0,2327.0,2282.0,2317.0,268228,268962,2307.0
2021-07-21,2325.0,2396.0,2320.0,2380.0,460443,309250,2370.0
2021-07-22,2384.0,2404.0,2366.0,2394.0,287634,301759,2387.0
2021-07-23,2378.0,2394.0,2329.0,2339.0,319102,283280,2368.0
2021-07-26,2336.0,2358.0,2312.0,2335.0,267961,266649,2338.0
2021-07-27,2332.0,2364.0,2260.0,2270.0,324101,237372,2326.0
2021-07-28,2270.0,2319.0,2270.0,2312.0,189692,221391,2298.0
2021-07-29,2312.0,2339.0,2307.0,2325.0,144261,197044,2324.0
2021-07-30,2600.0,2648.0,2587.0,2626.0,351058,291462,2617.0
2021-08-02,2617.0,2627.0,2538.0,2572.0,447295,294281,2575.0
2021-08-03,2576.0,2581.0,2506.0,2511.0,416993,314943,2536.0
2021-08-04,2500.0,2566.0,2491.0,2564.0,360530,317296,2530.0
2021-08-05,2559.0,2568.0,2505.0,2505.0,354311,330608,2541.0
2021-08-06,2520.0,2634.0,2510.0,2622.0,605234,374892,2580.0
2021-08-09,2630.0,2645.0,2592.0,2633.0,436924,374152,2625.0
2021-08-10,2626.0,2667.0,2620.0,2656.0,365006,380697,2648.0
2021-08-11,2661.0,2679.0,2641.0,2679.0,330634,382787,2658.0
2021-08-12,2680.0,2729.0,2653.0,2658.0,610825,383212,2689.0
2021-08-13,2657.0,2748.0,2652.0,2732.0,688376,435072,2714.0
2021-08-16,2734.0,2814.0,2732.0,2757.0,823043,454141,2776.0
2021-08-17,2753.0,2763.0,2718.0,2724.0,667490,441866,2742.0
2021-08-18,2730.0,2756.0,2685.0,2696.0,615363,431590,2714.0
2021-08-19,2696.0,2723.0,2645.0,2696.0,810698,420334,2684.0
2021-08-20,2673.0,2748.0,2655.0,2742.0,747459,439117,2704.0
2021-08-23,2737.0,2770.0,2703.0,2732.0,768148,410616,2739.0
2021-08-24,2723.0,2769.0,2720.0,2735.0,613751,401660,2742.0
2021-08-25,2725.0,2751.0,2685.0,2730.0,838552,403158,2712.0
2021-08-26,2728.0,2729.0,2646.0,2647.0,882489,413076,2684.0
2021-08-27,2644.0,2706.0,2630.0,2694.0,703903,411414,2672.0
2021-08-30,2705.0,2728.0,2682.0,2718.0,624319,392608,2709.0
2021-08-31,2720.0,2735.0,2678.0,2689.0,584120,392016,2706.0
2021-09-01,2680.0,2719.0,2662.0,2704.0,629408,393599,2695.0
2021-09-02,2705.0,2752.0,2676.0,2687.0,704540,382585,2706.0
2021-09-03,2690.0,2739.0,2682.0,2727.0,582100,382916,2715.0
2021-09-06,2731.0,2759.0,2713.0,2739.0,578127,381994,2736.0
2021-09-07,2739.0,2892.0,2727.0,2865.0,981645,421265,2807.0
2021-09-08,2865.0,2937.0,2853.0,2903.0,897369,448107,2897.0
2021-09-09,2897.0,3018.0,2891.0,2984.0,1045360,442294,2953.0
2021-09-10,2980.0,3062.0,2956.0,2964.0,1098382,433720,3017.0
2021-09-13,2982.0,3030.0,2935.0,2958.0,982311,429077,2985.0
2021-09-14,2960.0,2966.0,2865.0,2882.0,1084129,393275,2908.0
2021-09-15,2873.0,2931.0,2816.0,2888.0,1124480,403098,2867.0
2021-09-16,2888.0,3009.0,2846.0,3000.0,1295993,419020,2933.0
2021-09-17,2998.0,3055.0,2856.0,2912.0,1415856,366713,2964.0
2021-09-22,3015.0,3183.0,3015.0,3174.0,832210,389430,3101.0
2021-09-23,3179.0,3244.0,3147.0,3216.0,1069459,379532,3196.0
2021-09-24,3217.0,3224.0,3049.0,3118.0,1142899,358898,3133.0
2021-09-27,3149.0,3384.0,3117.0,3384.0,972809,397115,3271.0
2021-09-28,3399.0,3453.0,3312.0,3390.0,1042005,354632,3375.0
2021-09-29,3389.0,3477.0,3359.0,3435.0,842535,361373,3416.0
2021-09-30,3439.0,3515.0,3371.0,3512.0,672775,325542,3425.0
2021-10-08,3471.0,3475.0,3232.0,3362.0,627452,304757,3328.0
2021-10-11,3355.0,3544.0,3320.0,3500.0,863206,316384,3452.0
2021-10-12,3490.0,3648.0,3443.0,3583.0,1116515,292034,3550.0
2021-10-13,3589.0,3635.0,3309.0,3478.0,1199736,290003,3538.0
2021-10-14,3479.0,3530.0,3300.0,3430.0,1155144,284559,3414.0
2021-10-15,3430.0,3461.0,3325.0,3435.0,996262,284274,3390.0
2021-10-18,3448.0,3580.0,3404.0,3570.0,981999,282135,3503.0
2021-10-19,3570.0,3577.0,3431.0,3459.0,831173,264807,3502.0
2021-10-20,3427.0,3461.0,3221.0,3221.0,1198598,287845,3301.0
2021-10-21,3220.0,3363.0,3058.0,3134.0,1147791,281355,3272.0
2021-10-22,3101.0,3168.0,3010.0,3010.0,367409,269894,3079.0
2021-10-25,2929.0,2947.0,2740.0,2828.0,1498472,203035,2827.0
2021-10-26,2835.0,2861.0,2627.0,2778.0,1238634,189528,2754.0
2021-10-27,2790.0,2864.0,2707.0,2833.0,1446099,216009,2799.0
2021-10-28,2856.0,2915.0,2668.0,2860.0,2105156,236708,2781.0
2021-10-29,2864.0,2914.0,2734.0,2801.0,1254986,236154,2852.0
2021-11-01,2768.0,2785.0,2590.0,2604.0,1365190,328263,2674.0
2021-11-02,2610.0,2671.0,2435.0,2563.0,1159626,314486,2581.0
2021-11-03,2565.0,2818.0,2485.0,2802.0,1478867,375719,2628.0
2021-11-04,2791.0,2800.0,2605.0,2638.0,1337625,352229,2706.0
2021-11-05,2653.0,2673.0,2513.0,2565.0,1045565,354477,2570.0
2021-11-08,2570.0,2651.0,2476.0,2513.0,1059466,381167,2547.0
2021-11-09,2507.0,2605.0,2465.0,2560.0,921769,351657,2540.0
2021-11-10,2520.0,2539.0,2412.0,2512.0,937637,353573,2482.0
2021-11-11,2520.0,2720.0,2487.0,2684.0,764190,352913,2600.0
2021-11-12,2670.0,2685.0,2503.0,2527.0,733616,335160,2593.0
2021-11-15,2503.0,2565.0,2455.0,2497.0,597287,352825,2510.0
2021-11-16,2519.0,2615.0,2474.0,2544.0,578093,326773,2537.0
2021-11-17,2544.0,2620.0,2506.0,2607.0,596495,350271,2565.0
2021-11-18,2611.0,2650.0,2570.0,2586.0,500893,329525,2604.0
2021-11-19,2580.0,2750.0,2561.0,2699.0,659495,356377,2649.0
2021-11-22,2650.0,2765.0,2649.0,2684.0,425661,315922,2707.0
2021-11-23,2405.0,2469.0,2391.0,2412.0,436149,123760,2433.0
2021-11-24,2414.0,2495.0,2405.0,2492.0,454394,146034,2457.0
2021-11-25,2491.0,2517.0,2435.0,2469.0,447203,150217,2472.0
2021-11-26,2464.0,2467.0,2364.0,2366.0,459975,158036,2412.0
2021-11-29,2340.0,2465.0,2331.0,2455.0,470809,173591,2420.0
2021-11-30,2462.0,2482.0,2391.0,2417.0,468631,176054,2437.0
2021-12-01,2413.0,2625.0,2413.0,2588.0,730361,220211,2525.0
2021-12-02,2600.0,2643.0,2531.0,2538.0,862912,221890,2575.0
2021-12-03,2506.0,2570.0,2467.0,2523.0,928630,226611,2520.0
2021-12-06,2527.0,2571.0,2470.0,2561.0,854273,241433,2532.0
2021-12-07,2561.0,2635.0,2546.0,2552.0,640514,305588,2585.0
2021-12-08,2555.0,2562.0,2378.0,2378.0,865734,331475,2457.0
2021-12-09,2350.0,2353.0,2229.0,2238.0,911953,389469,2277.0
2021-12-10,2234.0,2265.0,2192.0,2258.0,698435,390385,2238.0
2021-12-13,2258.0,2300.0,2200.0,2288.0,795330,390558,2254.0
2021-12-14,2281.0,2327.0,2263.0,2304.0,628393,352968,2296.0
2021-12-15,2304.0,2323.0,2215.0,2223.0,748856,393142,2279.0
2021-12-16,2220.0,2342.0,2216.0,2327.0,772305,349188,2279.0
2021-12-17,2331.0,2386.0,2318.0,2374.0,633096,357562,2352.0
2021-12-20,2385.0,2390.0,2261.0,2285.0,763700,353672,2329.0
2021-12-21,2281.0,2357.0,2273.0,2335.0,774745,341350,2316.0
2021-12-22,2336.0,2365.0,2303.0,2329.0,685471,353803,2334.0
2021-12-23,2329.0,2350.0,2291.0,2318.0,647754,359103,2325.0
2021-12-24,2310.0,2335.0,2256.0,2293.0,821118,396662,2300.0
2021-12-27,2287.0,2307.0,2242.0,2285.0,623271,373635,2277.0
2021-12-28,2285.0,2324.0,2267.0,2285.0,547613,366401,2294.0
2021-12-29,2293.0,2321.0,2265.0,2286.0,572056,386090,2295.0
2021-12-30,2280.0,2286.0,2231.0,2243.0,616988,416149,2270.0
2021-12-31,2237.0,2244.0,2175.0,2183.0,735947,458972,2216.0
2022-01-04,2192.0,2230.0,2160.0,2221.0,537751,419323,2201.0
2022-01-05,2221.0,2255.0,2215.0,2250.0,510491,392877,2237.0
2022-01-06,2252.0,2316.0,2231.0,2312.0,621871,375321,2269.0
2022-01-07,2312.0,2348.0,2305.0,2337.0,518884,365808,2323.0
2022-01-10,2340.0,2415.0,2340.0,2413.0,684995,381333,2371.0
2022-01-11,2413.0,2485.0,2396.0,2470.0,755232,423407,2442.0
2022-01-12,2470.0,2495.0,2461.0,2486.0,544231,397053,2478.0
2022-01-13,2490.0,2577.0,2452.0,2461.0,1128635,440698,2520.0
2022-01-14,2462.0,2597.0,2462.0,2593.0,1018299,440895,2534.0
2022-01-17,2590.0,2603.0,2521.0,2553.0,890843,425761,2553.0
2022-01-18,2553.0,2567.0,2507.0,2558.0,747583,405968,2542.0
2022-01-19,2569.0,2621.0,2540.0,2596.0,963395,451917,2586.0
2022-01-20,2592.0,2608.0,2559.0,2574.0,681078,425337,2583.0
2022-01-21,2574.0,2746.0,2574.0,2712.0,1217868,515217,2663.0
2022-01-24,2717.0,2745.0,2672.0,2685.0,779701,429829,2701.0
2022-01-25,2678.0,2730.0,2642.0,2700.0,935253,452251,2678.0
2022-01-26,2705.0,2771.0,2686.0,2768.0,863903,478501,2733.0
2022-01-27,2777.0,2853.0,2768.0,2849.0,772795,444911,2807.0
2022-01-28,2860.0,2903.0,2818.0,2880.0,716992,385914,2857.0
2022-02-07,2926.0,3004.0,2873.0,2968.0,488748,392188,2954.0
2022-02-08,2959.0,3009.0,2938.0,2987.0,672681,424263,2976.0
2022-02-09,2977.0,2983.0,2911.0,2957.0,846352,446759,2948.0
2022-02-10,2953.0,3177.0,2926.0,3125.0,1222354,566788,3053.0
2022-02-11,3137.0,3155.0,2958.0,2973.0,1379897,540516,3070.0
2022-02-14,2991.0,2992.0,2868.0,2954.0,1638250,538977,2933.0
2022-02-15,2930.0,2930.0,2778.0,2867.0,1614468,514267,2845.0
2022-02-16,2866.0,2956.0,2848.0,2912.0,1135304,494928,2902.0
2022-02-17,2918.0,2918.0,2754.0,2756.0,1289792,489390,2829.0
2022-02-18,2735.0,2845.0,2725.0,2803.0,1029289,451614,2789.0
2022-02-21,2808.0,2919.0,2782.0,2912.0,1204344,509685,2828.0
2022-02-22,2900.0,2947.0,2850.0,2854.0,1212745,490629,2905.0
2022-02-23,2850.0,2907.0,2824.0,2876.0,1046799,470864,2868.0
2022-02-24,2870.0,2891.0,2767.0,2787.0,1215291,502544,2832.0
2022-02-25,2780.0,2816.0,2605.0,2605.0,1288640,477566,2713.0
2022-02-28,2605.0,2640.0,2545.0,2593.0,1230791,492211,2603.0
2022-03-01,2593.0,2621.0,2522.0,2605.0,1258804,461135,2574.0
2022-03-02,2618.0,2737.0,2593.0,2669.0,1308997,458183,2658.0
2022-03-03,2672.0,2758.0,2637.0,2736.0,1074476,404458,2701.0
2022-03-04,2730.0,2755.0,2665.0,2708.0,829941,375897,2710.0
2022-03-07,2728.0,2849.0,2710.0,2749.0,878251,404979,2770.0
2022-03-08,2720.0,2739.0,2548.0,2652.0,1381163,425175,2639.0
2022-03-09,2634.0,2691.0,2476.0,2505.0,1170424,425442,2585.0
2022-03-10,2464.0,2688.0,2451.0,2642.0,1139806,382640,2601.0
2022-03-11,2645.0,2665.0,2554.0,2573.0,845151,362923,2605.0
2022-03-14,2550.0,2575.0,2427.0,2450.0,879367,373422,2500.0
2022-03-15,2450.0,2531.0,2435.0,2449.0,794314,353180,2475.0
2022-03-16,2430.0,2508.0,2411.0,2453.0,731419,369113,2460.0
2022-03-17,2459.0,2474.0,2396.0,2457.0,750730,358201,2440.0
2022-03-18,2459.0,2530.0,2435.0,2526.0,610106,339450,2473.0
2022-03-21,2509.0,2544.0,2432.0,2451.0,700385,360400,2491.0
2022-03-22,2443.0,2516.0,2421.0,2481.0,499108,318696,2475.0
2022-03-23,2485.0,2564.0,2480.0,2559.0,590040,316507,2522.0
2022-03-24,2596.0,2662.0,2579.0,2611.0,529790,285064,2623.0
2022-03-25,2780.0,2951.0,2773.0,2905.0,1141083,299536,2876.0
2022-03-28,2878.0,2941.0,2856.0,2907.0,1044272,330974,2905.0
2022-03-29,2908.0,2989.0,2871.0,2970.0,1499830,401682,2925.0
2022-03-30,2939.0,3039.0,2915.0,3025.0,1524904,448293,2986.0
2022-03-31,3036.0,3061.0,2967.0,3014.0,1479658,446940,3016.0
2022-04-01,2993.0,3055.0,2953.0,3040.0,1429861,584642,3010.0
2022-04-06,3009.0,3070.0,2938.0,2941.0,1005334,528312,3018.0
2022-04-07,2945.0,2964.0,2886.0,2916.0,1438340,575040,2925.0
2022-04-08,2916.0,2948.0,2880.0,2944.0,1025673,557101,2925.0
2022-04-11,2952.0,2968.0,2889.0,2947.0,1136255,601610,2931.0
2022-04-12,2940.0,3124.0,2925.0,3099.0,1579867,710699,3033.0
2022-04-13,3105.0,3126.0,3065.0,3081.0,1152655,658636,3095.0
2022-04-14,3095.0,3205.0,3066.0,3138.0,1510468,702827,3130.0
2022-04-15,3140.0,3195.0,3112.0,3135.0,1100192,636405,3155.0
2022-04-18,3130.0,3262.0,3092.0,3244.0,1262204,675904,3173.0
2022-04-19,3242.0,3269.0,3188.0,3213.0,852117,598812,3230.0
2022-04-20,3200.0,3250.0,3093.0,3107.0,1339060,593385,3179.0
2022-04-21,3108.0,3133.0,3065.0,3110.0,919594,572194,3099.0
2022-04-22,3096.0,3136.0,3053.0,3106.0,1047562,602175,3103.0
2022-04-25,3104.0,3117.0,2873.0,2893.0,1557415,556816,2997.0
2022-04-26,2881.0,2951.0,2825.0,2884.0,1250075,564689,2893.0
2022-04-27,2890.0,2992.0,2890.0,2966.0,1241304,575633,2943.0
2022-04-28,2966.0,3020.0,2922.0,3012.0,1070252,576132,2972.0
2022-04-29,3010.0,3028.0,2954.0,3004.0,899772,531863,2985.0
2022-05-05,2990.0,3073.0,2923.0,3061.0,879241,607661,3005.0
2022-05-06,3067.0,3077.0,2977.0,2982.0,994963,601290,3026.0
2022-05-09,2982.0,3016.0,2917.0,2928.0,1280886,648437,2963.0
2022-05-10,2900.0,2916.0,2700.0,2778.0,1704663,632528,2798.0
2022-05-11,2786.0,2870.0,2752.0,2855.0,1135636,595254,2812.0
2022-05-12,2840.0,2877.0,2747.0,2781.0,1310483,613375,2811.0
2022-05-13,2766.0,2826.0,2751.0,2807.0,1083610,546646,2790.0
2022-05-16,2812.0,2885.0,2774.0,2874.0,1005546,578037,2833.0
2022-05-17,2882.0,2917.0,2834.0,2851.0,915789,544646,2869.0
2022-05-18,2860.0,2878.0,2814.0,2818.0,1015389,579644,2854.0
2022-05-19,2828.0,2951.0,2802.0,2947.0,1297453,674024,2871.0
2022-05-20,2942.0,3016.0,2927.0,2986.0,1077613,649437,2971.0
2022-05-23,2985.0,2995.0,2876.0,2928.0,1195847,616124,2938.0
2022-05-24,2911.0,2941.0,2885.0,2902.0,1003909,581900,2913.0
2022-05-25,2918.0,2990.0,2904.0,2987.0,1284125,667975,2946.0
2022-05-26,2980.0,3019.0,2920.0,2999.0,1385504,688566,2967.0
2022-05-27,2999.0,3084.0,2988.0,3041.0,1075686,661813,3030.0
2022-05-30,3035.0,3112.0,3027.0,3072.0,858149,623015,3071.0
2022-05-31,3074.0,3133.0,3056.0,3078.0,937468,633047,3092.0
2022-06-01,3084.0,3110.0,3062.0,3097.0,783717,607549,3088.0
2022-06-02,3101.0,3127.0,3058.0,3127.0,827438,638531,3089.0
2022-06-06,3125.0,3140.0,3018.0,3033.0,890547,658283,3075.0
2022-06-07,3031.0,3108.0,3030.0,3064.0,821410,625967,3070.0
2022-06-08,3053.0,3122.0,3036.0,3098.0,753734,628208,3079.0
2022-06-09,3098.0,3165.0,3043.0,3048.0,1069234,647144,3112.0
2022-06-10,3042.0,3063.0,2993.0,3010.0,892387,631959,3024.0
2022-06-13,3010.0,3039.0,2960.0,3025.0,695677,599910,3017.0
2022-06-14,3025.0,3042.0,2879.0,2914.0,1130990,658725,2941.0
2022-06-15,2910.0,2949.0,2876.0,2908.0,836081,595067,2912.0
2022-06-16,2908.0,2945.0,2901.0,2910.0,675866,601967,2920.0
2022-06-17,2895.0,2900.0,2810.0,2887.0,1078500,643760,2860.0
2022-06-20,2900.0,2912.0,2838.0,2872.0,1115654,632870,2878.0
2022-06-21,2860.0,2876.0,2732.0,2760.0,1399478,653443,2792.0
2022-06-22,2760.0,2800.0,2642.0,2661.0,1105792,624201,2716.0
2022-06-23,2667.0,2754.0,2650.0,2747.0,1151157,646178,2703.0
2022-06-24,2756.0,2773.0,2693.0,2711.0,981783,605824,2734.0
2022-06-27,2725.0,2785.0,2664.0,2755.0,961630,619715,2731.0
2022-06-28,2765.0,2846.0,2751.0,2843.0,855961,585586,2789.0
2022-06-29,2837.0,2908.0,2812.0,2873.0,925614,645022,2857.0
2022-06-30,2888.0,2902.0,2853.0,2862.0,677142,569013,2876.0
2022-07-01,2848.0,2856.0,2742.0,2744.0,1098132,609639,2803.0
2022-07-04,2761.0,2782.0,2668.0,2712.0,956022,519074,2720.0
2022-07-05,2715.0,2742.0,2672.0,2674.0,845767,538960,2708.0
2022-07-06,2640.0,2666.0,2555.0,2656.0,1077088,544793,2614.0
2022-07-07,2663.0,2733.0,2613.0,2671.0,1043073,524080,2668.0
2022-07-08,2688.0,2727.0,2551.0,2555.0,1000349,546609,2657.0
2022-07-11,2550.0,2576.0,2458.0,2552.0,1173582,577914,2523.0
2022-07-12,2550.0,2575.0,2436.0,2446.0,1021005,543931,2514.0
2022-07-13,2431.0,2502.0,2412.0,2481.0,1094374,572028,2454.0
2022-07-14,2450.0,2513.0,2431.0,2435.0,941251,508273,2472.0
2022-07-15,2413.0,2505.0,2402.0,2452.0,968831,509666,2460.0
2022-07-18,2467.0,2578.0,2464.0,2574.0,992955,511756,2521.0
2022-07-19,2572.0,2606.0,2436.0,2448.0,958004,520142,2521.0
2022-07-20,2434.0,2540.0,2423.0,2507.0,925934,498202,2479.0
2022-07-21,2515.0,2539.0,2441.0,2476.0,826652,479283,2489.0
2022-07-22,2455.0,2566.0,2444.0,2541.0,901977,484717,2510.0
2022-07-25,2560.0,2602.0,2482.0,2530.0,802021,435617,2541.0
2022-07-26,2544.0,2595.0,2532.0,2580.0,626221,421773,2563.0
2022-07-27,2595.0,2631.0,2558.0,2573.0,519034,408775,2580.0
2022-07-28,2575.0,2622.0,2546.0,2613.0,654315,411348,2586.0
2022-07-29,2603.0,2678.0,2565.0,2624.0,760979,402565,2622.0
2022-08-01,2634.0,2669.0,2572.0,2592.0,517212,334735,2622.0
2022-08-02,2365.0,2402.0,2341.0,2400.0,635208,234797,2371.0
2022-08-03,2399.0,2423.0,2350.0,2392.0,718015,267233,2392.0
2022-08-04,2405.0,2410.0,2266.0,2266.0,885545,318389,2341.0
2022-08-05,2272.0,2292.0,2233.0,2264.0,1004847,365276,2262.0
2022-08-08,2255.0,2396.0,2245.0,2390.0,1117680,355535,2328.0
2022-08-09,2382.0,2413.0,2354.0,2380.0,981165,355916,2382.0
2022-08-10,2392.0,2403.0,2304.0,2331.0,1231419,391652,2349.0
2022-08-11,2340.0,2399.0,2289.0,2385.0,1390198,394025,2344.0
2022-08-12,2400.0,2407.0,2346.0,2374.0,1039498,385573,2375.0
2022-08-15,2360.0,2426.0,2330.0,2349.0,1377841,404975,2376.0
2022-08-16,2330.0,2374.0,2313.0,2343.0,1016620,406003,2345.0
2022-08-17,2345.0,2358.0,2273.0,2283.0,1306572,451872,2316.0
2022-08-18,2273.0,2334.0,2267.0,2304.0,1223125,452615,2305.0
2022-08-19,2315.0,2316.0,2223.0,2238.0,1376689,489353,2264.0
2022-08-22,2238.0,2367.0,2236.0,2358.0,1531975,488867,2309.0
2022-08-23,2363.0,2402.0,2337.0,2373.0,1214764,474688,2369.0
2022-08-24,2375.0,2385.0,2351.0,2365.0,960323,462706,2369.0
2022-08-25,2367.0,2443.0,2362.0,2373.0,1789330,480643,2404.0
2022-08-26,2373.0,2423.0,2366.0,2418.0,1134459,503389,2395.0
2022-08-29,2420.0,2425.0,2344.0,2386.0,1216350,492126,2387.0
2022-08-30,2394.0,2404.0,2322.0,2338.0,1271002,492649,2365.0
2022-08-31,2327.0,2384.0,2326.0,2367.0,1094087,507791,2365.0
2022-09-01,2360.0,2373.0,2305.0,2315.0,1190661,512850,2347.0
2022-09-02,2310.0,2323.0,2274.0,2302.0,1303844,508121,2303.0
2022-09-05,2306.0,2350.0,2287.0,2345.0,1222702,493228,2316.0
2022-09-06,2347.0,2365.0,2280.0,2288.0,1596136,548924,2323.0
2022-09-07,2274.0,2298.0,2244.0,2279.0,1445867,554338,2272.0
2022-09-08,2285.0,2303.0,2263.0,2276.0,1156587,543137,2280.0
2022-09-09,2275.0,2323.0,2273.0,2306.0,1179146,497758,2296.0
2022-09-13,2325.0,2374.0,2320.0,2360.0,842977,502885,2355.0
2022-09-14,2360.0,2362.0,2287.0,2306.0,1102063,515241,2321.0
2022-09-15,2305.0,2330.0,2285.0,2301.0,1156970,523371,2311.0
2022-09-16,2296.0,2315.0,2266.0,2282.0,1026159,547264,2291.0
2022-09-19,2283.0,2335.0,2282.0,2307.0,1156215,526452,2316.0
2022-09-20,2300.0,2339.0,2286.0,2319.0,1175793,526197,2313.0
2022-09-21,2320.0,2329.0,2282.0,2318.0,1168750,495476,2304.0
2022-09-22,2315.0,2408.0,2314.0,2399.0,1732277,627540,2368.0
2022-09-23,2398.0,2419.0,2385.0,2397.0,1224936,604816,2401.0
2022-09-26,2379.0,2435.0,2371.0,2425.0,1619465,569377,2405.0
2022-09-27,2430.0,2466.0,2407.0,2466.0,1369149,585009,2431.0
2022-09-28,2471.0,2484.0,2451.0,2467.0,1123068,559279,2467.0
2022-09-29,2477.0,2499.0,2442.0,2488.0,1315803,531037,2474.0
2022-09-30,2498.0,2538.0,2480.0,2537.0,1048076,479275,2505.0
2022-10-10,2547.0,2558.0,2476.0,2530.0,1016746,493115,2514.0
2022-10-11,2533.0,2537.0,2472.0,2484.0,983181,519263,2508.0
2022-10-12,2490.0,2523.0,2479.0,2509.0,1147465,532858,2499.0
2022-10-13,2503.0,2514.0,2473.0,2485.0,1068872,525213,2493.0
2022-10-14,2470.0,2503.0,2461.0,2486.0,930134,527413,2486.0
2022-10-17,2483.0,2490.0,2444.0,2482.0,1200758,533760,2469.0
2022-10-18,2486.0,2486.0,2428.0,2457.0,1077392,505684,2454.0
2022-10-19,2450.0,2474.0,2437.0,2448.0,823858,503541,2455.0
2022-10-20,2448.0,2463.0,2425.0,2436.0,965779,494329,2445.0
2022-10-21,2440.0,2460.0,2425.0,2432.0,845716,494033,2442.0
2022-10-24,2428.0,2476.0,2390.0,2391.0,1322149,514916,2434.0
2022-10-25,2391.0,2405.0,2375.0,2382.0,926234,513264,2390.0
2022-10-26,2382.0,2421.0,2378.0,2408.0,870031,487187,2405.0
2022-10-27,2410.0,2440.0,2400.0,2403.0,813448,470216,2419.0
2022-10-28,2410.0,2411.0,2361.0,2373.0,1076006,482264,2384.0
2022-10-31,2370.0,2378.0,2282.0,2307.0,1317500,505472,2321.0
2022-11-01,2307.0,2362.0,2300.0,2353.0,963871,470558,2329.0
2022-11-02,2359.0,2365.0,2300.0,2328.0,1322736,457697,2331.0
2022-11-03,2321.0,2343.0,2308.0,2311.0,944944,487272,2322.0
2022-11-04,2300.0,2406.0,2297.0,2405.0,1336712,492648,2353.0
2022-11-07,2415.0,2428.0,2362.0,2401.0,1273452,470754,2393.0
2022-11-08,2401.0,2472.0,2399.0,2469.0,1283421,531581,2438.0
2022-11-09,2473.0,2496.0,2463.0,2489.0,956427,530089,2478.0
2022-11-10,2482.0,2534.0,2470.0,2518.0,1239974,561697,2503.0
2022-11-11,2511.0,2548.0,2506.0,2520.0,1151277,530745,2523.0
2022-11-14,2525.0,2568.0,2503.0,2514.0,1200311,499989,2533.0
2022-11-15,2514.0,2546.0,2505.0,2538.0,746850,499939,2527.0
2022-11-16,2541.0,2594.0,2534.0,2575.0,1017247,546949,2565.0
2022-11-17,2577.0,2604.0,2556.0,2591.0,1050056,588766,2578.0
2022-11-18,2593.0,2615.0,2575.0,2610.0,909944,606603,2592.0
2022-11-21,2608.0,2626.0,2579.0,2620.0,1169433,633864,2601.0
2022-11-22,2618.0,2643.0,2601.0,2609.0,1028939,625498,2624.0
2022-11-23,2610.0,2638.0,2598.0,2635.0,882842,647899,2616.0
2022-11-24,2635.0,2695.0,2632.0,2688.0,1029148,677442,2667.0
2022-11-25,2685.0,2714.0,2665.0,2710.0,992770,659673,2691.0
2022-11-28,2710.0,2724.0,2681.0,2699.0,1148858,614900,2701.0
2022-11-29,2701.0,2728.0,2680.0,2700.0,1015295,553532,2703.0
2022-11-30,2700.0,2708.0,2678.0,2697.0,672078,513788,2692.0
2022-12-01,2705.0,2745.0,2688.0,2718.0,695728,482300,2719.0
2022-12-02,2545.0,2589.0,2528.0,2580.0,1071523,536161,2562.0
2022-12-05,2588.0,2643.0,2516.0,2519.0,2151701,601046,2582.0
2022-12-06,2525.0,2534.0,2482.0,2520.0,1549201,608835,2513.0
2022-12-07,2520.0,2553.0,2497.0,2521.0,1264549,631350,2528.0
2022-12-08,2525.0,2575.0,2514.0,2570.0,1098273,641528,2535.0
2022-12-09,2578.0,2655.0,2573.0,2640.0,1356813,671400,2616.0
2022-12-12,2632.0,2678.0,2632.0,2654.0,1108670,688326,2657.0
2022-12-13,2651.0,2683.0,2631.0,2660.0,1180241,710852,2654.0
2022-12-14,2663.0,2677.0,2645.0,2662.0,775258,718148,2662.0
2022-12-15,2665.0,2754.0,2660.0,2747.0,1331810,778570,2712.0
2022-12-16,2750.0,2804.0,2715.0,2754.0,1830609,791194,2759.0
2022-12-19,2754.0,2754.0,2657.0,2677.0,1779336,725577,2694.0
2022-12-20,2677.0,2753.0,2664.0,2724.0,1796192,746741,2713.0
2022-12-21,2731.0,2752.0,2714.0,2740.0,1118365,749033,2732.0
2022-12-22,2750.0,2754.0,2647.0,2648.0,1779324,739806,2698.0
2022-12-23,2645.0,2656.0,2614.0,2652.0,1621809,717093,2638.0
2022-12-26,2648.0,2713.0,2629.0,2688.0,1756196,710255,2670.0
2022-12-27,2695.0,2746.0,2677.0,2730.0,1318449,724564,2709.0
2022-12-28,2725.0,2751.0,2705.0,2731.0,1089348,725410,2726.0
2022-12-29,2725.0,2734.0,2671.0,2708.0,1429584,694941,2699.0
2022-12-30,2700.0,2746.0,2680.0,2740.0,1209453,679233,2714.0
2023-01-03,2740.0,2781.0,2670.0,2769.0,1278023,743632,2728.0
2023-01-04,2765.0,2789.0,2748.0,2773.0,1072504,773584,2768.0
2023-01-05,2764.0,2796.0,2751.0,2777.0,1239532,810280,2775.0
2023-01-06,2782.0,2822.0,2758.0,2819.0,1497050,877428,2792.0
2023-01-09,2810.0,2827.0,2771.0,2793.0,1299326,837268,2801.0
2023-01-10,2802.0,2816.0,2753.0,2783.0,1529083,842495,2789.0
2023-01-11,2787.0,2867.0,2767.0,2863.0,1452176,923643,2816.0
2023-01-12,2865.0,2909.0,2859.0,2904.0,1174242,962717,2882.0
2023-01-13,2909.0,2962.0,2903.0,2956.0,1661263,930705,2930.0
2023-01-16,2950.0,2950.0,2890.0,2919.0,1295361,849955,2918.0
2023-01-17,2923.0,2946.0,2914.0,2927.0,701163,834564,2928.0
2023-01-18,2940.0,2983.0,2922.0,2954.0,1072441,813458,2949.0
2023-01-19,2959.0,2995.0,2952.0,2987.0,927385,814975,2977.0
2023-01-20,2996.0,3023.0,2986.0,3022.0,660730,770865,3002.0
2023-01-30,3055.0,3069.0,2966.0,2990.0,866120,794542,3011.0
2023-01-31,2992.0,3006.0,2939.0,2987.0,1094011,831152,2977.0
2023-02-01,2988.0,3050.0,2976.0,3012.0,1262888,856656,3013.0
2023-02-02,3009.0,3032.0,2966.0,2974.0,1327074,838507,2998.0
2023-02-03,2970.0,3013.0,2926.0,2994.0,1468326,843668,2972.0
2023-02-06,2995.0,3001.0,2913.0,2969.0,1428128,790823,2959.0
2023-02-07,2965.0,2973.0,2882.0,2929.0,1513457,772786,2924.0
2023-02-08,2926.0,2964.0,2919.0,2957.0,1215544,809225,2939.0
2023-02-09,2963.0,2967.0,2916.0,2929.0,1101628,767562,2939.0
2023-02-10,2928.0,2941.0,2866.0,2899.0,1670031,761383,2905.0
2023-02-13,2905.0,2913.0,2845.0,2896.0,1307423,769179,2885.0
2023-02-14,2895.0,2944.0,2878.0,2936.0,1059945,794675,2910.0
2023-02-15,2937.0,2947.0,2865.0,2877.0,1226585,752228,2909.0
2023-02-16,2874.0,2934.0,2872.0,2909.0,1113773,742797,2902.0
2023-02-17,2914.0,2944.0,2907.0,2928.0,903355,744404,2926.0
2023-02-20,2915.0,2919.0,2863.0,2891.0,1111558,705816,2883.0
2023-02-21,2891.0,2988.0,2883.0,2985.0,1255349,771360,2942.0
2023-02-22,2985.0,2994.0,2963.0,2982.0,773853,762058,2980.0
2023-02-23,2990.0,2991.0,2954.0,2956.0,735832,705823,2974.0
2023-02-24,2962.0,2965.0,2905.0,2918.0,930281,650662,2929.0
2023-02-27,2918.0,2931.0,2891.0,2902.0,762366,644464,2910.0
2023-02-28,2906.0,2943.0,2904.0,2929.0,800429,665641,2921.0
2023-03-01,2938.0,2975.0,2914.0,2963.0,843893,682765,2944.0
2023-03-02,2960.0,2980.0,2944.0,2970.0,635599,705133,2962.0
2023-03-03,2960.0,2993.0,2946.0,2986.0,663657,698726,2968.0
2023-03-06,2980.0,2987.0,2914.0,2938.0,1218016,638633,2936.0
2023-03-07,2937.0,2956.0,2911.0,2919.0,871588,643357,2935.0
2023-03-08,2920.0,2933.0,2866.0,2888.0,1005379,632602,2902.0
2023-03-09,2888.0,2918.0,2874.0,2899.0,770947,621194,2896.0
2023-03-10,2900.0,2946.0,2888.0,2893.0,851535,588521,2916.0
2023-03-13,2898.0,2929.0,2860.0,2861.0,996404,589966,2893.0
2023-03-14,2831.0,2871.0,2814.0,2827.0,973735,572162,2844.0
2023-03-15,2831.0,2881.0,2831.0,2855.0,869378,583547,2859.0
2023-03-16,2841.0,2852.0,2802.0,2808.0,959484,564125,2827.0
2023-03-17,2806.0,2855.0,2783.0,2837.0,946774,544528,2818.0
2023-03-20,2841.0,2871.0,2826.0,2843.0,707106,523555,2848.0
2023-03-21,2851.0,2869.0,2797.0,2806.0,739678,516509,2836.0
2023-03-22,2818.0,2842.0,2805.0,2835.0,653486,498943,2820.0
2023-03-23,2835.0,2847.0,2815.0,2838.0,586243,471558,2831.0
2023-03-24,2840.0,2879.0,2824.0,2875.0,615274,432391,2847.0
2023-03-27,2485.0,2548.0,2474.0,2530.0,1458949,622296,2507.0
2023-03-28,2535.0,2539.0,2491.0,2507.0,997255,634433,2516.0
2023-03-29,2509.0,2510.0,2436.0,2452.0,1304963,658672,2471.0
2023-03-30,2447.0,2475.0,2445.0,2466.0,1004576,650280,2461.0
2023-03-31,2464.0,2489.0,2441.0,2463.0,1204337,642033,2463.0
2023-04-03,2463.0,2495.0,2426.0,2433.0,1187154,669805,2452.0
2023-04-04,2433.0,2442.0,2421.0,2440.0,844547,676079,2431.0
2023-04-06,2440.0,2476.0,2387.0,2408.0,1147073,730529,2426.0
2023-04-07,2404.0,2440.0,2402.0,2433.0,975435,721824,2423.0
2023-04-10,2436.0,2449.0,2373.0,2376.0,1132642,754293,2409.0
2023-04-11,2375.0,2383.0,2323.0,2343.0,1324385,778395,2346.0
2023-04-12,2350.0,2350.0,2306.0,2330.0,1187803,797167,2325.0
2023-04-13,2340.0,2344.0,2306.0,2314.0,1099542,810687,2325.0
2023-04-14,2320.0,2380.0,2316.0,2348.0,1399459,788437,2348.0
2023-04-17,2352.0,2397.0,2332.0,2369.0,1430383,795304,2362.0
2023-04-18,2369.0,2388.0,2353.0,2366.0,1015312,791897,2367.0
2023-04-19,2369.0,2407.0,2315.0,2317.0,1814621,848377,2362.0
2023-04-20,2295.0,2302.0,2200.0,2220.0,2829611,884898,2240.0
2023-04-21,2222.0,2251.0,2208.0,2226.0,1859477,845046,2231.0
2023-04-24,2230.0,2239.0,2126.0,2133.0,2425148,855559,2179.0
2023-04-25,2135.0,2154.0,2111.0,2121.0,1744684,860643,2130.0
2023-04-26,2116.0,2172.0,2096.0,2143.0,2206994,811698,2139.0
2023-04-27,2144.0,2166.0,2122.0,2141.0,1724174,806287,2147.0
2023-04-28,2141.0,2150.0,2084.0,2094.0,1854744,797037,2120.0
2023-05-04,2058.0,2093.0,2034.0,2051.0,1453007,844383,2061.0
2023-05-05,2046.0,2055.0,2013.0,2035.0,1657114,858747,2035.0
2023-05-08,2041.0,2079.0,1997.0,2070.0,2407299,886851,2034.0
2023-05-09,2070.0,2075.0,1987.0,1988.0,1971440,944387,2034.0
2023-05-10,1989.0,2016.0,1969.0,1972.0,2142994,975209,1991.0
2023-05-11,1984.0,1993.0,1908.0,1921.0,2658307,1033394,1947.0
2023-05-12,1914.0,1922.0,1867.0,1874.0,2417762,1076176,1895.0
2023-05-15,1880.0,1917.0,1834.0,1854.0,3030316,1060265,1872.0
2023-05-16,1860.0,1867.0,1831.0,1850.0,2371063,1071027,1850.0
2023-05-17,1855.0,1871.0,1814.0,1819.0,2442921,1146757,1841.0
2023-05-18,1825.0,1843.0,1806.0,1815.0,2597913,1157457,1826.0
2023-05-19,1808.0,1808.0,1691.0,1743.0,5484705,1153634,1741.0
2023-05-22,1750.0,1754.0,1601.0,1601.0,4568215,1311473,1665.0
2023-05-23,1612.0,1645.0,1584.0,1622.0,4748027,1311785,1614.0
2023-05-24,1629.0,1637.0,1586.0,1617.0,3177343,1325663,1617.0
2023-05-25,1614.0,1618.0,1556.0,1570.0,2961985,1317045,1584.0
2023-05-26,1568.0,1634.0,1550.0,1610.0,3170918,1314678,1596.0
2023-05-29,1609.0,1712.0,1601.0,1691.0,3587993,1219253,1667.0
2023-05-30,1682.0,1699.0,1596.0,1603.0,3184308,1163037,1651.0
2023-05-31,1595.0,1626.0,1557.0,1617.0,2854208,1135793,1589.0
2023-06-01,1615.0,1660.0,1603.0,1649.0,2296374,1104553,1639.0
2023-06-02,1650.0,1749.0,1650.0,1711.0,2867638,1125026,1691.0
2023-06-05,1718.0,1731.0,1656.0,1680.0,2369622,1129130,1691.0
2023-06-06,1690.0,1702.0,1643.0,1655.0,1720050,1082651,1672.0
2023-06-07,1651.0,1672.0,1621.0,1634.0,1389294,1104068,1646.0
2023-06-08,1636.0,1671.0,1615.0,1626.0,1681379,1141775,1641.0
2023-06-09,1633.0,1665.0,1626.0,1656.0,1398726,1098366,1645.0
2023-06-12,1660.0,1675.0,1586.0,1589.0,1921566,1213395,1628.0
2023-06-13,1588.0,1682.0,1580.0,1680.0,2205139,1176862,1635.0
2023-06-14,1690.0,1727.0,1676.0,1688.0,1983886,1166696,1695.0
2023-06-15,1678.0,1703.0,1646.0,1682.0,1717050,1157976,1676.0
2023-06-16,1687.0,1727.0,1682.0,1697.0,1726493,1161185,1701.0
2023-06-19,1695.0,1730.0,1662.0,1691.0,2280464,1134062,1692.0
2023-06-20,1693.0,1728.0,1686.0,1717.0,1565060,1135980,1709.0
2023-06-21,1709.0,1717.0,1669.0,1671.0,1728420,1055568,1691.0
2023-06-26,1649.0,1686.0,1630.0,1675.0,924190,1070991,1668.0
2023-06-27,1681.0,1703.0,1663.0,1682.0,1013618,1069216,1681.0
2023-06-28,1676.0,1678.0,1613.0,1634.0,1722622,1221629,1641.0
2023-06-29,1634.0,1688.0,1634.0,1687.0,1512717,1142914,1666.0
2023-06-30,1687.0,1713.0,1677.0,1688.0,1470676,1111394,1693.0
2023-07-03,1686.0,1701.0,1675.0,1690.0,969616,1106262,1688.0
2023-07-04,1692.0,1710.0,1666.0,1703.0,1273623,1130495,1691.0
2023-07-05,1708.0,1716.0,1680.0,1686.0,1056897,1140364,1693.0
2023-07-06,1686.0,1705.0,1676.0,1688.0,991835,1148047,1689.0
2023-07-07,1690.0,1722.0,1682.0,1696.0,1397653,1139657,1700.0
2023-07-10,1700.0,1742.0,1690.0,1728.0,1466257,1204803,1718.0
2023-07-11,1732.0,1824.0,1725.0,1794.0,2328918,1153749,1784.0
2023-07-12,1792.0,1835.0,1788.0,1828.0,1593244,1061367,1810.0
2023-07-13,1840.0,1842.0,1803.0,1836.0,1380600,996907,1828.0
2023-07-14,1843.0,1857.0,1822.0,1854.0,1212666,963162,1844.0
2023-07-17,1855.0,1863.0,1804.0,1810.0,1466648,915646,1834.0
2023-07-18,1814.0,1846.0,1794.0,1845.0,1006649,918378,1820.0
2023-07-19,1848.0,1900.0,1832.0,1897.0,1288091,956960,1860.0
2023-07-20,1900.0,1986.0,1900.0,1975.0,2348623,925091,1950.0
2023-07-21,1981.0,2003.0,1960.0,1990.0,1923896,915651,1981.0
2023-07-24,1995.0,2034.0,1971.0,2010.0,1787647,937232,2002.0
2023-07-25,2018.0,2032.0,2002.0,2020.0,1196676,899094,2016.0
2023-07-26,2030.0,2196.0,2029.0,2142.0,2992905,874419,2123.0
2023-07-27,2150.0,2207.0,2132.0,2147.0,2280328,763628,2167.0
2023-07-28,2163.0,2170.0,2041.0,2086.0,2218243,660149,2102.0
2023-07-31,2080.0,2112.0,2054.0,2085.0,1335441,623546,2080.0
2023-08-01,2092.0,2128.0,2064.0,2127.0,1278907,572888,2092.0
2023-08-02,2131.0,2146.0,2095.0,2115.0,1101036,548680,2123.0
2023-08-03,2118.0,2118.0,2025.0,2036.0,1072626,492399,2071.0
2023-08-04,1593.0,1623.0,1562.0,1579.0,1751883,1138013,1596.0
2023-08-07,1579.0,1580.0,1516.0,1526.0,1771562,1269900,1536.0
2023-08-08,1526.0,1547.0,1508.0,1538.0,1434980,1278919,1531.0
2023-08-09,1534.0,1565.0,1529.0,1560.0,1393299,1276129,1546.0
2023-08-10,1558.0,1567.0,1534.0,1557.0,1283653,1265661,1553.0
2023-08-11,1560.0,1609.0,1556.0,1607.0,1847679,1242914,1583.0
2023-08-14,1613.0,1625.0,1558.0,1584.0,2133944,1268814,1595.0
2023-08-15,1586.0,1590.0,1544.0,1579.0,1716858,1316207,1567.0
2023-08-16,1575.0,1601.0,1567.0,1590.0,1718482,1300628,1588.0
2023-08-17,1597.0,1689.0,1595.0,1683.0,2815772,1182004,1640.0
2023-08-18,1700.0,1714.0,1663.0,1691.0,2382014,1130529,1686.0
2023-08-21,1702.0,1838.0,1671.0,1838.0,3064805,1005584,1773.0
2023-08-22,1830.0,1913.0,1814.0,1857.0,3370601,970591,1857.0
2023-08-23,1872.0,1884.0,1825.0,1841.0,2079303,947910,1852.0
2023-08-24,1847.0,2002.0,1842.0,1922.0,3288306,982240,1926.0
2023-08-25,1922.0,1990.0,1920.0,1980.0,2175684,994881,1961.0
2023-08-28,1992.0,2022.0,1868.0,1898.0,2822308,965547,1939.0
2023-08-29,1885.0,1888.0,1764.0,1764.0,2483431,962160,1806.0
2023-08-30,1764.0,1896.0,1764.0,1895.0,2425344,907693,1831.0
2023-08-31,1890.0,1919.0,1858.0,1885.0,2166912,890316,1889.0
2023-09-01,1895.0,2074.0,1885.0,2053.0,2961644,837047,1988.0
2023-09-04,2041.0,2061.0,1875.0,1903.0,3044480,805230,1970.0
2023-09-05,1903.0,1986.0,1888.0,1955.0,1986203,808999,1932.0
2023-09-06,1935.0,1955.0,1882.0,1912.0,1504955,853563,1919.0
2023-09-07,1915.0,1925.0,1831.0,1868.0,1526395,881714,1870.0
2023-09-08,1862.0,1894.0,1786.0,1793.0,1700441,922556,1837.0
2023-09-11,1800.0,1855.0,1774.0,1837.0,1315651,951055,1821.0
2023-09-12,1836.0,1862.0,1795.0,1815.0,1069165,978984,1829.0
2023-09-13,1811.0,1816.0,1753.0,1791.0,1495768,989085,1783.0
2023-09-14,1790.0,1824.0,1786.0,1813.0,1131959,997985,1805.0
2023-09-15,1825.0,1854.0,1795.0,1841.0,1077398,946553,1826.0
2023-09-18,1841.0,1876.0,1811.0,1873.0,1031628,935897,1844.0
2023-09-19,1873.0,1930.0,1852.0,1903.0,1088931,894800,1894.0
2023-09-20,1906.0,1943.0,1878.0,1894.0,966273,881374,1907.0
2023-09-21,1892.0,1894.0,1744.0,1824.0,1240036,857476,1831.0
2023-09-22,1824.0,1868.0,1824.0,1853.0,725762,859964,1846.0
2023-09-25,1860.0,1884.0,1788.0,1801.0,960471,835723,1834.0
2023-09-26,1805.0,1828.0,1791.0,1801.0,619130,835040,1807.0
2023-09-27,1806.0,1824.0,1774.0,1784.0,677471,842274,1800.0
2023-09-28,1790.0,1805.0,1737.0,1740.0,843360,820169,1771.0
2023-10-09,1720.0,1764.0,1720.0,1748.0,430399,852497,1745.0
2023-10-10,1750.0,1750.0,1666.0,1703.0,934579,885091,1700.0
2023-10-11,1697.0,1718.0,1681.0,1694.0,583391,911439,1697.0
2023-10-12,1696.0,1725.0,1688.0,1724.0,580982,916394,1705.0
2023-10-13,1734.0,1738.0,1695.0,1724.0,575092,923712,1713.0
2023-10-16,1728.0,1746.0,1703.0,1742.0,682684,940765,1729.0
2023-10-17,1742.0,1744.0,1699.0,1710.0,714990,963496,1718.0
2023-10-18,1709.0,1726.0,1692.0,1703.0,603659,979401,1712.0
2023-10-19,1709.0,1748.0,1696.0,1732.0,684091,969042,1723.0
2023-10-20,1727.0,1733.0,1703.0,1709.0,544066,958448,1719.0
2023-10-23,1712.0,1722.0,1658.0,1690.0,834287,935196,1682.0
2023-10-24,1689.0,1707.0,1674.0,1690.0,486423,943570,1690.0
2023-10-25,1692.0,1719.0,1681.0,1692.0,492773,948390,1699.0
2023-10-26,1699.0,1699.0,1652.0,1665.0,668743,1002368,1670.0
2023-10-27,1663.0,1695.0,1658.0,1688.0,519621,959243,1676.0
2023-10-30,1691.0,1770.0,1681.0,1749.0,1035008,936580,1731.0
2023-10-31,1745.0,1750.0,1709.0,1729.0,597768,966805,1728.0
2023-11-01,1728.0,1744.0,1711.0,1730.0,562605,951872,1726.0
2023-11-02,1734.0,1745.0,1725.0,1738.0,397128,936006,1734.0
2023-11-03,1740.0,1797.0,1734.0,1787.0,858972,928238,1772.0
2023-11-06,1791.0,1858.0,1788.0,1856.0,1220700,865339,1826.0
2023-11-07,1854.0,1936.0,1838.0,1881.0,1267566,802995,1882.0
2023-11-08,1871.0,1923.0,1866.0,1914.0,1066326,770615,1901.0
2023-11-09,1903.0,1986.0,1887.0,1978.0,1316975,783856,1932.0
2023-11-10,2012.0,2126.0,1994.0,2126.0,2204030,785784,2084.0
2023-11-13,2142.0,2228.0,2047.0,2058.0,2483667,643396,2136.0
2023-11-14,2069.0,2082.0,2008.0,2032.0,1740767,628728,2046.0
2023-11-15,2037.0,2093.0,2031.0,2056.0,1160991,624211,2060.0
2023-11-16,2046.0,2060.0,2010.0,2054.0,913719,613410,2033.0
2023-11-17,2056.0,2155.0,2052.0,2110.0,2040534,602598,2106.0
2023-11-20,2129.0,2244.0,2107.0,2236.0,1734365,714962,2172.0
2023-11-21,2245.0,2260.0,2167.0,2206.0,1483228,681105,2223.0
2023-11-22,2215.0,2348.0,2210.0,2341.0,2153875,758562,2281.0
2023-11-23,2341.0,2368.0,2292.0,2353.0,1657672,762528,2332.0
2023-11-24,2340.0,2353.0,2245.0,2323.0,1640410,722081,2294.0
2023-11-27,2340.0,2509.0,2328.0,2484.0,1674269,707522,2419.0
2023-11-28,2474.0,2488.0,2280.0,2309.0,1658455,572897,2394.0
2023-11-29,2345.0,2430.0,2322.0,2385.0,1324447,612200,2376.0
2023-11-30,2380.0,2458.0,2359.0,2442.0,1056505,619093,2404.0
2023-12-01,2434.0,2554.0,2388.0,2554.0,1141596,575686,2460.0
2023-12-04,2540.0,2666.0,2523.0,2637.0,1223800,518437,2603.0
2023-12-05,2135.0,2179.0,2076.0,2125.0,1012011,385457,2135.0
2023-12-06,2117.0,2124.0,2026.0,2084.0,1027441,405042,2071.0
2023-12-07,2080.0,2279.0,2043.0,2279.0,1841758,442223,2209.0
2023-12-08,2305.0,2413.0,2278.0,2332.0,2030628,488067,2353.0
2023-12-11,2311.0,2345.0,2222.0,2296.0,1562907,499626,2280.0
2023-12-12,2280.0,2323.0,2265.0,2295.0,926493,514392,2294.0
2023-12-13,2296.0,2318.0,2117.0,2214.0,1266120,473263,2235.0
2023-12-14,2221.0,2225.0,2140.0,2184.0,880455,476507,2185.0
2023-12-15,2200.0,2286.0,2193.0,2207.0,1226981,475940,2244.0
2023-12-18,2190.0,2200.0,2132.0,2177.0,920771,468457,2169.0
2023-12-19,2180.0,2232.0,2111.0,2121.0,991055,490505,2173.0
2023-12-20,2130.0,2173.0,2114.0,2124.0,619600,481473,2143.0
2023-12-21,2120.0,2170.0,2056.0,2168.0,1064027,467199,2104.0
2023-12-22,2155.0,2247.0,2138.0,2180.0,1009545,466959,2183.0
2023-12-25,2163.0,2175.0,2088.0,2110.0,666007,457604,2129.0
2023-12-26,2130.0,2155.0,2101.0,2101.0,645291,461253,2128.0
2023-12-27,2094.0,2109.0,2065.0,2079.0,646600,477115,2088.0
2023-12-28,2080.0,2080.0,2022.0,2055.0,669276,468557,2049.0
2023-12-29,2054.0,2078.0,2032.0,2044.0,471344,449616,2056.0
2024-01-02,2010.0,2047.0,2000.0,2018.0,317386,475648,2024.0
2024-01-03,2010.0,2092.0,1985.0,2074.0,762258,481576,2042.0
2024-01-04,2072.0,2095.0,1986.0,1992.0,742421,501091,2039.0
2024-01-05,1988.0,1997.0,1934.0,1940.0,633095,491667,1963.0
2024-01-08,1950.0,1962.0,1913.0,1948.0,553631,479660,1940.0
2024-01-09,1953.0,1975.0,1922.0,1927.0,537499,484141,1948.0
2024-01-10,1910.0,1919.0,1843.0,1848.0,709961,505088,1878.0
2024-01-11,1840.0,1872.0,1823.0,1862.0,511383,512361,1848.0
2024-01-12,1869.0,1869.0,1813.0,1827.0,479998,521147,1839.0
2024-01-15,1832.0,1855.0,1808.0,1838.0,423384,523806,1834.0
2024-01-16,1840.0,1930.0,1839.0,1912.0,927947,467614,1890.0
2024-01-17,1926.0,1958.0,1879.0,1893.0,823329,490278,1919.0
2024-01-18,1875.0,1918.0,1846.0,1905.0,709740,483595,1875.0
2024-01-19,1910.0,1913.0,1878.0,1907.0,523636,495137,1895.0
2024-01-22,1910.0,2085.0,1902.0,2085.0,1412474,457907,2013.0
2024-01-23,2100.0,2166.0,2053.0,2133.0,1205415,436251,2111.0
2024-01-24,2142.0,2160.0,2065.0,2114.0,1092516,467029,2108.0
2024-01-25,2125.0,2129.0,2065.0,2069.0,793402,484409,2094.0
2024-01-26,2064.0,2064.0,1990.0,1993.0,952486,473887,2028.0
2024-01-29,1988.0,2024.0,1974.0,2018.0,747372,504710,1999.0
2024-01-30,2010.0,2038.0,1921.0,1933.0,933627,474801,1992.0
2024-01-31,1936.0,1952.0,1912.0,1942.0,541028,471306,1936.0
2024-02-01,1935.0,1961.0,1897.0,1913.0,579271,478406,1930.0
2024-02-02,1912.0,2002.0,1904.0,1966.0,683966,464938,1939.0
2024-02-05,1965.0,1974.0,1925.0,1941.0,546536,466369,1950.0
2024-02-06,1935.0,1958.0,1920.0,1940.0,407925,460886,1938.0
2024-02-07,1935.0,1960.0,1921.0,1946.0,347418,436420,1941.0
2024-02-08,1954.0,1991.0,1935.0,1948.0,449792,391157,1965.0
2024-02-19,1890.0,1890.0,1815.0,1841.0,359619,430168,1855.0
2024-02-20,1828.0,1864.0,1805.0,1846.0,566186,464141,1836.0
2024-02-21,1850.0,1884.0,1826.0,1839.0,524174,474379,1851.0
2024-02-22,1838.0,1868.0,1835.0,1852.0,360982,480794,1852.0
2024-02-23,1850.0,1871.0,1832.0,1845.0,358953,506959,1850.0
2024-02-26,1835.0,1845.0,1776.0,1776.0,549701,546588,1803.0
2024-02-27,1766.0,1798.0,1764.0,1789.0,409989,580391,1780.0
2024-02-28,1796.0,1803.0,1753.0,1759.0,493610,603080,1776.0
2024-02-29,1758.0,1809.0,1751.0,1780.0,548684,586326,1776.0
2024-03-01,1774.0,1804.0,1773.0,1796.0,392662,588798,1790.0
2024-03-04,1796.0,1833.0,1761.0,1832.0,723087,576994,1797.0
2024-03-05,1833.0,1950.0,1825.0,1885.0,1247209,556377,1885.0
2024-03-06,1887.0,1904.0,1845.0,1896.0,816624,551717,1880.0
2024-03-07,1920.0,1969.0,1907.0,1934.0,983270,524076,1937.0
2024-03-08,1954.0,1956.0,1910.0,1940.0,629893,520769,1934.0
2024-03-11,1940.0,1945.0,1863.0,1888.0,731501,516627,1899.0
2024-03-12,1878.0,1907.0,1855.0,1865.0,605935,535642,1879.0
2024-03-13,1872.0,1900.0,1865.0,1879.0,469623,526787,1881.0
2024-03-14,1869.0,1887.0,1806.0,1812.0,699275,498303,1839.0
2024-03-15,1818.0,1842.0,1803.0,1809.0,436867,505847,1821.0
2024-03-18,1808.0,1826.0,1767.0,1824.0,605249,479566,1798.0
2024-03-19,1824.0,1882.0,1808.0,1868.0,564421,458005,1846.0
2024-03-20,1880.0,1887.0,1808.0,1808.0,470426,463977,1846.0
2024-03-21,1806.0,1873.0,1801.0,1859.0,482697,450628,1836.0
2024-03-22,1855.0,1856.0,1822.0,1832.0,425771,433056,1839.0
2024-03-25,1825.0,1845.0,1765.0,1775.0,756377,565991,1801.0
2024-03-26,1777.0,1802.0,1762.0,1779.0,639214,596431,1783.0
2024-03-27,1781.0,1803.0,1730.0,1736.0,838121,649142,1764.0
2024-03-28,1729.0,1768.0,1727.0,1744.0,649560,656796,1746.0
2024-03-29,1750.0,1790.0,1737.0,1789.0,808443,659474,1760.0
2024-04-01,1781.0,1805.0,1740.0,1783.0,1086394,645848,1774.0
2024-04-02,1788.0,1803.0,1770.0,1803.0,712374,650401,1785.0
2024-04-03,1805.0,1863.0,1798.0,1826.0,1151779,625775,1833.0
2024-04-08,1840.0,1893.0,1812.0,1890.0,775186,659675,1850.0
2024-04-09,1895.0,1924.0,1865.0,1919.0,1082986,677187,1893.0
2024-04-10,1928.0,1964.0,1903.0,1945.0,1172494,707368,1933.0
2024-04-11,1945.0,1956.0,1901.0,1906.0,1050553,722580,1930.0
2024-04-12,1899.0,1934.0,1877.0,1915.0,1178995,733202,1906.0
2024-04-15,1921.0,1945.0,1906.0,1932.0,1016575,740072,1925.0
2024-04-16,1928.0,1933.0,1893.0,1899.0,829496,729307,1908.0
2024-04-17,1892.0,1934.0,1868.0,1933.0,1031350,740195,1896.0
2024-04-18,1935.0,2084.0,1935.0,2070.0,2712143,763384,2028.0
2024-04-19,2075.0,2164.0,2055.0,2101.0,2467898,748266,2102.0
2024-04-22,2100.0,2186.0,2085.0,2150.0,2159780,794376,2142.0
2024-04-23,2155.0,2156.0,2084.0,2111.0,1630403,778700,2121.0
2024-04-24,2105.0,2188.0,2100.0,2148.0,1784933,814852,2152.0
2024-04-25,2155.0,2279.0,2150.0,2271.0,2584726,879713,2230.0
2024-04-26,2280.0,2320.0,2230.0,2292.0,2345447,883514,2276.0
2024-04-29,2299.0,2311.0,2233.0,2247.0,1554936,831186,2264.0
2024-04-30,2238.0,2246.0,2161.0,2176.0,1545454,727270,2203.0
2024-05-06,2146.0,2262.0,2141.0,2262.0,1068999,778826,2214.0
2024-05-07,2268.0,2300.0,2206.0,2227.0,1657945,796069,2254.0
2024-05-08,2215.0,2236.0,2172.0,2187.0,1595836,794282,2204.0
2024-05-09,2192.0,2229.0,2176.0,2212.0,1422332,796751,2204.0
2024-05-10,2228.0,2252.0,2156.0,2172.0,1556182,760420,2207.0
2024-05-13,2166.0,2218.0,2152.0,2216.0,1221205,768339,2186.0
2024-05-14,2215.0,2216.0,2125.0,2131.0,1489246,745871,2174.0
2024-05-15,2125.0,2144.0,2091.0,2134.0,1238364,733322,2120.0
2024-05-16,2131.0,2169.0,2110.0,2160.0,1112099,736967,2136.0
2024-05-17,2172.0,2304.0,2157.0,2301.0,2118357,811651,2236.0
2024-05-20,2308.0,2392.0,2286.0,2382.0,1863570,804518,2342.0
2024-05-21,2366.0,2396.0,2314.0,2363.0,1478919,782308,2359.0
2024-05-22,2374.0,2444.0,2362.0,2425.0,2060864,797639,2412.0
2024-05-23,2407.0,2423.0,2338.0,2376.0,1758995,776698,2383.0
2024-05-24,2401.0,2435.0,2375.0,2402.0,1717716,780534,2408.0
2024-05-27,2413.0,2471.0,2393.0,2442.0,1597559,817875,2427.0
2024-05-28,2431.0,2438.0,2355.0,2361.0,1337516,794991,2403.0
2024-05-29,2366.0,2434.0,2331.0,2433.0,1364011,781715,2374.0
2024-05-30,2445.0,2450.0,2333.0,2344.0,1386621,755973,2393.0
2024-05-31,2332.0,2369.0,2293.0,2305.0,1230071,745948,2330.0
2024-06-03,2314.0,2328.0,2195.0,2200.0,1629361,703655,2259.0
2024-06-04,2209.0,2246.0,2186.0,2233.0,1222005,714348,2219.0
2024-06-05,2218.0,2236.0,2175.0,2195.0,1409546,706458,2206.0
2024-06-06,2209.0,2233.0,2183.0,2232.0,1271148,713472,2210.0
2024-06-07,2238.0,2314.0,2200.0,2223.0,1843126,654285,2252.0
2024-06-11,2218.0,2242.0,2151.0,2170.0,944553,671337,2189.0
2024-06-12,2167.0,2193.0,2151.0,2175.0,1023173,685392,2172.0
2024-06-13,2194.0,2200.0,2118.0,2147.0,1181132,708742,2150.0
2024-06-14,2150.0,2175.0,2113.0,2156.0,1296352,702851,2150.0
2024-06-17,2162.0,2178.0,2105.0,2120.0,1495274,723664,2137.0
2024-06-18,2110.0,2144.0,2072.0,2076.0,1396561,727788,2114.0
2024-06-19,2071.0,2089.0,2056.0,2075.0,964882,726317,2072.0
2024-06-20,2080.0,2126.0,2065.0,2120.0,1146266,726700,2094.0
2024-06-21,2122.0,2174.0,2103.0,2109.0,1547939,695356,2137.0
2024-06-24,2103.0,2117.0,2019.0,2023.0,1327400,720153,2073.0
2024-06-25,2023.0,2035.0,2006.0,2028.0,889615,725611,2023.0
2024-06-26,2028.0,2071.0,2017.0,2069.0,1009635,713458,2041.0
2024-06-27,2067.0,2070.0,2014.0,2022.0,997186,727461,2044.0
2024-06-28,2027.0,2095.0,2019.0,2093.0,1165015,710388,2053.0
2024-07-01,2098.0,2157.0,2082.0,2126.0,1755318,713100,2115.0
2024-07-02,2120.0,2189.0,2119.0,2188.0,1368839,750536,2154.0
2024-07-03,2197.0,2225.0,2165.0,2224.0,1304875,766857,2192.0
2024-07-04,2217.0,2233.0,2184.0,2202.0,1323665,774191,2209.0
2024-07-05,2202.0,2213.0,2112.0,2119.0,1515756,731697,2159.0
2024-07-08,2121.0,2127.0,2033.0,2040.0,1730686,748655,2085.0
2024-07-09,2040.0,2065.0,2020.0,2049.0,1270969,784740,2042.0
2024-07-10,2055.0,2055.0,1946.0,1952.0,1701179,793647,2003.0
2024-07-11,1958.0,1973.0,1926.0,1952.0,1311971,789685,1954.0
2024-07-12,1957.0,1982.0,1933.0,1967.0,1309703,799063,1959.0
2024-07-15,1966.0,2002.0,1916.0,1962.0,2024844,801477,1964.0
2024-07-16,1950.0,1957.0,1922.0,1941.0,1230153,814328,1941.0
2024-07-17,1933.0,1967.0,1896.0,1929.0,1652259,822908,1934.0
2024-07-18,1935.0,1961.0,1908.0,1958.0,1287027,809420,1933.0
2024-07-19,1948.0,1974.0,1928.0,1938.0,1366671,780625,1947.0
2024-07-22,1930.0,1952.0,1891.0,1894.0,1547761,823947,1919.0
2024-07-23,1888.0,1897.0,1853.0,1854.0,1083930,824123,1878.0
2024-07-24,1861.0,1875.0,1843.0,1868.0,854218,799728,1862.0
2024-07-25,1874.0,1881.0,1846.0,1859.0,993108,784385,1864.0
2024-07-26,1858.0,1890.0,1833.0,1834.0,1124830,807684,1869.0
2024-07-29,1828.0,1836.0,1756.0,1772.0,1330050,809283,1794.0
2024-07-30,1775.0,1779.0,1738.0,1740.0,892644,777513,1763.0
2024-07-31,1740.0,1786.0,1711.0,1769.0,1665041,750431,1756.0
2024-08-01,1778.0,1804.0,1732.0,1749.0,1590400,749770,1770.0
2024-08-02,1747.0,1815.0,1736.0,1813.0,1425866,683889,1769.0
2024-08-05,1806.0,1823.0,1762.0,1790.0,1406439,648810,1797.0
2024-08-06,1779.0,1809.0,1741.0,1743.0,1273505,636284,1777.0
2024-08-07,1735.0,1754.0,1713.0,1717.0,1096023,650026,1733.0
2024-08-08,1722.0,1736.0,1693.0,1707.0,1067171,624840,1715.0
2024-08-09,1711.0,1762.0,1706.0,1709.0,1072488,581101,1730.0
2024-08-12,1711.0,1720.0,1662.0,1683.0,931753,540439,1689.0
2024-08-13,1690.0,1690.0,1653.0,1658.0,721178,499203,1666.0
2024-08-14,1656.0,1658.0,1550.0,1575.0,1153807,406028,1595.0
2024-08-15,1588.0,1601.0,1556.0,1585.0,1286384,813487,1578.0
2024-08-16,1588.0,1634.0,1578.0,1582.0,1647058,827200,1603.0
2024-08-19,1578.0,1613.0,1558.0,1596.0,1614854,843615,1586.0
2024-08-20,1597.0,1624.0,1579.0,1616.0,1316621,870215,1596.0
2024-08-21,1623.0,1646.0,1608.0,1645.0,1486101,890397,1624.0
2024-08-22,1640.0,1647.0,1558.0,1565.0,1882677,1013549,1605.0
2024-08-23,1558.0,1575.0,1537.0,1546.0,1591218,973620,1557.0
2024-08-26,1550.0,1583.0,1529.0,1579.0,1764872,989414,1554.0
2024-08-27,1581.0,1622.0,1564.0,1614.0,2096474,988166,1592.0
2024-08-28,1618.0,1630.0,1558.0,1568.0,2074127,1101464,1593.0
2024-08-29,1560.0,1609.0,1551.0,1596.0,1990856,1079035,1580.0
2024-08-30,1599.0,1622.0,1575.0,1596.0,2074122,1119737,1597.0
2024-09-02,1590.0,1593.0,1498.0,1503.0,2220455,1254098,1543.0
2024-09-03,1503.0,1513.0,1479.0,1499.0,1576756,1241770,1498.0
2024-09-04,1495.0,1520.0,1475.0,1485.0,1694086,1213922,1497.0
2024-09-05,1492.0,1500.0,1428.0,1432.0,1808271,1240091,1461.0
2024-09-06,1458.0,1459.0,1413.0,1430.0,1746831,1214547,1436.0
2024-09-09,1433.0,1434.0,1368.0,1391.0,2079515,1243429,1396.0
2024-09-10,1398.0,1408.0,1357.0,1360.0,1799855,1295498,1384.0
2024-09-11,1359.0,1413.0,1338.0,1409.0,2327761,1240983,1372.0
2024-09-12,1410.0,1412.0,1355.0,1387.0,2634895,1321993,1384.0
2024-09-13,1390.0,1401.0,1346.0,1351.0,1997796,1313892,1379.0
2024-09-18,1345.0,1377.0,1317.0,1358.0,1828013,1335852,1343.0
2024-09-19,1360.0,1395.0,1332.0,1378.0,2413228,1361276,1366.0
2024-09-20,1374.0,1384.0,1334.0,1341.0,1747826,1407431,1357.0
2024-09-23,1339.0,1380.0,1329.0,1361.0,2085116,1362027,1355.0
2024-09-24,1358.0,1447.0,1355.0,1442.0,2862860,1305130,1395.0
2024-09-25,1455.0,1535.0,1442.0,1474.0,4081179,1265775,1472.0
2024-09-26,1468.0,1530.0,1461.0,1515.0,3775488,1241455,1496.0
2024-09-27,1545.0,1599.0,1527.0,1579.0,4232488,1122372,1564.0
2024-09-30,1573.0,1721.0,1563.0,1699.0,3990205,1056377,1652.0
2024-10-08,1750.0,1754.0,1490.0,1495.0,3698644,1258547,1601.0
2024-10-09,1503.0,1543.0,1480.0,1495.0,3112800,1310238,1506.0
2024-10-10,1485.0,1531.0,1453.0,1472.0,3371497,1275033,1490.0
2024-10-11,1473.0,1518.0,1472.0,1517.0,2426731,1302487,1495.0
2024-10-14,1519.0,1592.0,1496.0,1530.0,4757809,1357326,1539.0
2024-10-15,1514.0,1607.0,1507.0,1573.0,4455535,1299941,1558.0
2024-10-16,1582.0,1606.0,1527.0,1548.0,3361901,1296048,1569.0
2024-10-17,1555.0,1564.0,1421.0,1436.0,4090464,1288956,1498.0
2024-10-18,1442.0,1474.0,1414.0,1450.0,2501503,1268920,1441.0
2024-10-21,1444.0,1483.0,1419.0,1481.0,2286988,1262480,1446.0
2024-10-22,1480.0,1531.0,1465.0,1521.0,3588186,1240900,1503.0
2024-10-23,1521.0,1545.0,1494.0,1512.0,1913681,1245906,1521.0
2024-10-24,1508.0,1565.0,1501.0,1558.0,1965587,1227958,1531.0
2024-10-25,1563.0,1568.0,1516.0,1518.0,1782983,1265588,1536.0
2024-10-28,1500.0,1584.0,1475.0,1560.0,2512940,1242357,1536.0
2024-10-29,1555.0,1585.0,1503.0,1517.0,2033466,1244291,1550.0
2024-10-30,1540.0,1573.0,1517.0,1560.0,2329936,1242014,1543.0
2024-10-31,1570.0,1588.0,1546.0,1575.0,2003181,1240117,1570.0
2024-11-01,1568.0,1573.0,1523.0,1539.0,1681383,1258657,1544.0
2024-11-04,1542.0,1556.0,1481.0,1525.0,1720648,1243888,1515.0
2024-11-05,1529.0,1546.0,1504.0,1543.0,1285717,1219157,1526.0
2024-11-06,1550.0,1570.0,1492.0,1517.0,1637105,1238399,1534.0
2024-11-07,1505.0,1552.0,1505.0,1546.0,1145241,1217663,1530.0
2024-11-08,1547.0,1578.0,1510.0,1514.0,1639852,1214986,1543.0
2024-11-11,1500.0,1531.0,1455.0,1485.0,1589862,1247032,1486.0
2024-11-12,1480.0,1513.0,1457.0,1497.0,1198076,1204818,1482.0
2024-11-13,1505.0,1538.0,1493.0,1524.0,1199181,1167590,1515.0
2024-11-14,1530.0,1538.0,1499.0,1500.0,956530,1146411,1519.0
2024-11-15,1508.0,1527.0,1467.0,1470.0,1285754,1155038,1498.0
2024-11-18,1469.0,1496.0,1452.0,1483.0,909670,1137654,1476.0
2024-11-19,1481.0,1486.0,1446.0,1480.0,955565,1149193,1469.0
2024-11-20,1475.0,1479.0,1454.0,1465.0,704507,1178904,1466.0
2024-11-21,1466.0,1513.0,1461.0,1508.0,1098542,1126390,1491.0
2024-11-22,1508.0,1508.0,1466.0,1481.0,829804,1068913,1488.0
2024-11-25,1478.0,1529.0,1478.0,1502.0,1156561,1078754,1507.0
2024-11-26,1502.0,1512.0,1485.0,1502.0,643900,1055968,1498.0
2024-11-27,1503.0,1510.0,1478.0,1505.0,819863,1047708,1495.0
2024-11-28,1500.0,1504.0,1473.0,1487.0,727409,1061477,1486.0
2024-11-29,1486.0,1499.0,1465.0,1478.0,915498,1017692,1484.0
2024-12-02,1481.0,1494.0,1460.0,1482.0,917072,1006815,1477.0
2024-12-03,1485.0,1488.0,1463.0,1472.0,595287,983812,1476.0
2024-12-04,1467.0,1473.0,1415.0,1423.0,1159405,1046747,1445.0
2024-12-05,1421.0,1429.0,1393.0,1418.0,716275,976369,1418.0
2024-12-06,1418.0,1441.0,1412.0,1428.0,499442,904583,1429.0
2024-12-09,1426.0,1432.0,1409.0,1420.0,402131,867044,1420.0
2024-12-10,1449.0,1475.0,1422.0,1433.0,904156,728728,1453.0
2024-12-11,1430.0,1446.0,1429.0,1440.0,286025,682474,1438.0
2024-12-12,1520.0,1530.0,1507.0,1524.0,437563,731621,1520.0
2024-12-13,1510.0,1515.0,1487.0,1492.0,691788,838514,1503.0
2024-12-16,1491.0,1494.0,1446.0,1463.0,795111,927942,1467.0
2024-12-17,1464.0,1476.0,1456.0,1462.0,583988,944317,1466.0
2024-12-18,1460.0,1465.0,1422.0,1434.0,779148,998051,1445.0
2024-12-19,1436.0,1470.0,1429.0,1462.0,857062,942836,1449.0
2024-12-20,1463.0,1475.0,1454.0,1462.0,674200,922896,1465.0
2024-12-23,1455.0,1465.0,1445.0,1452.0,649483,955044,1454.0
2024-12-24,1449.0,1491.0,1440.0,1486.0,805890,939789,1464.0
2024-12-25,1486.0,1492.0,1460.0,1467.0,742065,984719,1474.0
2024-12-26,1462.0,1482.0,1456.0,1465.0,672170,964128,1468.0
2024-12-27,1465.0,1468.0,1448.0,1451.0,636797,972025,1459.0
2024-12-30,1450.0,1455.0,1436.0,1443.0,725516,1031634,1447.0
2024-12-31,1443.0,1446.0,1417.0,1433.0,866528,1015592,1434.0
2025-01-02,1438.0,1456.0,1433.0,1444.0,525230,1001732,1446.0
2025-01-03,1442.0,1445.0,1407.0,1416.0,918806,1078910,1424.0
2025-01-06,1415.0,1432.0,1394.0,1416.0,939487,1085899,1413.0
2025-01-07,1421.0,1425.0,1400.0,1404.0,651808,1117091,1412.0
2025-01-08,1400.0,1410.0,1383.0,1386.0,728258,1127148,1399.0
2025-01-09,1385.0,1414.0,1379.0,1408.0,715648,1091398,1396.0
2025-01-10,1405.0,1409.0,1387.0,1404.0,634284,1080933,1398.0
2025-01-13,1409.0,1435.0,1404.0,1427.0,970420,1084751,1421.0
2025-01-14,1428.0,1464.0,1417.0,1461.0,946157,1062115,1443.0
2025-01-15,1462.0,1463.0,1438.0,1452.0,654545,1054324,1450.0
2025-01-16,1450.0,1482.0,1442.0,1479.0,1022278,1032123,1461.0
2025-01-17,1480.0,1536.0,1467.0,1511.0,1465964,999198,1501.0
2025-01-20,1509.0,1525.0,1472.0,1489.0,1040911,994822,1496.0
2025-01-21,1490.0,1506.0,1480.0,1486.0,691847,991611,1493.0
2025-01-22,1483.0,1491.0,1458.0,1484.0,850528,971258,1473.0
2025-01-23,1480.0,1510.0,1480.0,1491.0,872260,948872,1494.0
2025-01-24,1490.0,1518.0,1481.0,1508.0,792252,901103,1500.0
2025-01-27,1510.0,1510.0,1481.0,1481.0,543339,836780,1494.0
2025-02-05,1465.0,1488.0,1432.0,1448.0,701968,877727,1456.0
2025-02-06,1444.0,1452.0,1420.0,1433.0,694242,977417,1435.0
2025-02-07,1428.0,1466.0,1424.0,1454.0,865663,972164,1446.0
2025-02-10,1455.0,1463.0,1441.0,1463.0,676975,997378,1451.0
2025-02-11,1465.0,1481.0,1443.0,1455.0,885288,990706,1462.0
2025-02-12,1453.0,1475.0,1437.0,1470.0,722411,1001975,1456.0
2025-02-13,1470.0,1477.0,1425.0,1425.0,1040065,1042580,1453.0
2025-02-14,1424.0,1471.0,1424.0,1458.0,990185,1000069,1452.0
2025-02-17,1461.0,1521.0,1452.0,1514.0,1780016,1096463,1487.0
2025-02-18,1512.0,1520.0,1498.0,1505.0,1075744,1127278,1509.0
2025-02-19,1503.0,1512.0,1482.0,1504.0,1095088,1131502,1498.0
2025-02-20,1502.0,1542.0,1502.0,1532.0,1395936,1171358,1525.0
2025-02-21,1535.0,1539.0,1508.0,1515.0,1069702,1156732,1524.0
2025-02-24,1515.0,1530.0,1494.0,1523.0,928074,1155312,1515.0
2025-02-25,1522.0,1532.0,1490.0,1497.0,1218425,1149412,1511.0
2025-02-26,1496.0,1520.0,1495.0,1507.0,1344706,1150243,1509.0
2025-02-27,1512.0,1561.0,1501.0,1556.0,1564016,1251562,1528.0
2025-02-28,1567.0,1577.0,1551.0,1569.0,1585308,1238594,1564.0
2025-03-03,1570.0,1585.0,1536.0,1548.0,1552537,1171320,1556.0
2025-03-04,1545.0,1554.0,1514.0,1522.0,1166957,1151593,1531.0
2025-03-05,1519.0,1525.0,1460.0,1466.0,1661884,1165406,1490.0
2025-03-06,1464.0,1472.0,1448.0,1469.0,1165599,1152414,1460.0
2025-03-07,1466.0,1474.0,1432.0,1438.0,1189679,1192966,1454.0
2025-03-10,1437.0,1452.0,1416.0,1434.0,1026061,1179235,1436.0
2025-03-11,1437.0,1449.0,1427.0,1431.0,776351,1169748,1437.0
2025-03-12,1434.0,1444.0,1414.0,1432.0,890329,1171923,1429.0
2025-03-13,1435.0,1444.0,1414.0,1441.0,1003071,1169082,1430.0
2025-03-14,1440.0,1456.0,1427.0,1447.0,889449,1152290,1441.0
2025-03-17,1450.0,1458.0,1423.0,1430.0,1046732,1203694,1437.0
2025-03-18,1427.0,1440.0,1416.0,1417.0,801812,1200970,1428.0
2025-03-19,1421.0,1423.0,1401.0,1419.0,814876,1175669,1414.0
2025-03-20,1424.0,1433.0,1412.0,1431.0,706026,1132451,1422.0
2025-03-21,1432.0,1433.0,1395.0,1410.0,985748,1150948,1412.0
2025-03-24,1412.0,1453.0,1403.0,1449.0,1206450,1068015,1432.0
2025-03-25,1449.0,1452.0,1424.0,1439.0,775158,1068698,1437.0
2025-03-26,1439.0,1455.0,1425.0,1427.0,778039,1055757,1442.0
2025-03-27,1425.0,1432.0,1414.0,1418.0,721895,1083975,1423.0
2025-03-28,1416.0,1422.0,1385.0,1393.0,964032,1167064,1404.0
2025-03-31,1391.0,1397.0,1369.0,1373.0,870802,1154525,1386.0
2025-04-01,1375.0,1402.0,1371.0,1388.0,820933,1092805,1387.0
2025-04-02,1388.0,1394.0,1374.0,1394.0,652337,1063525,1385.0
2025-04-03,1394.0,1402.0,1377.0,1381.0,712153,1008012,1389.0
2025-04-07,1345.0,1376.0,1327.0,1358.0,812746,894631,1359.0
2025-04-08,1362.0,1376.0,1316.0,1324.0,921994,859887,1347.0
2025-04-09,1323.0,1328.0,1266.0,1313.0,1275893,713913,1303.0
2025-04-10,1307.0,1347.0,1305.0,1320.0,771257,666579,1322.0
2025-04-11,1316.0,1334.0,1311.0,1327.0,469147,624107,1324.0
2025-04-14,1375.0,1384.0,1366.0,1377.0,337368,725445,1375.0
2025-04-15,1378.0,1378.0,1353.0,1368.0,469394,802901,1363.0
2025-04-16,1366.0,1370.0,1351.0,1352.0,505799,874381,1359.0
2025-04-17,1356.0,1368.0,1338.0,1358.0,729354,933790,1355.0
2025-04-18,1356.0,1358.0,1315.0,1324.0,964927,1014270,1335.0
2025-04-21,1321.0,1348.0,1318.0,1340.0,704798,998078,1334.0
2025-04-22,1340.0,1343.0,1310.0,1315.0,739691,1068990,1328.0
2025-04-23,1315.0,1375.0,1313.0,1373.0,1487440,994888,1352.0
2025-04-24,1374.0,1383.0,1357.0,1380.0,1033879,1002086,1369.0
2025-04-25,1376.0,1380.0,1357.0,1365.0,1006693,1014636,1369.0
2025-04-28,1355.0,1392.0,1355.0,1364.0,1105152,1036776,1373.0
2025-04-29,1368.0,1379.0,1361.0,1376.0,1030768,1018097,1371.0
2025-04-30,1375.0,1377.0,1335.0,1352.0,1428906,933764,1356.0
2025-05-06,1346.0,1364.0,1320.0,1330.0,705958,1030266,1335.0
2025-05-07,1330.0,1354.0,1316.0,1323.0,1210354,1168356,1335.0
2025-05-08,1316.0,1327.0,1295.0,1323.0,1507978,1203557,1310.0
2025-05-09,1318.0,1329.0,1300.0,1305.0,952461,1221435,1316.0
2025-05-12,1299.0,1324.0,1285.0,1318.0,1575514,1233186,1302.0
2025-05-13,1328.0,1336.0,1287.0,1291.0,1467022,1349262,1310.0
2025-05-14,1285.0,1348.0,1282.0,1345.0,2178231,1187203,1319.0
2025-05-15,1344.0,1354.0,1322.0,1330.0,1654728,1270197,1335.0
2025-05-16,1324.0,1329.0,1289.0,1289.0,1509338,1380298,1309.0
2025-05-19,1282.0,1305.0,1272.0,1284.0,1565110,1496615,1286.0
2025-05-20,1280.0,1292.0,1271.0,1280.0,963240,1498128,1282.0
2025-05-21,1277.0,1289.0,1268.0,1288.0,928850,1465721,1279.0
2025-05-22,1284.0,1296.0,1278.0,1286.0,934285,1441125,1285.0
2025-05-23,1282.0,1289.0,1253.0,1253.0,1189627,1528480,1271.0
2025-05-26,1251.0,1271.0,1251.0,1254.0,1103183,1502342,1260.0
2025-05-27,1253.0,1259.0,1226.0,1231.0,1313560,1559061,1240.0
2025-05-28,1228.0,1236.0,1208.0,1215.0,1026244,1561375,1222.0
2025-05-29,1211.0,1222.0,1185.0,1203.0,1732743,1492636,1205.0
2025-05-30,1198.0,1213.0,1185.0,1199.0,1419938,1421701,1196.0
2025-06-03,1185.0,1190.0,1173.0,1185.0,840854,1438866,1183.0
2025-06-04,1185.0,1232.0,1185.0,1225.0,2055705,1377453,1209.0
2025-06-05,1214.0,1219.0,1187.0,1203.0,1448750,1443202,1202.0
2025-06-06,1198.0,1226.0,1198.0,1212.0,1668174,1395811,1213.0
2025-06-09,1207.0,1234.0,1195.0,1202.0,1746613,1513365,1213.0
2025-06-10,1196.0,1217.0,1189.0,1208.0,1382030,1448567,1203.0
2025-06-11,1206.0,1215.0,1190.0,1202.0,1273910,1496762,1203.0
2025-06-12,1198.0,1199.0,1171.0,1175.0,1320541,1602361,1187.0
2025-06-13,1170.0,1178.0,1154.0,1156.0,1961422,1606385,1164.0
2025-06-16,1152.0,1177.0,1151.0,1174.0,1198967,1546922,1163.0
2025-06-17,1166.0,1175.0,1154.0,1159.0,985845,1577201,1165.0
2025-06-18,1156.0,1179.0,1156.0,1170.0,1054254,1518131,1168.0
2025-06-19,1167.0,1184.0,1167.0,1176.0,954176,1495456,1176.0
2025-06-20,1174.0,1193.0,1164.0,1173.0,1464445,1468176,1177.0
2025-06-23,1170.0,1179.0,1161.0,1173.0,1055251,1484849,1168.0
2025-06-24,1169.0,1177.0,1147.0,1161.0,1505586,1569278,1165.0
2025-06-25,1158.0,1168.0,1152.0,1166.0,953401,1561404,1160.0
2025-06-26,1164.0,1180.0,1162.0,1180.0,1105212,1529195,1172.0
2025-06-27,1178.0,1205.0,1176.0,1196.0,2099577,1509488,1192.0
2025-06-30,1194.0,1219.0,1180.0,1181.0,2260354,1588825,1199.0
2025-07-01,1178.0,1180.0,1160.0,1165.0,1350466,1651335,1169.0
2025-07-02,1163.0,1211.0,1158.0,1205.0,2704156,1470452,1185.0
2025-07-03,1202.0,1208.0,1173.0,1183.0,2175716,1648012,1188.0
2025-07-04,1175.0,1201.0,1170.0,1174.0,2130672,1700208,1184.0
2025-07-07,1170.0,1177.0,1163.0,1168.0,1153042,1801178,1171.0
2025-07-08,1166.0,1188.0,1165.0,1178.0,1309543,1693895,1177.0
2025-07-09,1178.0,1198.0,1175.0,1194.0,1475079,1615142,1187.0
2025-07-10,1194.0,1244.0,1190.0,1231.0,2884749,1427562,1213.0
2025-07-11,1230.0,1242.0,1214.0,1217.0,2412036,1504722,1225.0
2025-07-14,1215.0,1245.0,1206.0,1241.0,1798019,1532366,1222.0
2025-07-15,1240.0,1247.0,1202.0,1214.0,2241494,1585049,1226.0
2025-07-16,1213.0,1221.0,1202.0,1208.0,1175788,1599050,1211.0
2025-07-17,1207.0,1228.0,1207.0,1225.0,1359320,1559642,1216.0
2025-07-18,1225.0,1241.0,1212.0,1216.0,1767658,1550466,1226.0
2025-07-21,1232.0,1309.0,1226.0,1295.0,3768310,1252579,1273.0
2025-07-22,1296.0,1375.0,1292.0,1375.0,3110138,1074610,1329.0
2025-07-23,1376.0,1394.0,1300.0,1338.0,3306814,1037320,1349.0
2025-07-24,1330.0,1457.0,1305.0,1408.0,4341970,926728,1364.0
2025-07-25,1411.0,1456.0,1405.0,1440.0,3331078,905272,1431.0
2025-07-28,1430.0,1432.0,1316.0,1316.0,3574964,951913,1367.0
2025-07-29,1318.0,1330.0,1266.0,1318.0,2389909,843601,1305.0
2025-07-30,1318.0,1369.0,1292.0,1311.0,2798812,863744,1333.0
2025-07-31,1296.0,1297.0,1228.0,1247.0,1986968,973994,1269.0
2025-08-01,1248.0,1268.0,1239.0,1256.0,1446606,921096,1254.0
2025-08-04,1261.0,1265.0,1220.0,1253.0,1145428,881160,1246.0
2025-08-05,1248.0,1286.0,1237.0,1271.0,993576,764764,1255.0
2025-08-06,1377.0,1388.0,1339.0,1370.0,1680149,938980,1363.0
2025-08-07,1370.0,1381.0,1340.0,1357.0,1722592,1000997,1360.0
2025-08-08,1357.0,1359.0,1321.0,1332.0,1420313,1068376,1336.0
2025-08-11,1326.0,1351.0,1321.0,1345.0,1574767,1125754,1338.0
2025-08-12,1345.0,1429.0,1332.0,1409.0,3235588,1153911,1388.0
2025-08-13,1408.0,1423.0,1375.0,1383.0,2490132,1217919,1405.0
2025-08-14,1370.0,1405.0,1364.0,1400.0,2379833,1282237,1387.0
2025-08-15,1405.0,1442.0,1379.0,1395.0,3900775,1409890,1408.0
2025-08-18,1398.0,1413.0,1370.0,1386.0,2509201,1398920,1394.0
2025-08-19,1388.0,1398.0,1355.0,1358.0,1779007,1428849,1378.0
2025-08-20,1358.0,1364.0,1289.0,1309.0,2970244,1365953,1320.0
2025-08-21,1314.0,1322.0,1299.0,1306.0,1274477,1383276,1312.0
2025-08-22,1304.0,1327.0,1300.0,1326.0,1288354,1372601,1314.0
2025-08-25,1328.0,1354.0,1321.0,1337.0,1963187,1386264,1335.0
2025-08-26,1336.0,1341.0,1308.0,1311.0,1291877,1399714,1327.0
2025-08-27,1312.0,1325.0,1304.0,1307.0,1101340,1400264,1314.0
2025-08-28,1308.0,1312.0,1283.0,1311.0,1483398,1384815,1297.0
2025-08-29,1316.0,1318.0,1285.0,1296.0,1259256,1444659,1298.0
2025-09-01,1296.0,1296.0,1255.0,1271.0,1529447,1428510,1270.0
2025-09-02,1271.0,1281.0,1264.0,1267.0,944932,1431428,1273.0
2025-09-03,1267.0,1289.0,1267.0,1276.0,961840,1420969,1277.0
2025-09-04,1276.0,1283.0,1256.0,1277.0,1074843,1411723,1269.0
2025-09-05,1275.0,1311.0,1268.0,1302.0,1453415,1420427,1288.0
2025-09-08,1300.0,1303.0,1273.0,1293.0,1552283,1447567,1286.0
2025-09-09,1293.0,1299.0,1273.0,1278.0,1103470,1470520,1287.0
2025-09-10,1271.0,1285.0,1252.0,1281.0,1336320,1449656,1271.0
2025-09-11,1281.0,1297.0,1275.0,1287.0,1102426,1440307,1286.0
2025-09-12,1285.0,1295.0,1271.0,1290.0,1270526,1441918,1286.0
2025-09-15,1294.0,1314.0,1283.0,1308.0,1417714,1440311,1298.0
2025-09-16,1320.0,1352.0,1318.0,1339.0,1973334,1338629,1337.0
2025-09-17,1344.0,1346.0,1324.0,1334.0,1086896,1339542,1333.0
2025-09-18,1334.0,1342.0,1297.0,1306.0,1496213,1391918,1317.0
2025-09-19,1305.0,1321.0,1301.0,1318.0,922285,1381981,1312.0
2025-09-22,1320.0,1326.0,1287.0,1293.0,1348228,1420087,1307.0
2025-09-23,1287.0,1290.0,1266.0,1273.0,1252408,1415505,1278.0
2025-09-24,1278.0,1336.0,1271.0,1307.0,2066042,1398447,1300.0
2025-09-25,1311.0,1320.0,1300.0,1315.0,1176415,1387941,1311.0
2025-09-26,1313.0,1316.0,1288.0,1293.0,1127426,1359763,1301.0
2025-09-29,1291.0,1295.0,1273.0,1278.0,956241,1307809,1284.0
2025-09-30,1276.0,1285.0,1253.0,1255.0,783278,1250366,1272.0
2025-10-09,1256.0,1268.0,1237.0,1250.0,756397,1317458,1251.0
2025-10-10,1255.0,1275.0,1233.0,1240.0,1212011,1436590,1253.0
2025-10-13,1238.0,1254.0,1224.0,1247.0,1110319,1378440,1243.0
2025-10-14,1247.0,1249.0,1218.0,1234.0,1219106,1384354,1229.0
2025-10-15,1233.0,1238.0,1222.0,1232.0,794201,1377333,1231.0
2025-10-16,1235.0,1240.0,1213.0,1235.0,1149355,1387422,1227.0
2025-10-17,1240.0,1240.0,1196.0,1209.0,1045011,1405646,1219.0
2025-10-20,1214.0,1239.0,1212.0,1219.0,1199778,1369450,1228.0
2025-10-21,1217.0,1220.0,1194.0,1210.0,992204,1391387,1207.0
2025-10-22,1211.0,1230.0,1205.0,1223.0,773292,1390463,1220.0
2025-10-23,1225.0,1242.0,1214.0,1235.0,978864,1392523,1228.0
2025-10-24,1235.0,1238.0,1220.0,1229.0,845930,1407877,1229.0
2025-10-27,1227.0,1253.0,1224.0,1246.0,1292776,1387064,1239.0
2025-10-28,1248.0,1258.0,1235.0,1239.0,926219,1387072,1245.0
2025-10-29,1236.0,1260.0,1231.0,1259.0,1203640,1355081,1249.0
2025-10-30,1257.0,1258.0,1221.0,1235.0,1235717,1332613,1242.0
2025-10-31,1235.0,1242.0,1222.0,1225.0,824645,1321166,1233.0
2025-11-03,1222.0,1229.0,1190.0,1202.0,1599801,1448010,1210.0
2025-11-04,1199.0,1202.0,1186.0,1189.0,849051,1488028,1194.0
2025-11-05,1190.0,1203.0,1188.0,1195.0,837701,1451031,1197.0
2025-11-06,1194.0,1209.0,1193.0,1207.0,730770,1419760,1201.0
2025-11-07,1209.0,1214.0,1201.0,1210.0,603881,1369998,1208.0
2025-11-10,1209.0,1230.0,1188.0,1226.0,1542782,1340230,1211.0
2025-11-11,1225.0,1238.0,1209.0,1215.0,1296721,1308272,1225.0
2025-11-12,1214.0,1225.0,1207.0,1214.0,689506,1316241,1216.0
2025-11-13,1212.0,1247.0,1205.0,1239.0,1293945,1326710,1229.0
2025-11-14,1239.0,1242.0,1220.0,1226.0,888511,1286117,1229.0
2025-11-17,1224.0,1236.0,1206.0,1231.0,1180618,1266753,1221.0
2025-11-18,1233.0,1236.0,1208.0,1214.0,921013,1263265,1220.0
2025-11-19,1213.0,1214.0,1180.0,1182.0,1379423,1345723,1193.0
2025-11-20,1184.0,1185.0,1155.0,1158.0,1245292,1330295,1169.0
2025-11-21,1170.0,1178.0,1163.0,1170.0,1001830,1310196,1171.0
2025-11-24,1167.0,1194.0,1161.0,1183.0,1088625,1252705,1176.0
2025-11-25,1182.0,1182.0,1169.0,1173.0,738801,1250396,1175.0
2025-11-26,1170.0,1181.0,1164.0,1175.0,716458,1222993,1173.0
2025-11-27,1173.0,1187.0,1169.0,1176.0,670488,1200590,1177.0
2025-11-28,1174.0,1194.0,1174.0,1177.0,868870,1180219,1182.0
2025-12-01,1175.0,1179.0,1155.0,1176.0,990508,1156882,1168.0
2025-12-02,1177.0,1191.0,1175.0,1183.0,814731,1108996,1183.0
2025-12-03,1182.0,1184.0,1156.0,1165.0,711103,1103091,1169.0
2025-12-04,1160.0,1164.0,1147.0,1162.0,668103,1066050,1155.0
2025-12-05,1158.0,1162.0,1131.0,1137.0,759888,1061023,1145.0
2025-12-08,1133.0,1152.0,1124.0,1133.0,766538,997603,1139.0
2025-12-09,1130.0,1135.0,1120.0,1125.0,524961,953689,1127.0
2025-12-10,1123.0,1126.0,1091.0,1094.0,863628,874310,1107.0
2025-12-11,1099.0,1111.0,1088.0,1103.0,667548,767777,1103.0
2025-12-12,1151.0,1155.0,1123.0,1126.0,660646,890377,1140.0
2025-12-15,1123.0,1167.0,1123.0,1156.0,936522,915836,1154.0
2025-12-16,1160.0,1176.0,1146.0,1170.0,1021602,951014,1161.0
2025-12-17,1170.0,1176.0,1158.0,1170.0,670127,963543,1168.0
2025-12-18,1173.0,1203.0,1170.0,1193.0,1117356,932468,1190.0
2025-12-19,1193.0,1193.0,1167.0,1176.0,778149,970991,1178.0
2025-12-22,1176.0,1180.0,1157.0,1169.0,768926,995047,1168.0
2025-12-23,1169.0,1180.0,1160.0,1175.0,750936,1002054,1169.0
2025-12-24,1176.0,1190.0,1165.0,1184.0,836178,999928,1178.0
2025-12-25,1183.0,1195.0,1174.0,1184.0,713289,995846,1184.0
2025-12-26,1185.0,1207.0,1171.0,1200.0,1180115,1009589,1188.0
2025-12-29,1196.0,1203.0,1176.0,1181.0,947224,1043967,1187.0
2025-12-30,1179.0,1218.0,1178.0,1213.0,1094842,1005705,1201.0
2025-12-31,1213.0,1218.0,1197.0,1209.0,780043,952613,1209.0
2026-01-05,1205.0,1206.0,1169.0,1177.0,896697,1053853,1186.0
2026-01-06,1178.0,1191.0,1172.0,1190.0,744640,1056646,1182.0
2026-01-07,1196.0,1277.0,1188.0,1271.0,2265605,1041220,1237.0
2026-01-08,1269.0,1271.0,1222.0,1239.0,2109438,1172456,1248.0
2026-01-09,1241.0,1242.0,1204.0,1228.0,1466816,1170489,1223.0
2026-01-12,1232.0,1242.0,1214.0,1239.0,1251702,1194511,1228.0
2026-01-13,1242.0,1242.0,1209.0,1212.0,1041362,1206897,1224.0
2026-01-14,1211.0,1232.0,1206.0,1222.0,1052582,1191485,1218.0
2026-01-15,1228.0,1228.0,1185.0,1193.0,1262208,1222455,1201.0
2026-01-16,1195.0,1216.0,1182.0,1192.0,1105955,1195966,1196.0
2026-01-19,1190.0,1215.0,1186.0,1192.0,1077172,1157011,1201.0
2026-01-20,1194.0,1195.0,1173.0,1177.0,779748,1153720,1182.0
2026-01-21,1175.0,1179.0,1161.0,1163.0,652780,1173371,1168.0
2026-01-22,1166.0,1185.0,1159.0,1185.0,825258,1160131,1174.0
2026-01-23,1186.0,1200.0,1178.0,1198.0,992183,1150904,1188.0
2026-01-26,1197.0,1210.0,1183.0,1205.0,1187842,1160211,1197.0
2026-01-27,1202.0,1206.0,1188.0,1194.0,784335,1163150,1194.0
2026-01-28,1190.0,1206.0,1176.0,1198.0,856802,1185982,1193.0
2026-01-29,1200.0,1225.0,1193.0,1224.0,1187979,1193382,1210.0
2026-01-30,1223.0,1230.0,1197.0,1204.0,1355253,1178508,1211.0
2026-02-02,1197.0,1235.0,1192.0,1203.0,1744299,1153944,1215.0
2026-02-03,1211.0,1215.0,1187.0,1201.0,988068,1166259,1204.0
2026-02-04,1208.0,1234.0,1201.0,1229.0,1434709,1178805,1219.0
2026-02-05,1225.0,1227.0,1201.0,1209.0,960189,1142014,1212.0
2026-02-06,1203.0,1205.0,1184.0,1190.0,912355,1149863,1193.0
2026-02-09,1186.0,1196.0,1165.0,1181.0,1050041,1163071,1181.0
2026-02-10,1181.0,1187.0,1171.0,1171.0,637749,1186285,1178.0
2026-02-11,1171.0,1184.0,1162.0,1178.0,542272,1179771,1173.0
2026-02-12,1175.0,1180.0,1157.0,1162.0,620552,1166076,1169.0
2026-02-13,1165.0,1169.0,1148.0,1150.0,548459,1098537,1162.0
2026-02-24,1161.0,1175.0,1146.0,1169.0,547836,1149433,1161.0
2026-02-25,1170.0,1193.0,1169.0,1191.0,1013445,1159378,1185.0
2026-02-26,1195.0,1195.0,1175.0,1191.0,741067,1133889,1183.0
2026-02-27,1186.0,1195.0,1176.0,1194.0,757968,1137958,1185.0
2026-03-02,1197.0,1212.0,1171.0,1188.0,1270083,1141408,1191.0
2026-03-03,1188.0,1221.0,1171.0,1218.0,1259906,1141484,1189.0
2026-03-04,1214.0,1225.0,1194.0,1203.0,1487823,1093988,1210.0
2026-03-05,1200.0,1243.0,1196.0,1225.0,1456433,1114253,1221.0
2026-03-06,1229.0,1247.0,1216.0,1242.0,1147769,1144842,1231.0
2026-03-09,1254.0,1330.0,1245.0,1276.0,3001396,1085989,1293.0
2026-03-10,1269.0,1278.0,1220.0,1235.0,1736166,1040085,1245.0
2026-03-11,1240.0,1258.0,1224.0,1255.0,1029158,1039255,1243.0
2026-03-12,1265.0,1305.0,1252.0,1256.0,1801627,989401,1273.0
2026-03-13,1262.0,1292.0,1258.0,1277.0,1156590,973843,1277.0
2026-03-16,1270.0,1275.0,1242.0,1256.0,1156521,967663,1261.0
2026-03-17,1246.0,1254.0,1231.0,1243.0,791411,964268,1243.0
2026-03-18,1242.0,1250.0,1205.0,1211.0,896361,963404,1226.0
2026-03-19,1226.0,1229.0,1204.0,1217.0,804935,944500,1217.0
2026-03-20,1212.0,1217.0,1194.0,1202.0,775438,926643,1207.0
2026-03-23,1204.0,1266.0,1198.0,1256.0,1401290,849611,1237.0
2026-03-24,1231.0,1257.0,1225.0,1240.0,970537,838523,1240.0
2026-03-25,1242.0,1257.0,1220.0,1244.0,925194,840788,1240.0
2026-03-26,1247.0,1248.0,1215.0,1225.0,727837,826947,1230.0
2026-03-27,1232.0,1239.0,1219.0,1229.0,580165,798009,1228.0
2026-03-30,1234.0,1234.0,1204.0,1207.0,735475,826819,1215.0
2026-03-31,1202.0,1206.0,1177.0,1177.0,636870,790860,1189.0
2026-04-01,1180.0,1183.0,1166.0,1167.0,546428,787089,1173.0
2026-04-02,1168.0,1176.0,1164.0,1172.0,496592,774956,1170.0
2026-04-03,1171.0,1175.0,1152.0,1155.0,447943,742717,1161.0
2026-04-07,1161.0,1164.0,1141.0,1145.0,397448,730116,1152.0
2026-04-08,1153.0,1157.0,1140.0,1149.0,453953,690158,1150.0
2026-04-09,1145.0,1153.0,1135.0,1136.0,431436,686311,1142.0
2026-04-10,1137.0,1159.0,1123.0,1146.0,643512,614224,1140.0
2026-04-13,1147.0,1163.0,1140.0,1143.0,431287,537468,1148.0
2026-04-14,1210.0,1227.0,1210.0,1220.0,386423,737080,1218.0
2026-04-15,1221.0,1230.0,1215.0,1226.0,351106,779107,1222.0
2026-04-16,1228.0,1244.0,1225.0,1241.0,644380,839622,1235.0
2026-04-17,1238.0,1248.0,1225.0,1238.0,630134,866886,1235.0
2026-04-20,1235.0,1250.0,1232.0,1247.0,638189,885710,1241.0
2026-04-21,1245.0,1257.0,1241.0,1247.0,514606,893173,1248.0
2026-04-22,1249.0,1266.0,1235.0,1266.0,787065,906714,1253.0
2026-04-23,1270.0,1272.0,1254.0,1254.0,597546,899128,1263.0
2026-04-24,1254.0,1265.0,1245.0,1247.0,470164,890710,1255.0
